id;parent_id;code;name
1;0;100000000;область Абай
2;1;101000000;Семей Г.А.
3;2;101010000;г.Семей
4;1;101800000;Курчатов Г.А.
5;4;101810000;г.Курчатов
6;1;103200000;Абайский район
7;6;103230000;Карааульский с.о.
8;7;103230100;с.Карааул
9;6;103233000;Кенгирбайбийский с.о
10;9;103233100;с.Кенгирбай би
11;10;103233127;с.Жидебай
12;6;103235000;Архатский с.о.
13;12;103235100;с.Архат
14;12;103235500;с.Орда
15;6;103239000;Каскабулакский с.о.
16;15;103239100;с.Каскабулак
17;15;103239400;с.Борлы
18;6;103243000;Кундыздинский с.о.
19;18;103243100;с.Журекадыр
20;19;103243134;с.Мендеке
21;19;103243135;с.Жанаарна
22;6;103245000;Медеуский с.о.
23;22;103245100;с.Медеу
24;6;103247000;Кокбайский с.о.
25;24;103247100;с.Кокбай
26;25;103247117;с.Баянкар
27;25;103247164;с.Рамазан
28;6;103249000;Токтамысский с.о
29;28;103249100;с.Токтамыс
30;6;103253000;Сарыжалский с.о.
31;30;103253100;с.Сарыжал
32;1;103400000;район Ақсуат
33;32;103430000;Аксуатский с.о.
34;33;103430100;с.Аксуат
35;34;103430115;с.Училище
36;32;103433000;Екпинский с.о.
37;36;103433100;с.Екпин
38;37;103433103;с.Жанатилек
39;37;103433104;с.Кызылкайын
40;37;103433106;Лагерь
41;37;103433107;с.Суттиген
42;37;103433108;Туйебаз
43;37;103433109;с.Хасен
44;37;103433111;Шифербаз
45;37;103433113;с.Читобе
46;37;103433114;с.Актас
47;37;103433115;с.Бердибай
48;37;103433116;Куйгенкора
49;37;103433117;с.Нарын
50;37;103433118;с.Акбаз-1
51;37;103433119;с.Наум
52;37;103433121;с.Акшагыл
53;37;103433122;с.Атакан
54;37;103433123;с.Барлыбай
55;37;103433124;с.Бектур
56;37;103433125;с.Бесбастау
57;37;103433126;с.Дос
58;37;103433127;с.Жалпак
59;37;103433128;с.Жанузак
60;37;103433129;с.Жумакан-1
61;37;103433131;с.Жумакан-2
62;37;103433132;с.Какебай
63;37;103433133;с.Касенгажи
64;37;103433134;с.Кармыс
65;37;103433135;с.Конакбай
66;37;103433136;с.Кызбай
67;37;103433137;с.Кунбосын
68;37;103433138;с.Зекен-1
69;37;103433139;с.Зекен-2
70;37;103433141;с.Майса
71;37;103433142;с.Манак
72;37;103433143;с.Мухаметжан
73;37;103433144;с.Нуртаза
74;37;103433145;с.Оралбай
75;37;103433146;с.Оскенбай
76;37;103433147;с.Пштахан
77;37;103433148;с.Сарбастау
78;37;103433149;с.Темиртек
79;37;103433151;с.Шонтайбек
80;36;103433200;с.Аккала
81;80;103433203;с.Байбалта
82;80;103433205;с.Шубарши
83;32;103435000;Кокжиринский с.о.
84;83;103435100;с.Кокжыра
85;83;103435200;с.Базарга
86;85;103435202;с.Алмас
87;85;103435203;с.Байкара
88;85;103435204;с.Дулагали
89;85;103435205;с.Жаскайрат
90;85;103435206;с.Жанабаз
91;85;103435207;с.Караоба
92;85;103435208;с.Кишкенетау
93;85;103435209;с.Базаршат
94;85;103435211;с.Каражал
95;83;103435500;с.Мурсалим
96;95;103435502;с.Адилхан
97;95;103435503;с.Апырым
98;95;103435504;с.Дендагул
99;95;103435505;с.Кымбат
100;95;103435506;с.Кошкин
101;95;103435507;с.Маше
102;95;103435508;с.Мырзабай
103;95;103435509;с.Орак
104;95;103435511;с.Ракыш
105;95;103435513;с.Сарыбайбосын
106;95;103435515;с.Сейсеке
107;95;103435516;с.Асемжан
108;95;103435517;с.Азимхан
109;95;103435518;с.Аксакал
110;95;103435519;с.Ахмади
111;95;103435521;с.Боранбай
112;95;103435522;с.Ермухан
113;95;103435523;с.Жоныс
114;95;103435524;с.Жумахан
115;95;103435525;с.Мазабай
116;95;103435526;с.Мухажан
117;95;103435527;с.Пима
118;95;103435528;с.Токтар
119;95;103435529;с.Шаяхмет
120;95;103435531;с.Мешел
121;95;103435532;с.Актубек
122;95;103435533;с.Акшал
123;95;103435534;с.Амре
124;95;103435535;с.Камза
125;95;103435536;с.Сарша
126;83;103435600;с.Сериктес
127;126;103435602;с.Алау
128;126;103435603;с.Молдабек
129;126;103435604;ЛСП
130;32;103437000;Киндиктинский с.о.
131;130;103437100;с.Киндикты
132;131;103437102;с.Кенжалы
133;131;103437103;с.Умбет
134;131;103437104;с.Армандастар
135;131;103437105;с.Сепкожа
136;131;103437106;с.Сарыбулак
137;131;103437107;с.Актогай
138;131;103437108;с.Арап
139;131;103437109;с.Аяган
140;131;103437111;с.Болсынбек
141;131;103437112;с.Карман
142;131;103437113;с.Марсембай
143;131;103437114;с.Шан
144;131;103437115;с.Жанабай-Жакып
145;130;103437200;с.Алгабас
146;145;103437202;с.Акжал
147;145;103437203;с.Ашудас
148;145;103437204;с.Зейнолла
149;145;103437205;с.Ораз
150;145;103437206;с.Отебай
151;145;103437207;с.Сандыктас
152;145;103437208;с.Умитхан
153;32;103439000;Кумгольский с.о.
154;153;103439100;с.Кумголь
155;154;103439103;с. Абылхаир
156;154;103439104;с.Акбаз
157;154;103439105;с.Актыбай
158;154;103439107;с.Дон
159;154;103439108;с.Иманбай
160;154;103439109;с.Кайракбай
161;154;103439111;с.Каныпхан
162;154;103439112;с.Мырзахан
163;154;103439113;с.Обши
164;154;103439114;с.Рахия
165;154;103439115;с.Саятбай
166;154;103439116;с.Уштобе
167;154;103439117;с.Шымголхан
168;154;103439118;с.Киров
169;154;103439119;с.Солтыбай
170;153;103439200;с.Кокбастау
171;170;103439202;с.Адил
172;170;103439203;с.Байшуак
173;170;103439204;с.Бахтен
174;170;103439205;с.Битимбай
175;170;103439206;с.Жанабай
176;170;103439207;с.Жыланды
177;170;103439208;с.Карче
178;170;103439209;с.Кожамжар
179;170;103439211;с.Косбастау
180;170;103439213;Кызылкора
181;170;103439217;с.Рахымбай
182;170;103439219;с.Сертекбай
183;170;103439221;с.Сункар
184;170;103439223;с.Тасбастау
185;170;103439225;с.Толениш
186;170;103439227;с.Шапат
187;170;103439228;Жакты
188;170;103439229;с.Такия кеткен
189;170;103439231;с.Плотина
190;170;103439232;с.Соркора
191;170;103439233;с.Казы
192;170;103439234;с.Егинбай
193;170;103439235;с.Садубай
194;170;103439236;с.Баянды
195;170;103439237;с.Тебиске
196;170;103439238;с.Жакып
197;170;103439239;с.Отейсуы
198;170;103439241;с.Испе
199;170;103439242;с.Ахмади
200;170;103439243;с.Коспа
201;170;103439244;с.Битембай
202;170;103439245;с.Оскан
203;170;103439246;с.Зергер
204;170;103439247;с.Каргин
205;153;103439300;с.Каргыба
206;205;103439302;с.Айдабол
207;205;103439303;с.Байкан
208;205;103439304;Жамануй
209;205;103439305;с.Ержан
210;205;103439306;с.Каратал 1
211;205;103439307;с.Каратал 2
212;205;103439308;с.Кенесбай
213;205;103439309;с.Томар
214;205;103439311;с.Шыбынды
215;205;103439313;с.Шункыроба
216;205;103439314;с.Диирмен
217;153;103439400;с.Кызылжулдыз
218;217;103439402;Огород
219;217;103439403;с.Бруцеллез
220;217;103439404;с.60 жылдык
221;217;103439405;с.Карасу
222;217;103439406;с.Тебиске
223;217;103439407;с.Тортжатыр
224;217;103439408;Шекара
225;217;103439409;с.Ержан
226;217;103439411;с.Тлебалды база
227;217;103439412;с.Кайнар база
228;217;103439413;с.Кабдеш база
229;217;103439414;с.Байкан
230;32;103441000;Кызылкесекский с.о.
231;230;103441100;с.Кызылкесек
232;231;103441105;с.Байгали
233;231;103441106;с.Бердике
234;231;103441109;с.Исатай
235;231;103441115;с.Кенесбай
236;231;103441129;с.Куан
237;230;103441200;с.Егиндибулак
238;237;103441202;с.Алак
239;237;103441203;с.Есенкара
240;237;103441204;с.Жанузак
241;237;103441205;с.Жинишке
242;237;103441206;с.Журтыбай
243;237;103441207;с.Карашаш
244;237;103441208;с.Кожаберген
245;237;103441209;с.Майлышат
246;237;103441211;с.Мойылды
247;237;103441213;с.Муздысай
248;237;103441214;с.Егиндибулак 2
249;237;103441215;с.Талдыбулак
250;237;103441217;с.Токсанбай
251;237;103441219;с.Ушкара
252;237;103441221;с.Шона
253;237;103441222;с.Шетбогас
254;237;103441223;с.Агымбай
255;237;103441224;с.Актубек
256;237;103441225;с.Арап
257;237;103441226;с.Аюбай
258;237;103441227;с.Даутбай
259;237;103441228;с.Жаркен
260;237;103441229;с.Еспе
261;237;103441231;с.Егиндибулак
262;237;103441232;с.Коктобе
263;237;103441233;с.Караагаш
264;237;103441234;с.Косылбек
265;237;103441235;с.Такас
266;237;103441236;с.Егиндибулак 2
267;237;103441237;с.Каратакыр
268;237;103441238;с.Кул
269;237;103441239;с.Мамыжан
270;237;103441241;с.Сама
271;237;103441242;с.Бакалы
272;237;103441243;с.Жумагул
273;237;103441244;с.Жылыбет
274;237;103441245;с.Байорал
275;237;103441246;с.Туйебаз
276;230;103441400;с.Уштобе
277;276;103441402;с.Амантай
278;276;103441403;с.Бакалы
279;276;103441404;с.Досымхан
280;276;103441405;с.Жангизтал
281;276;103441406;с.Караша
282;276;103441407;с.Каражал
283;276;103441408;с.Касым
284;276;103441409;с.Коскызыл
285;276;103441411;с.Койтас
286;276;103441413;с.Кызбике
287;276;103441415;с.Кызыломар
288;276;103441417;с.Кулбулагы
289;276;103441419;с.Сауле
290;276;103441421;с.Самет
291;276;103441423;с.Тауык
292;276;103441425;с.Талдыбазар
293;276;103441427;с.Хамкожан
294;276;103441429;с.Шынтемир
295;276;103441431;с.Шынтай
296;276;103441432;с.Саршокы
297;276;103441433;с.Кокия
298;276;103441434;с.Аманбай
299;276;103441435;с.Елеусиз
300;276;103441436;с.Аккудык
301;276;103441437;с.Дара
302;276;103441438;с.Алипбайали
303;276;103441439;с.Елаул
304;276;103441441;с.Байшойын
305;276;103441442;с.Акжайляу
306;276;103441443;с.Абат
307;276;103441444;с.Акбаз
308;276;103441445;с.Алшын
309;276;103441446;с.Ералы
310;276;103441447;с.Зергер
311;276;103441448;с.Итбай
312;276;103441449;с.Кабыш
313;276;103441451;с.Максим Горький
314;276;103441452;с.Молдажар
315;276;103441453;с.Лаубай
316;276;103441454;с.Сарыозек
317;276;103441455;с.Томар
318;276;103441456;с.Торебек
319;32;103443000;Ойшиликский с.о.
320;319;103443100;с.Ойшилик
321;320;103443102;с.Жыргалы
322;320;103443103;с.Коккемир
323;320;103443104;с.Конысбай
324;320;103443105;с.Ортаойшылык
325;320;103443106;с.Узынбулак
326;320;103443107;с.Ескикокемер
327;320;103443108;с.Жанакокемер
328;320;103443109;с.Жыргалы
329;320;103443111;с.Тасбастау
330;320;103443112;с.Карабастау
331;320;103443113;с.Шилебастау
332;319;103443200;с.Айнабастау
333;332;103443202;с.Жартас
334;332;103443203;с.Карасай
335;332;103443204;с.Кайранбай
336;332;103443205;с.Кыземшек
337;332;103443206;с.Суан
338;332;103443207;с.Такыр
339;332;103443208;с.Шору
340;332;103443209;с.Шилибастау
341;332;103443211;с.Шобире
342;319;103443300;с.Акжол
343;342;103443302;с.Бекбай
344;342;103443304;с.Билеуши
345;342;103443305;с.Бимырза
346;342;103443307;с.Кызылкора
347;319;103443400;с.Есим
348;347;103443402;с.Абдилда
349;347;103443403;с.Бекежан
350;347;103443406;с.Жангизтал
351;347;103443407;с.Емдеу
352;347;103443411;с.Ушкын
353;319;103443500;с.Танамырза
354;353;103443504;с.Монак
355;353;103443508;с.Шакен
356;353;103443509;с.Манак
357;319;103443600;с.Томар
358;357;103443603;с.Апар
359;357;103443604;с.Жунис
360;357;103443605;с.Кожахмет
361;357;103443606;с.Кошан
362;357;103443607;с.Нургазы
363;357;103443608;с.Тойке
364;357;103443609;с.Тымырсык
365;357;103443615;с.Шокетай
366;32;103445000;Сатпаевский с.о.
367;366;103445100;с.Сатпаев
368;367;103445102;с.Акой
369;367;103445103;с.Бесшатыр
370;367;103445104;с.Дархан
371;367;103445105;с.50 жылдык
372;367;103445106;с.Дора
373;367;103445107;с.Кусаин
374;367;103445108;с.Тортагул
375;367;103445109;с.Уса
376;367;103445111;с.Шолпай
377;367;103445113;с.Шурек 1
378;367;103445115;с.Шурек 2
379;366;103445200;с.Коктубек
380;379;103445202;с.Акоба
381;379;103445203;с.Аксиыр
382;379;103445204;с.Жалгызтал
383;379;103445205;с.Жанаш
384;379;103445206;с.Казангап
385;379;103445207;с.Камысбаз
386;379;103445208;с.им.Рахмет Тогысбаева
387;366;103445300;с.Сулутал
388;387;103445302;с.Акан
389;387;103445303;Доненбекбаз
390;387;103445304;Заготскот
391;387;103445305;с.Карим
392;387;103445306;с.Кайса
393;387;103445307;с.Оркен 1
394;387;103445308;с.Оркен 2
395;387;103445309;с.Райхан
396;387;103445311;с.Ушкудук
397;387;103445313;с.Уалхан
398;387;103445315;с.Шокан
399;32;103447000;Ыргызбайский с.о.
400;399;103447100;с.Жантикей
401;400;103447102;с.Амир
402;400;103447103;с.Актобе
403;400;103447104;с.Балпан
404;400;103447105;с.Богенбай
405;400;103447106;с.Жангизтал
406;400;103447107;с.Карашенгел
407;400;103447108;с.Мукатай
408;400;103447109;с.Ортабаз
409;400;103447111;с.Сарсенбай
410;400;103447112;с.Богас
411;400;103447113;с.Уан
412;400;103447114;с.Базар
413;400;103447115;с.Шекей
414;399;103447300;с.Кожакельды
415;414;103447302;с.Ортаоткорм
416;414;103447303;с.Ортакараоба
417;414;103447304;с.Тауык
418;414;103447305;с.УПИ 1
419;414;103447306;с.УПИ 2
420;414;103447307;с.Шекей
421;1;103600000;Аягозский район
422;421;103620000;Аягоз г.а.
423;422;103620100;г.Аягоз
424;422;103620200;с.Айгыржал
425;422;103620300;с.Егизкызыл
426;422;103620400;с.Жыланды
427;422;103620500;с.Кошкентал
428;421;103639000;Айгызский с.о.
429;428;103639100;с.Айгыз
430;429;103639102;с.Айтуар
431;429;103639103;с.Аубакир
432;429;103639104;с.Баймуса
433;429;103639105;с.Батырбай
434;429;103639106;с.Калыбай
435;429;103639107;с.Карибжан
436;429;103639108;с.Кожа
437;429;103639109;с.Кызай
438;429;103639112;с.Кызылкесек
439;429;103639113;с.Корайлы
440;429;103639114;с.Куйган
441;429;103639115;с.Майтас
442;429;103639116;с.Маусымбай
443;429;103639117;с.Мектеп
444;429;103639118;с.Сага
445;429;103639119;с.Сагындык
446;429;103639121;с.Онгар
447;429;103639122;с.Оразбай
448;429;103639123;с.Хамит
449;429;103639124;с.Шалай
450;429;103639125;Центрбаза
451;429;103639126;с.Борлы
452;428;103639300;с.Коксала
453;452;103639305;с.Балду
454;452;103639306;с.Бирген
455;452;103639307;с.Бозахан
456;452;103639308;с.Доненбай
457;452;103639309;с.Доребай
458;452;103639311;с.Жанабаз
459;452;103639312;с.Мереке
460;452;103639313;с.Молдахан
461;452;103639314;с.Мырзахан
462;452;103639315;с.Ноке
463;452;103639316;с.Нурым
464;452;103639317;с.Отырыкшы
465;452;103639318;с.Рай
466;452;103639319;с.Толенды
467;421;103641000;Актогайский с.о.
468;467;103641100;с.Актогай
469;421;103643000;Акшатауский с.о.
470;469;103643100;с.Доненбай
471;470;103643102;с.Айнабудак
472;470;103643104;с.Кызыалдар
473;470;103643105;с.Мустафа
474;470;103643106;с.Тынышби
475;470;103643107;с.Колгутты
476;470;103643108;с.Абутолла
477;470;103643109;с.Жартыбай
478;469;103643200;с.Акклет
479;478;103643202;с.Актай
480;478;103643203;с.Байсултан
481;478;103643204;с.Балпош
482;421;103645000;Акшаулинский с.о.
483;482;103645100;с.Акшаули
484;482;103645300;с.Карабулак
485;421;103647000;Акшийский с.о.
486;485;103647100;с.Акши
487;486;103647102;с.Али
488;486;103647103;с.Егендыбулак
489;486;103647104;с.Ескисынтас
490;486;103647105;с.Жанасынтас
491;486;103647106;с.Канапья
492;486;103647107;с.Кокашы
493;486;103647108;с.Кызылбастау
494;486;103647109;с.Омирбай
495;485;103647200;с.Актубек
496;495;103647202;с.Актас
497;495;103647203;с.Алтуайт
498;495;103647204;с.Иргебай
499;495;103647205;с.Карашокы
500;495;103647206;с.Суйекбай
501;495;103647207;с.Туякбай
502;421;103649000;Байкошкарский с.о.
503;502;103649100;с.Байкошкар
504;503;103649103;с.Аккайын
505;503;103649105;с.Актан
506;503;103649127;с.Кенсуат
507;503;103649129;с.Нурдос
508;503;103649131;с.Айдос
509;503;103649133;с.Айдос 1
510;503;103649135;с.Сырым
511;503;103649137;с.Жакен
512;503;103649139;с.Алнур
513;503;103649141;с.Куат
514;503;103649143;с.Даулет
515;503;103649145;с.Нуржан
516;503;103649147;с.Рауан
517;503;103649149;с.Ушозен
518;503;103649151;с.Ермек
519;503;103649153;с.Динар
520;503;103649155;с.Айбол
521;421;103651000;Баршатасский с.о.
522;521;103651100;с.Баршатас
523;421;103653000;Бидайыкский с.о.
524;523;103653100;с.Бидайык
525;524;103653102;с.Акни
526;524;103653103;с.Абдресин
527;524;103653104;с.Сатай
528;524;103653106;с.Шаграй
529;524;103653107;с.Жалын
530;524;103653108;с.Жатакбет
531;524;103653111;Заготскот
532;524;103653112;с.Мартын
533;524;103653115;с.Карагаш
534;524;103653116;с.Каразат
535;524;103653117;с.Кенжекара
536;524;103653119;с.Куралай
537;524;103653123;с.Косбейт
538;524;103653125;с.Коктем
539;524;103653129;с.Косагаш
540;524;103653137;с.Саябай
541;421;103655000;Емелтауский с.о.
542;541;103655100;с.Емелтау
543;421;103659000;Карагашский с.о.
544;543;103659100;с.Караагаш
545;544;103659103;с.Атубек
546;544;103659108;с.Кырма
547;544;103659115;отяр 1
548;544;103659116;отяр 2
549;544;103659117;отяр 3
550;544;103659121;с.Сорели 1
551;544;103659122;с.Сорели 2
552;543;103659300;с.Каражал
553;552;103659307;с.Ерикара
554;552;103659311;с.Сарашокы
555;552;103659321;с.Ушкарасу
556;421;103661000;Копинский с.о.
557;556;103661100;с.Копа
558;557;103661102;с.Карасу
559;556;103661200;с.Каракум
560;421;103663000;Косагашский с.о.
561;560;103663100;с.Косагаш
562;561;103663106;с.Акышбай
563;561;103663109;с.Желдыбай
564;561;103663112;с.Егиндыбулак
565;561;103663116;с.Карабулак
566;561;103663125;с.Кусак
567;561;103663129;с.Сымтас
568;561;103663131;с.Сарымолла
569;561;103663139;с.Шет
570;421;103665000;Мадениетский с.о.
571;570;103665100;с.Мадениет
572;571;103665104;с.Арай
573;571;103665109;с.Даулет
574;571;103665115;с.Коль
575;571;103665121;с.Коянды
576;571;103665125;с.Суарлы
577;571;103665127;с.Сункар
578;571;103665129;с.Талдыбулак
579;571;103665141;с.Жандос
580;571;103665143;с.Карабужыр
581;571;103665145;с.Кызылкайнар
582;571;103665147;с.Кишикоктал
583;571;103665149;с.Жаркымбай
584;571;103665151;с.Кабыргатал
585;571;103665152;с.Коктал
586;421;103667000;Майлинский с.о.
587;586;103667100;с.Майлино
588;587;103667102;с.Барак
589;587;103667103;с.Жыланды
590;587;103667104;с.Ибагар
591;587;103667106;с.Кансейт
592;587;103667107;с.Каскасу
593;587;103667108;с.Коксу
594;587;103667109;с.Текежан
595;587;103667112;с.Медетжан
596;587;103667114;с.Каражартас
597;587;103667115;с.Уйтас
598;587;103667116;с.Карабулак
599;587;103667117;с.Топар
600;587;103667118;с.Токтар
601;587;103667121;с.Тоскара 1
602;587;103667122;с.Тоскара 2
603;586;103667300;с.Старое Майлино
604;586;103667700;рзд.18 км
605;421;103669000;Малгельдинский с.о.
606;605;103669100;с.Корык
607;606;103669113;с.Ешке
608;606;103669129;с.Каугай
609;606;103669135;с.Кусмурын
610;606;103669137;с.Кур
611;606;103669161;с.Самал
612;606;103669163;3 ферма
613;606;103669165;с.Масакбай
614;606;103669167;с.Жайна
615;606;103669169;с.Комет
616;606;103669171;1 ферма
617;606;103669172;с.Жорга
618;606;103669173;с.Коскуман
619;606;103669174;с.Нурбай
620;421;103671000;Мынбулакский с.о.
621;620;103671100;с.Ай
622;621;103671103;с.Айка
623;621;103671111;с.Каскырбай 1
624;621;103671112;с.Каскырбай 2
625;621;103671113;с.Каскырбай 3
626;621;103671114;с.Кызылкайнар
627;620;103671200;с.Актас
628;627;103671205;с.Карабай
629;627;103671206;с.Колгалы
630;620;103671300;с.Ескенебулагы
631;630;103671304;3 гурт
632;630;103671305;с.Каржартас
633;630;103671306;с.Мынбулак
634;630;103671307;3 точка
635;630;103671309;с.Шакирти
636;620;103671400;с.Желдыкара
637;636;103671403;с.Акбастау
638;636;103671405;с.Казанкемпир
639;620;103671500;с.Кенколат
640;639;103671505;с.Жаманак
641;639;103671506;с.Каинды
642;639;103671507;с.Кызылшокы
643;639;103671508;с.Токбай
644;639;103671509;с.Томала
645;421;103673000;Нарынский с.о.
646;645;103673100;с.Шынкожа
647;646;103673105;Бетонбаз
648;646;103673106;с.Карааул
649;646;103673107;Дом чабана
650;646;103673108;с.Толенды
651;646;103673109;с.Ботабай
652;646;103673111;Дом чабана
653;421;103675000;Оркенский с.о.
654;653;103675100;с.Оркен
655;654;103675103;с.Акши
656;654;103675105;с.Дос канат
657;654;103675107;с.Жалгыстал
658;654;103675108;с.Жас клен
659;654;103675109;с.Жасталап
660;654;103675111;с.Жигер
661;654;103675112;с.Каражиде
662;654;103675113;с.Косай
663;654;103675114;с.Кулакмет
664;654;103675115;с.Курманбай
665;654;103675116;с.Ортакон
666;654;103675117;с.Райымкан
667;654;103675118;с.Сеиткан
668;654;103675119;с.Тасбау
669;654;103675121;с.Тлемис
670;654;103675122;с.Тугыл
671;654;103675123;с.Турлубек
672;421;103679000;Сарыаркинский с.о.
673;672;103679100;с.Сарыарка
674;673;103679105;с.Бельтума
675;673;103679106;с.Шубартос
676;672;103679200;с.Биесимас
677;676;103679203;с.Актас
678;421;103681000;Мамырсуский с.о.
679;678;103681100;с.Мамырсу
680;679;103681102;с.Абдрахман
681;679;103681103;с.Алпысатар
682;679;103681104;с.Алтынай
683;679;103681106;Депо
684;679;103681107;с.Жалгызкайын
685;679;103681108;с.Жагыпар
686;679;103681111;с.Амангазы
687;679;103681112;с.Каражал
688;679;103681113;с.Карашока
689;679;103681114;с.Когилдир
690;679;103681115;с.Коктерек
691;679;103681116;с.Комсомол
692;679;103681117;с.Копалы
693;679;103681118;с.Копирбулак
694;679;103681119;Лагерь
695;679;103681121;с.Матвей
696;679;103681141;с.Жумагул
697;678;103681200;с.Батпак
698;697;103681215;с.Сарыозек
699;678;103681300;с.Бозай
700;421;103685000;Тарлаулинский с.о.
701;700;103685100;с.Тарлаулы
702;701;103685102;с.Акший
703;701;103685103;с.Ажирык
704;701;103685105;с.Козы-Корпеш
705;700;103685200;ст.Акбулак
706;700;103685400;ст.Жузагаш
707;700;103685700;ст.Тансык
708;421;103687000;Тарбагатайский с.о
709;708;103687100;с.Тарбагатай
710;709;103687102;с.Абдразак 1
711;709;103687103;с.Акбаз
712;709;103687104;с.Акбастау
713;709;103687105;с.Боз
714;709;103687106;с.Бокас
715;709;103687107;с.Бостанбай
716;709;103687108;с.Жакула
717;709;103687109;с.Жангелды
718;709;103687111;с.Караой
719;709;103687112;с.Карасу
720;709;103687113;с.Корпеш
721;709;103687114;с.Коккия
722;709;103687115;с.Кызылкора
723;709;103687116;с.Макажан
724;709;103687117;с.Мынбулак
725;709;103687118;с.Оянбирлик
726;709;103687119;с.Пушбакбай
727;709;103687121;с.Райбай
728;709;103687122;с.Сангру
729;709;103687123;с.Сиыркара
730;709;103687124;с.Сыдык
731;709;103687125;с.Таркезен
732;709;103687126;с.Турар 2
733;709;103687127;с.Умбетей
734;709;103687128;с.Хабин
735;709;103687129;с.Шленбай
736;709;103687131;с.Абден
737;709;103687132;с.Абдан
738;709;103687133;с.Текбулак
739;708;103687400;с.Малтугел
740;739;103687402;с.Абдразак 2
741;739;103687403;с.Абсеит
742;739;103687404;с.Айнабай
743;739;103687405;с.Исабек
744;739;103687406;с.Молдабай
745;739;103687407;с.Назарбай
746;739;103687408;с.Омирбай
747;739;103687409;с.Сампай
748;739;103687411;с.Серкебай
749;1;103800000;Бескарагайский район
750;749;103830000;Бескарагайский с.о.
751;750;103830100;с.Бескарагай
752;749;103833000;Баскольский с.о.
753;752;103833100;с.Карагайлы
754;752;103833200;с.Башкуль
755;754;103833202;с.Базарколь
756;754;103833203;с.Кермекдальн
757;754;103833204;с.Сарыкамыс 2
758;754;103833205;с.Сарыкамыс 3
759;752;103833300;с.Букебай
760;749;103835000;Бегенский с.о.
761;760;103835100;с.Бегень
762;761;103835103;с.Жандос
763;761;103835105;Жив.т.Босшилик
764;760;103835200;Бегенский лесхоз
765;749;103837000;Глуховский с.о.
766;765;103837100;с.Глуховка
767;765;103837300;с.Белокаменка
768;765;103837400;с.Бирлик
769;765;103837600;с.Старая Крепость
770;769;103837603;Спортивная база Елимай
771;769;103837605;Лагерь Лесная Поляна
772;765;103837700;с.Стеклянка
773;749;103841000;Долонский с.о.
774;773;103841100;с.Долонь
775;774;103841102;Восточный лесхоз
776;774;103841103;Поселок ХПП
777;773;103841200;с.Бодене
778;777;103841202;Жив.точка Алга
779;777;103841203;Жив.точка Бланка
780;777;103841204;Жив.точка Жанакум
781;777;103841205;Жив.точка Коль
782;777;103841206;Жив.точка Окунь
783;777;103841207;Жив.точка Таскудык
784;777;103841208;Жив.точка Сольпром
785;773;103841300;с.Мостик
786;773;103841400;с.Черемушка
787;786;103841403;Жив.точка Новая база
788;749;103843000;Канонерский с.о.
789;788;103843100;с.Канонерка
790;789;103843102;с.Карабаш
791;788;103843200;с.Карамырза
792;788;103843300;с.Джыланды
793;749;103845000;Маловладимировский с.о.
794;793;103845100;с.Малая Владимировка
795;794;103845102;Кордон Рамадан
796;793;103845200;с.Бозтал
797;749;103847000;Карабасский с.о.
798;797;103847100;с.Карабас
799;798;103847102;с.Донгулек
800;798;103847103;с.Теректи
801;798;103847104;Семеновский лесхоз
802;797;103847200;с.Ондирис
803;749;103849000;Жетижарский с.о.
804;803;103849100;с.Жетижар
805;804;103849102;с.Байбура
806;804;103849103;с.Кожахмет
807;804;103849104;с.Нурбай
808;804;103849105;с.Шамар
809;803;103849200;с.Кривинка
810;809;103849202;с.Куланшы
811;809;103849203;с.Миялы 1
812;809;103849204;с.Миялы 2
813;809;103849205;с.Таракты
814;809;103849206;с.Чиликтыколь
815;803;103849300;с.Лесное
816;815;103849302;с.Алтыбай
817;815;103849303;с.Грачи
818;815;103849304;с.Муздыкудык
819;815;103849305;с.Мукатай
820;815;103849306;с.Целинный
821;815;103849307;с.Чумычкино
822;749;103851000;Ерназаровский с.о.
823;822;103851100;с.Ерназар
824;823;103851102;с.Полянка
825;822;103851200;с.Коянбай
826;822;103851300;Морозовский лесхоз
827;1;104000000;Бородулихинский район
828;827;104030000;Бородулихинский с.о.
829;828;104030100;с.Бородулиха
830;828;104030200;с.Барышовка
831;828;104030300;с.Знаменка
832;828;104030400;с.Поднебесное
833;828;104030600;с.Успенка
834;827;104033000;Андреевский с.о.
835;834;104033100;с.Михайличенково
836;835;104033102;с.Петроградское
837;827;104035000;Бель-Агачский с.о.
838;837;104035100;с.Бель-Агач
839;837;104035400;с.Бековка
840;839;104035403;с.Бек-Карьер
841;837;104035600;рзд.Дюсакен
842;837;104035700;с.Зенковка
843;842;104035702;с.Умурзак
844;837;104035800;рзд.41
845;827;104037000;Бакинский с.о.
846;845;104037100;с.Коростели
847;846;104037104;с.Тарск
848;845;104037200;ст.Аул
849;827;104043000;Дмитриевский с.о.
850;849;104043100;с.Дмитриевка
851;849;104043200;с.Боровое
852;827;104045000;Жезкентский с.о.
853;852;104045100;с.Жезкент
854;827;104047000;Жерновский с.о.
855;854;104047100;с.Жерновка
856;854;104047300;с.Боровлянка
857;854;104047500;с.Поллог
858;827;104049000;Зубаировский с.о.
859;858;104049100;с.Зубаир
860;858;104049200;с.Байтанат
861;858;104049300;с.Жанаауыл
862;827;104051000;Красноярский с.о.
863;862;104051100;с.Красный Яр
864;862;104051200;с.Речное
865;862;104051300;с.Уба-Форпост
866;865;104051302;с.Девятка
867;827;104055000;Кунарлинский с.о.
868;867;104055100;с.Песчанка
869;868;104055102;с.Мурзово
870;867;104055400;с.Жарбұлақ
871;870;104055401;с.Алексеевка
872;870;104055402;с.Ново-Васильевка
873;827;104057000;Новодворовский с.о.
874;873;104057100;с.Ивановка
875;873;104057200;Подхоз Березовка
876;873;104057300;Санаторий Березовка
877;873;104057500;с.Сосновка
878;827;104059000;Новопокровский с.о.
879;878;104059100;с.Новопокровка
880;878;104059200;с.Карагайлы
881;878;104059300;с.Сарногай
882;827;104061000;Новошульбинский с.о.
883;882;104061100;с.Новая Шульба
884;883;104061102;с.Потапенково
885;882;104061400;с.Ақши
886;882;104061600;с.Солоновка
887;886;104061602;с.Ключики
888;827;104063000;Переменовский с.о.
889;888;104063100;с.Переменовка
890;888;104063200;с.Андроновка
891;888;104063300;с.Орловка
892;888;104063400;с.Ремки
893;827;104065000;Петропавловский с.о.
894;893;104065100;с.Петропавловка
895;894;104065102;с.Воскресеновка
896;893;104065300;с.Изатулла
897;896;104065303;с.Мещанка
898;827;104067000;Подборный с.о.
899;898;104067100;с.Камышенка
900;898;104067200;с.Михайловка
901;900;104067203;с.Жақсылық
902;827;104069000;Степной с.о.
903;902;104069100;с.Шелехово
904;903;104069102;с.Троицкое
905;902;104069300;с.Орловка
906;905;104069303;с.Қызылтай
907;827;104071000;Таврический с.о.
908;907;104071100;с.Буркотово
909;908;104071102;с.Богомолово
910;908;104071104;с.Кондратьевка
911;907;104071400;с.Сохновка
912;1;104100000;район Жаңасемей
913;912;104133000;Абралинский с.о.
914;913;104133100;с.Абралы
915;914;104133102;с.Акшабай
916;914;104133103;с.Алсай
917;914;104133104;с.Бастуйык
918;914;104133105;с.Жорабай
919;914;104133106;с.Кенжебек
920;914;104133107;с.Кабаш
921;914;104133108;с.Каракудык
922;914;104133109;с.Кожымбек
923;914;104133111;с.Конырша
924;914;104133112;с.Косшокы
925;914;104133113;с.Курманбай
926;914;104133114;с.Кызылтас
927;914;104133115;с.Маужан
928;914;104133116;с.Орал
929;914;104133117;с.Оспанкул
930;914;104133118;с.Серикбай
931;914;104133119;с.Танбалы
932;914;104133121;с.Табеке
933;914;104133123;с.Тобылгылы
934;914;104133125;с.Тогизбай
935;914;104133126;с.Шарип
936;914;104133127;с.Омар
937;914;104133128;с.Байзак
938;914;104133129;с.Маутан 2
939;914;104133131;с.Санкы
940;914;104133132;с.Керегетас
941;914;104133133;с.Акбастау
942;914;104133134;с.Каугабай
943;914;104133135;с.Санкы 2
944;914;104133136;с.Айбас
945;914;104133137;с.Каракудык
946;912;104135000;Айнабулакский с.о.
947;946;104135100;с.Айнабулак
948;947;104135102;зимовка Жанабаз
949;947;104135103;зимовка Касымбек
950;947;104135104;зимовка Карабужыр
951;947;104135105;зимовка Карашокы 2
952;947;104135106;зимовка Карашокы 4
953;947;104135107;зимовка Кызыл
954;947;104135108;зимовка Курманали
955;947;104135109;зимовка Сункар
956;947;104135111;зимовка Тасбаскан
957;946;104135200;с.Самай
958;912;104137000;Акбулакский с.о.
959;958;104137100;с.Акбулак
960;959;104137102;с.Аубакир
961;959;104137103;с.Аршалы
962;959;104137104;с.Ахан
963;959;104137105;с.Балтабек
964;959;104137106;с.Байсары
965;959;104137107;с.Кажы
966;959;104137108;с.Конырат
967;959;104137109;с.Кожкей
968;959;104137113;с.Салак 1
969;959;104137123;с.Темеш
970;959;104137125;с.Торе
971;959;104137127;с.Тушыкудык
972;959;104137129;с.Укилишат
973;959;104137131;с.Социалистик Казахстан
974;959;104137132;с.Азимбай
975;959;104137133;с.Аккора 2
976;959;104137134;с.Алтыуакыт
977;959;104137135;с.Аршабай
978;959;104137136;с.Арем 2
979;959;104137137;с.Баспак
980;959;104137138;с.Кайынды
981;959;104137139;с.Каражал
982;959;104137141;с.Каражал 1
983;959;104137142;с.Керегетас
984;959;104137143;с.Кызылшокы 1
985;959;104137144;с.Сарыбулак
986;959;104137145;с.Тезекбай
987;958;104137200;с.Танат
988;912;104139000;Алгабасский с.о.
989;988;104139100;с.Алгабас
990;989;104139106;с.Кулжабас
991;989;104139109;с.Кииккашкан
992;989;104139111;с.Жал
993;989;104139112;с.Тогым
994;989;104139113;с.Кызылжал
995;989;104139115;с.Айдабол
996;989;104139116;с.Найманбай
997;912;104143000;Достыкский с.о.
998;997;104143100;с.Чекоман
999;997;104143200;с.Достык
1000;999;104143203;уч.Талды
1001;912;104145000;Иртышский с.о.
1002;1001;104145100;с.Мукур
1003;1001;104145200;с.Мурат
1004;1003;104145203;уч.Ново-Чайковка
1005;1003;104145205;рзд.16
1006;1003;104145207;рзд.22
1007;1001;104145300;с.Прииртышское
1008;1007;104145303;с.Жалпак
1009;1007;104145305;с.Кенжебай
1010;1007;104145307;с.им.Крупской
1011;912;104149000;Жиеналинский с.о
1012;1011;104149100;с.Букенчи
1013;1012;104149103;уч.Байгазы
1014;1012;104149104;уч.Жасбулек
1015;1012;104149105;уч.Карабас
1016;1012;104149109;с.Ушаша
1017;1011;104149200;с.Маралды
1018;1017;104149202;уч.Аргынбай
1019;1017;104149205;уч.Мойылдыбулак
1020;1017;104149206;уч.Смаил
1021;1017;104149208;с.Ерлан
1022;1017;104149209;с.Айнабулак
1023;1017;104149211;с.Айкали
1024;1017;104149212;с.Жулдыз
1025;1017;104149213;с.Арна
1026;1017;104149214;с.Балауса
1027;1017;104149215;с.Загитов
1028;1017;104149216;с.Жанибек
1029;1017;104149217;с.Турым
1030;1017;104149218;с.Еркебулан
1031;1017;104149219;с.Болашак
1032;912;104151000;Кокентауский с.о.
1033;1032;104151100;с.Кокентау
1034;1033;104151103;уч.Жалын
1035;1033;104151106;с.Суык булак 2
1036;1033;104151107;уч.Уштаган
1037;1033;104151108;с.Красная Юрта
1038;1033;104151109;уч.Аубакир
1039;1033;104151111;уч.Акзам
1040;1033;104151112;уч.Бидайык
1041;1033;104151113;уч.Босага
1042;1033;104151114;уч.Исахан
1043;1033;104151115;уч.Каратобе
1044;1033;104151116;уч.Кызылкия
1045;1033;104151117;уч.Куандык
1046;1033;104151118;уч.Новая база
1047;1033;104151119;уч.Репинка
1048;1033;104151121;уч.Сарша
1049;1033;104151122;уч.Чкалов
1050;1032;104151200;с.Кыземшек
1051;1050;104151202;уч.Атей
1052;1050;104151203;уч.Арап
1053;1050;104151204;уч.Беляш
1054;1050;104151206;уч.Коксу
1055;1050;104151207;уч.Кайынды
1056;1050;104151208;уч.Карасай
1057;1050;104151209;уч.Кулибай
1058;1050;104151211;уч.Мукырбулак
1059;1050;104151213;уч.Сарыбулак
1060;1050;104151215;уч.Семейтау
1061;1050;104151217;уч.Суыкбулак
1062;1050;104151219;уч.17 тысяч
1063;1050;104151221;уч.Унай
1064;1050;104151223;уч.Шеткызыл
1065;1050;104151225;уч.Шолагасу
1066;1050;104151226;с.Семейтау 2
1067;1050;104151227;с.Семейтау 3
1068;1050;104151228;с.Кенжебай
1069;1050;104151229;с.Насипбек
1070;1050;104151231;с.Кошкарбай
1071;1050;104151232;с.Огиз Олген
1072;1050;104151233;с.Актас
1073;1050;104151234;с.Асемхан
1074;1050;104151239;с.Чкалов 2
1075;1050;104151243;с.Мамайкол
1076;1050;104151245;с.Сынтас
1077;1032;104151500;с.Жазык
1078;1077;104151503;с.Актас
1079;1077;104151504;с.Алтыапан
1080;1077;104151505;с.Аргымбай
1081;1077;104151508;с.Березка
1082;1077;104151509;с.Водокачка
1083;1077;104151511;с.Егинши
1084;1077;104151512;с.Ербала
1085;1077;104151513;уч.Жанан
1086;1077;104151514;с.Жырык 1
1087;1077;104151515;с.Жырык 2
1088;1077;104151516;с.Заветы Ильича
1089;1077;104151517;с.Куйгенкудык
1090;1077;104151518;с.Караганды
1091;1077;104151519;с.Каракемпир
1092;1077;104151521;с.Карасенгир
1093;1077;104151522;с.Кызылтан
1094;1077;104151523;с.Обалы
1095;1077;104151524;с.Сарапан
1096;1077;104151525;с.Сарыкемпир
1097;1077;104151526;уч.Торайгыр
1098;1077;104151528;с.Усен
1099;1077;104151532;с.Юбилейный
1100;912;104153000;Новобаженовский с.о.
1101;1100;104153100;с.Новобаженово
1102;1100;104153200;с.Баженово
1103;1100;104153300;с.Булак
1104;1103;104153303;с.Киякты
1105;1103;104153305;с.Талдыкорган
1106;1100;104153400;с.Климентьевка
1107;912;104155000;Карауленский с.о.
1108;1107;104155100;с.Кайнар
1109;1108;104155102;с.Айнашолак
1110;1108;104155103;с.Байсейіт
1111;1108;104155104;с.Бассакал
1112;1108;104155105;с.Кабанбай
1113;1108;104155106;с.Кабакши 1
1114;1108;104155107;с.Кабакши 2
1115;1108;104155108;с.Мазакбай
1116;1108;104155109;с.Маремик 1
1117;1108;104155111;с.Маремик 2
1118;1108;104155113;с.Мастекбай
1119;1108;104155114;с.Караолен
1120;912;104157000;Озерский с.о.
1121;1120;104157100;с.Озерки
1122;1121;104157103;с.Каштак
1123;1121;104157105;Каштакское лесхоз
1124;1121;104157107;с.Малая Актобе
1125;1120;104157200;с.Караколь
1126;1125;104157203;с.Балтатарак
1127;1120;104157300;с.Половинка
1128;1127;104157303;с.Типкаши
1129;1120;104157400;с.Талица
1130;912;104159000;Приречный с.о.
1131;1130;104159100;с.Приречное
1132;1131;104159103;рзд.1
1133;1130;104159200;с.Гранитное
1134;1133;104159203;с.Жура
1135;1130;104159300;с.Жаркын
1136;1130;104159400;с.Муздыбай
1137;1136;104159403;с.Культобе
1138;1130;104159500;с.Шоптыгак
1139;912;104163000;Чаганская п.а.
1140;1139;104163100;п.Чаган
1141;912;104165000;Шульбинская п.а.
1142;1141;104165100;п.Шульбинск
1143;1;104200000;Жарминский район
1144;1143;104221000;Шарская г.а.
1145;1144;104221100;г.Шар
1146;1144;104221300;с.Кезенсу
1147;1146;104221302;с.Акбастау
1148;1146;104221303;с.Аккудук
1149;1146;104221304;с.Атыгай
1150;1146;104221305;с.Аякжыра
1151;1146;104221306;с.Ауганбай
1152;1146;104221307;с.Кызылшокы
1153;1146;104221308;с.Муздыбай
1154;1146;104221309;с.Сахай
1155;1146;104221311;с.Темирбек
1156;1146;104221313;с.Шакей
1157;1146;104221314;с.Еспе
1158;1146;104221315;рзд.6
1159;1144;104221400;с.Кошек
1160;1159;104221405;с.Караш
1161;1144;104221700;с.Сарыарка
1162;1144;104221900;с.Суырлы
1163;1143;104230000;Калбатауский с.о.
1164;1163;104230100;с.Калбатау
1165;1164;104230102;с.Кесикпай
1166;1164;104230103;с.Камышитовая
1167;1164;104230104;ЛТО
1168;1164;104230105;с.Никитенка
1169;1164;104230106;Огород
1170;1164;104230107;Бригада 1 Табор
1171;1164;104230108;с.Корукшар
1172;1164;104230109;с.Орумбай
1173;1164;104230111;с.Арасан
1174;1164;104230112;с.Доран
1175;1164;104230113;с.Жолан
1176;1164;104230114;с.Новая
1177;1164;104230115;с.Озерный
1178;1164;104230116;с.Бурлыагаш
1179;1164;104230117;точка 1
1180;1164;104230118;точка 2
1181;1164;104230119;с.Юбилейная
1182;1163;104230400;с.Батыр Капай
1183;1163;104230800;с.Ортабулак
1184;1183;104230803;с.Боршабулак
1185;1183;104230804;уч.Алайгыр
1186;1143;104233000;Акжальский с.о.
1187;1186;104233100;с.Жанаозен
1188;1187;104233102;с.Бельдеу
1189;1187;104233103;с.Токтакушик
1190;1187;104233106;с.Женишке
1191;1186;104233300;с.Акжал
1192;1191;104233302;с.Боке
1193;1143;104235000;Ауэзовский с.о.
1194;1193;104235100;с.Ауэзов
1195;1193;104235200;с.Солнечное
1196;1143;104237000;Бельтерекский с.о.
1197;1196;104237100;с.Белтерек
1198;1197;104237102;уч.Абжан
1199;1197;104237103;уч.Баулык
1200;1197;104237104;уч.Жагипар
1201;1197;104237105;уч.Карибай
1202;1197;104237106;уч.Каратас
1203;1197;104237107;уч.Кырка
1204;1197;104237108;уч.Орумбай
1205;1197;104237109;уч.Сарыолен
1206;1197;104237111;уч.Сылдырбай
1207;1197;104237112;с.Карашокы
1208;1197;104237113;уч.Айбас
1209;1197;104237114;уч.Иман
1210;1197;104237115;уч.Кабанбай
1211;1197;104237116;уч.Шошкалы
1212;1197;104237117;уч.Шуак
1213;1197;104237118;уч.Карабие
1214;1196;104237200;с.Балыктыколь
1215;1196;104237400;с.8 Марта
1216;1215;104237402;уч.Айнабулак
1217;1215;104237403;уч.Алтыбай
1218;1215;104237404;уч.Аяккол
1219;1215;104237405;уч.Кокен
1220;1215;104237406;уч.Караш
1221;1215;104237407;уч.Колбулак
1222;1215;104237408;уч.Кызылкайнар
1223;1215;104237409;уч.Нагол
1224;1215;104237411;уч.Рами
1225;1215;104237413;уч.Танеке
1226;1143;104239000;Божегурский с.о.
1227;1226;104239100;с.Салкынтобе
1228;1226;104239200;с.Каражал
1229;1226;104239300;с.Укили
1230;1143;104245000;Бирликский с.о.
1231;1230;104245100;с.Бирлик
1232;1231;104245102;с.Амангельды
1233;1231;104245107;с.Каракожа
1234;1143;104247000;Бирликшильский с.о.
1235;1234;104247100;с.Сулусары
1236;1235;104247103;с.Енбекту
1237;1235;104247105;с.Юбилейная
1238;1235;104247107;с.Казан-чункур
1239;1235;104247108;с.Койтас
1240;1235;104247109;с.Койтас 1
1241;1235;104247111;с.Нургали
1242;1234;104247500;с.Шымылдык
1243;1242;104247503;с.Акбиик
1244;1242;104247505;с.Уаихан
1245;1143;104257000;Жангизтобинский с.о.
1246;1245;104257100;с.Жангизтобе
1247;1246;104257105;рзд.9 км
1248;1245;104257300;рзд.10 км
1249;1245;104257400;с.Шуак
1250;1143;104263000;Жарминский с.о.
1251;1250;104263100;с.Жарма
1252;1251;104263104;рзд.15 км
1253;1251;104263105;рзд.16 км
1254;1250;104263200;с.Каракойтас
1255;1143;104265000;Жарыкский с.о.
1256;1255;104265100;с.Жарык
1257;1256;104265102;точка Аргынбай
1258;1256;104265103;точка Комсомол
1259;1256;104265104;точка Кайран
1260;1256;104265105;точка Карасу
1261;1256;104265107;точка Подхоз
1262;1256;104265109;точка Куланбай
1263;1256;104265113;точка Туркан
1264;1256;104265114;с.Кызылкайын
1265;1256;104265115;точка Акбаз
1266;1255;104265300;с.Малай
1267;1266;104265302;точка Бесбаз
1268;1266;104265303;точка Едильбай
1269;1266;104265304;точка Сарыоба
1270;1266;104265305;точка Уйтас
1271;1143;104273000;Аршалинский с.о.
1272;1271;104273100;с.Аршалы
1273;1272;104273102;с.Петровка
1274;1272;104273103;с.Суыкбулак
1275;1272;104273104;с.Тума
1276;1272;104273105;с.Турксиб
1277;1271;104273200;с.Жарыктас
1278;1277;104273202;с.Акай
1279;1277;104273203;с.Акпай
1280;1277;104273204;с.Жалпакбас
1281;1277;104273205;с.Иманбай
1282;1277;104273206;с.Карашокы
1283;1277;104273207;с.Косбулак
1284;1277;104273208;с.Кызылкаска
1285;1277;104273209;с.Куттымбет
1286;1277;104273211;с.Сарыбужур
1287;1277;104273213;с.Сункар
1288;1277;104273215;с.Шылтан
1289;1143;104275000;Капанбулакский с.о.
1290;1289;104275100;с.Капанбулак
1291;1290;104275103;с.Нарбота
1292;1290;104275105;с.Первомайское
1293;1290;104275107;рзд.12 км
1294;1290;104275108;рзд.14 км
1295;1289;104275200;с.Балыктыколь
1296;1289;104275300;с.Егинбулак
1297;1296;104275302;с.Акажан
1298;1296;104275303;с.Аккора
1299;1296;104275304;с.Бердикожа
1300;1296;104275305;с.Разин
1301;1289;104275400;ст.Капанбулак
1302;1289;104275500;с.Төлеуғали Әбдібекова
1303;1302;104275502;с.Берден
1304;1302;104275503;с.Боз
1305;1302;104275504;с.Досхана
1306;1302;104275505;с.Кенебай
1307;1302;104275506;с.Киикбай
1308;1302;104275507;с.Косе
1309;1302;104275508;с.Карабулак
1310;1302;104275509;с.Каракия
1311;1302;104275511;с.Камбар
1312;1302;104275513;с.Сартмойнак
1313;1302;104275515;с.Султан
1314;1143;104277000;Карасуский с.о.
1315;1314;104277100;с.Киши Карасу
1316;1315;104277102;уч.Акмолда
1317;1315;104277103;уч.Актобе
1318;1315;104277104;уч.Байгара
1319;1315;104277105;уч.Балтабай
1320;1315;104277106;уч.Белая база
1321;1315;104277107;уч.Буйрексирак
1322;1315;104277108;уч.Кызылагаш
1323;1315;104277109;уч.Нестровка
1324;1315;104277111;уч.Новая Черногорка
1325;1315;104277113;уч.Опытное
1326;1315;104277115;уч.Старая Черногорка
1327;1315;104277117;уч.Шагил
1328;1315;104277119;уч.Шолактумсык
1329;1314;104277200;с.Аскаралы
1330;1329;104277203;уч.Баймырза
1331;1329;104277204;уч.Бектас
1332;1329;104277205;уч.Бескай
1333;1329;104277206;уч.Ближний Байгон
1334;1329;104277207;уч.Дальний Байгон
1335;1329;104277208;уч.Дюке
1336;1329;104277209;уч.Карашокы
1337;1329;104277211;уч.Кызылчилик
1338;1329;104277213;уч.Сеймазы
1339;1329;104277215;уч.Тостек
1340;1329;104277217;уч.Шат
1341;1314;104277300;с.Конырбиик
1342;1341;104277302;уч.Абей
1343;1341;104277303;уч.Деткоммуна
1344;1341;104277304;уч.Изенди
1345;1341;104277305;уч.Кансар
1346;1341;104277306;уч.Кауымбай
1347;1341;104277307;уч.Коксу
1348;1341;104277308;уч.Кызылжетек
1349;1341;104277309;уч.Осен
1350;1341;104277311;уч.Сеит
1351;1341;104277313;уч.Шабак
1352;1341;104277315;уч.Шардала
1353;1341;104277316;с.Майса
1354;1341;104277317;с.Суыкбулак
1355;1341;104277318;уч.Мусреп
1356;1341;104277319;уч.Ханкелды
1357;1143;104279000;Каратобинский с.о.
1358;1357;104279100;с.Каратобе
1359;1357;104279200;с.Ади
1360;1359;104279203;с.Есерке
1361;1357;104279300;с.Кентарлау
1362;1361;104279303;с.Даубай
1363;1143;104281000;Кызылагашский с.о.
1364;1363;104281100;с.Кызылагаш
1365;1364;104281102;Арабаз
1366;1364;104281103;с.Жарыкты
1367;1364;104281104;с.Каратогай
1368;1364;104281105;с.Кулжабас
1369;1364;104281106;Птичник
1370;1364;104281107;с.Саметей
1371;1364;104281108;с.Сандыктас
1372;1364;104281109;с.Сарсембай
1373;1364;104281111;с.Шыныбай
1374;1364;104281112;с.Каратоган
1375;1364;104281113;с.Баужан
1376;1364;104281114;с.Суыкбастау
1377;1364;104281115;с.Уклижартас
1378;1363;104281300;с.Карасу
1379;1378;104281303;17 км
1380;1143;104283000;Ушбиикский с.о.
1381;1380;104283100;с.Ушбиик
1382;1381;104283102;точка Дамба
1383;1381;104283103;точка Жанабаз
1384;1381;104283104;точка Горсовет
1385;1381;104283105;точка Какпатас
1386;1381;104283106;точка Косай
1387;1381;104283107;точка Коянбай
1388;1381;104283108;точка Караадыр 3
1389;1381;104283109;точка Молбулак
1390;1381;104283111;точка Лепес
1391;1381;104283113;точка Райбольница
1392;1381;104283115;точка Северный Каражал
1393;1381;104283117;точка Фонтан
1394;1381;104283118;с.Енрекей
1395;1381;104283119;точка Даулетбай
1396;1381;104283121;точка Жумахан
1397;1381;104283122;точка Иманмуса
1398;1381;104283123;точка Изембай
1399;1381;104283124;точка Караадыр 1
1400;1381;104283125;точка Караадыр 2
1401;1381;104283126;точка Киргизжал
1402;1381;104283127;уч.Айнабулак
1403;1381;104283128;точка Наймантай
1404;1381;104283129;уч.Узынбулак
1405;1381;104283131;точка Тубек
1406;1381;104283132;точка Ушкумалак
1407;1381;104283133;точка Шурук
1408;1381;104283134;уч.Тошала
1409;1143;104285000;Суыкбулакский с.о.
1410;1409;104285100;с.Суыкбулак
1411;1409;104285200;с.Дельбегетей
1412;1411;104285203;рзд.3
1413;1411;104285205;рзд.4
1414;1409;104285300;с.Жайма
1415;1414;104285302;с.Акбастау 1
1416;1414;104285303;с.Акбастау 2
1417;1414;104285304;с.Агашкудук
1418;1414;104285305;с.Корганбай
1419;1414;104285306;Живконтора
1420;1414;104285307;с.Карашокы
1421;1414;104285308;с.Каскабулак 1
1422;1414;104285309;с.Каскабулак 2
1423;1414;104285311;с.Наймантай
1424;1414;104285312;с.Каскабулак 3
1425;1414;104285313;Средний баз
1426;1409;104285400;с.Теристанбалы
1427;1426;104285403;уч.Раис
1428;1409;104285500;с.Узунжал
1429;1143;104289000;Шалабаевский с.о.
1430;1429;104289100;с.Шалабай
1431;1430;104289103;с.Мортас
1432;1430;104289104;с.Костобе
1433;1430;104289105;с.Иман
1434;1430;104289106;с.Молдабай
1435;1430;104289107;с.Черниговка
1436;1430;104289108;с.Холодный Ключ
1437;1430;104289109;с.Жанааул
1438;1430;104289111;с.Алексеевка
1439;1430;104289112;с.Карабулак
1440;1;104400000;Кокпектинский район
1441;1440;104430000;Кокпектинский с.о.
1442;1441;104430100;с.Кокпекты
1443;1441;104430300;с.Ажа
1444;1441;104430400;с.Узунбулак
1445;1441;104430500;с.Шариптогай
1446;1441;104430600;с.Толагай
1447;1440;104435000;Улкен Букенский с.о.
1448;1447;104435100;с.Улкен Бокен
1449;1448;104435105;с.Тентек
1450;1447;104435200;с.Актас
1451;1447;104435300;с.Жалсары
1452;1440;104439000;Кокжайыкский с.о.
1453;1452;104439100;с.Кокжайык
1454;1453;104439105;с.Жумыскер
1455;1453;104439107;с.Талапкер
1456;1452;104439300;с.Акой
1457;1452;104439500;с.Карамойыл
1458;1452;104439600;с.Карагандыколь
1459;1440;104445000;с.о.им.Койгельды Аухадиева
1460;1459;104445100;с.Преображенка
1461;1459;104445200;с.Укиликыз
1462;1461;104445203;с.Малая Буконь
1463;1459;104445400;с.Черноярка
1464;1440;104459000;Бигашский с.о.
1465;1464;104459100;с.Бигаш
1466;1464;104459200;с.Егинбулак
1467;1466;104459204;с.Комсомол
1468;1466;104459205;с.Каргалы
1469;1440;104465000;Тассайский с.о.
1470;1469;104465100;с.Тассай
1471;1470;104465105;с.Самык
1472;1469;104465200;с.Аксу
1473;1469;104465300;с.Кайнар
1474;1469;104465500;с.Ушкумей
1475;1440;104467000;Теректинский с.о.
1476;1475;104467100;с.Теректы
1477;1476;104467102;с.Каменка
1478;1476;104467103;с.Кызыл-Жулдыз
1479;1476;104467104;с.Орнек
1480;1476;104467105;с.Сарычиганак
1481;1440;104469000;Ульгулималшинский с.о.
1482;1481;104469100;с.Ульгули-Малши
1483;1482;104469105;с.Даулетбай
1484;1481;104469400;с.Нура
1485;1481;104469500;с.Сулеймен
1486;1481;104469600;с.Мамай
1487;1440;104477000;Шугылбайский с.о
1488;1487;104477100;с.Шугылбай
1489;1487;104477300;с.Мелитополь
1490;1;104500000;район Мақаншы
1491;1490;104530000;Маканчинский с.о.
1492;1491;104530100;с.Маканчи
1493;1490;104533000;Акшокинский с.о.
1494;1493;104533100;с.Акшокы
1495;1493;104533300;с.Подгорное
1496;1490;104535000;Бахтинский с.о.
1497;1496;104535100;с.Бахты
1498;1490;104537000;Келдимуратовский с.о.
1499;1498;104537100;с.Келдимурат
1500;1498;104537200;с.Кызылжулдуз
1501;1490;104539000;Кабанбайский с.о.
1502;1501;104539100;с.Кабанбай
1503;1502;104539106;с. Жаланашкол
1504;1490;104541000;Каратуминский с.о.
1505;1504;104541100;с.Каратума
1506;1490;104543000;Коктальский с.о.
1507;1506;104543100;с.Коктал
1508;1490;104545000;Коктерекский с.о.
1509;1508;104545100;с.Коктерек
1510;1508;104545200;с.Кайынды
1511;1508;104545300;с.Кызылбулак
1512;1490;104547000;Карабутинский с.о.
1513;1512;104547100;с.Карабута
1514;1490;104549000;Карабулакский с.о.
1515;1514;104549100;с.Карабулак
1516;1514;104549200;с.Барлыкарасан
1517;1490;104551000;Каратальский с.о.
1518;1517;104551100;с.Каратал
1519;1517;104551300;с.Бекет
1520;1517;104551400;с.Бугубай
1521;1;104600000;Урджарский район
1522;1521;104630000;Урджарский с.о.
1523;1522;104630100;с.Урджар
1524;1522;104630200;с.Бургон
1525;1522;104630300;с.Кызылту
1526;1521;104633000;Акжарский с.о.
1527;1526;104633100;с.Акжар
1528;1526;104633200;с.Амангельды
1529;1526;104633300;с.Карамойыл
1530;1521;104635000;Колдененский с.о.
1531;1530;104635100;с.Колденен
1532;1521;104639000;Алтыншокинский с.о.
1533;1532;104639100;с.Алтыншокы
1534;1532;104639200;с.им.Айтбая
1535;1532;104639300;с.Лайбулак
1536;1532;104639400;с.Текебулак
1537;1521;104643000;Бестерекский с.о.
1538;1537;104643100;с.Бестерек
1539;1537;104643200;с.Казымбет
1540;1537;104643300;с.Кабанбай
1541;1521;104647000;Жана тилекский с.о.
1542;1541;104647100;с.Жана тилек
1543;1541;104647200;с.Тасарык
1544;1521;104649000;Егинсуский с.о.
1545;1544;104649100;с.Егинсу
1546;1544;104649200;с.Жанай
1547;1521;104651000;Елтайский с.о.
1548;1547;104651100;с.Елтай
1549;1521;104655000;Кокозекский с.о.
1550;1549;104655100;с.Кокозек
1551;1521;104667000;Каракольский с.о.
1552;1551;104667100;с.Каракол
1553;1552;104667103;с.Сарытерек
1554;1552;104667104;ферма 3
1555;1552;104667180;ферма 1 Абай
1556;1551;104667400;с.Сагат
1557;1521;104671000;Коныршаулинский с.о.
1558;1557;104671100;с.Таскескен
1559;1557;104671200;с.Ушбулак
1560;1521;104675000;Науалинский с.о.
1561;1560;104675100;с.Науалы
1562;1560;104675200;с.Малак
1563;1521;104677000;Жогаргы Егинсуский с.о.
1564;1563;104677100;с.Жогаргы Егинсу
1565;1521;104679000;Баркытбельский с.о.
1566;1565;104679100;с.Баркытбел
1567;1565;104679300;с.Благодатное
1568;1565;104679400;с.Некрасовка
1569;1565;104679500;с.Батпакты
1570;1521;104681000;Салкынбельский с.о.
1571;1570;104681100;с.Сегизбай
1572;1570;104681300;с.Карабуйрат
1573;1521;104683000;Шолпанский с.о.
1574;1573;104683100;с.Шолпан
1575;0;110000000;Акмолинская область
1576;1575;111000000;Кокшетау Г.А.
1577;1576;111010000;г.Кокшетау
1578;1576;111033000;Красноярский с.о.
1579;1578;111033100;с.Красный Яр
1580;1578;111033300;с.Кызылжулдуз
1581;1576;111037000;Станционная п.а.
1582;1581;111037100;п.Станционный
1583;1575;111600000;Косшы Г.А.
1584;1583;111610000;г.Косшы
1585;1583;111633000;с.а.Тайтобе
1586;1585;111633100;с.Тайтобе
1587;1575;111800000;Степногорск Г.А.
1588;1587;111810000;г.Степногорск
1589;1587;111833000;Аксуская п.а.
1590;1589;111833100;п.Аксу
1591;1587;111837000;Бестобинская п.а.
1592;1591;111837100;п.Бестобе
1593;1587;111841000;Заводская п.а.
1594;1593;111841100;п.Заводской
1595;1587;111843000;Карабулакская с.а.
1596;1595;111843100;с.Карабулак
1597;1596;111843105;с.Коксал
1598;1596;111843107;с.Первомайка
1599;1587;111845000;Шантобинская п.а.
1600;1599;111845100;п.Шантобе
1601;1599;111845200;с.Новокронштадка
1602;1587;111847000;Богембайский с.о.
1603;1602;111847100;с.Байконыс
1604;1602;111847300;с.Богембай
1605;1587;111849000;с.а.Изобильный
1606;1605;111849100;с.Изобильное
1607;1587;111851000;с.а.Кырыккудык
1608;1607;111851100;с.Кырыккудык
1609;1575;113200000;Аккольский район
1610;1609;113220000;Аккольская г.а.
1611;1610;113220100;г.Акколь
1612;1610;113220200;Аккол орманшар
1613;1610;113220400;с.Радовка
1614;1609;113239000;с.а.Азат
1615;1614;113239100;с.Азат
1616;1609;113241000;Карасайский с.о.
1617;1616;113241100;с.Кына
1618;1616;113241200;с.Карасай
1619;1616;113241300;с.Сазды булак
1620;1619;113241303;с.Селета
1621;1609;113243000;Кенесский с.о.
1622;1621;113243100;с.Домбыралы
1623;1621;113243200;с.Кенес
1624;1621;113243300;с.Айдарлы
1625;1621;113243400;с.Малый Барап
1626;1609;113247000;Наумовский с.о.
1627;1626;113247100;с.Наумовка
1628;1627;113247107;с.Филипповка
1629;1626;113247200;с.Кемеркол
1630;1626;113247300;с.Орнек
1631;1609;113249000;Новорыбинский с.о.
1632;1631;113249100;с.Новорыбинка
1633;1631;113249200;с.Кара-Озек
1634;1631;113249300;с.Курылыс
1635;1609;113251000;Жалгызкарагайский с.о.
1636;1635;113251100;с.Жалгызкарагай
1637;1635;113251300;с.Тастыадыр
1638;1609;113253000;Енбекский с.о.
1639;1638;113253100;с.Енбек
1640;1638;113253300;с.Рамадан
1641;1638;113253400;с.Табигат
1642;1609;113255000;Урюпинский с.о.
1643;1642;113255100;с.Урюпинка
1644;1642;113255200;с.Амангельды
1645;1642;113255300;с.Ерназар
1646;1642;113255500;с.Мереке
1647;1642;113255600;с.Талкара
1648;1642;113255700;с.Малоалександровка
1649;1575;113400000;Аршалынский район
1650;1649;113430000;Аршалынская п.а.
1651;1650;113430100;п.Аршалы
1652;1649;113431000;Акбулакский с.о.
1653;1652;113431100;с.Акбулак
1654;1653;113431180;с.Актасты
1655;1649;113432000;п.а.Жибек жолы
1656;1655;113432100;п.Жибек жолы
1657;1649;113433000;с.о. Жибек жолы
1658;1657;113433200;с.Жалтырколь
1659;1657;113433300;рзд.41
1660;1657;113433400;рзд.102
1661;1649;113435000;Анарский с.о.
1662;1661;113435100;ст.Анар
1663;1661;113435500;с.Анаркөл
1664;1649;113437000;Берсуатский с.о.
1665;1664;113437100;с.Берсуат
1666;1665;113437107;с. Шалгай
1667;1664;113437200;с.Байдала
1668;1649;113441000;с.о.Елтоқ
1669;1668;113441100;с.Елтоқ
1670;1668;113441500;с.Койгельды
1671;1670;113441503;с.Береке
1672;1668;113441600;рзд.42
1673;1649;113442000;с.о.Арнасай
1674;1673;113442100;с.Арнасай
1675;1673;113442200;ст.Бабатай
1676;1649;113443000;Ижевский с.о.
1677;1676;113443100;с.Ижевское
1678;1676;113443200;ст.Шоптиколь
1679;1649;113445000;Константиновский с.о.
1680;1679;113445100;с.Константиновка
1681;1679;113445200;с.Белоярка
1682;1679;113445400;с.Шортанды
1683;1649;113447000;с.о.Турген
1684;1683;113447100;с.Турген
1685;1683;113447200;с.Красное Озеро
1686;1683;113447300;с.Родники
1687;1649;113449000;Михайловский с.о.
1688;1687;113449100;с.Михайловка
1689;1687;113449200;с.Николаевка
1690;1687;113449300;с.Ольгинка
1691;1649;113451000;Булаксайский с.о.
1692;1691;113451100;с.Булаксай
1693;1691;113451400;с.Акжар
1694;1691;113451700;с.Костомар
1695;1649;113453000;Сарабинский с.о.
1696;1695;113453100;с.Сарыоба
1697;1695;113453500;ст.Сарыоба
1698;1575;113600000;Астраханский район
1699;1698;113630000;Астраханский с.о.
1700;1699;113630100;с.Астраханка
1701;1699;113630200;с.Жанабирлик
1702;1699;113630300;с.Таволжанка
1703;1698;113637000;Есильский с.о.
1704;1703;113637100;с.Зеленое
1705;1703;113637200;с.Шиликти
1706;1703;113637300;с.Степное
1707;1706;113637303;с.Бесбидаик
1708;1698;113640000;Жалтырский с.о.
1709;1708;113640100;с.Жалтыр
1710;1709;113640105;ст.Астраханка
1711;1708;113640500;с.Жарсуат
1712;1698;113641000;с.а. Каменка
1713;1712;113641100;с.Каменка
1714;1698;113645000;Кызылжарский с.о.
1715;1714;113645100;с.Жана-Турмыс
1716;1714;113645200;с.Акимовка
1717;1714;113645400;с.Оксановка
1718;1698;113649000;Николаевский с.о.
1719;1718;113649100;с.Петровка
1720;1718;113649200;с.Жамбыл
1721;1718;113649500;с.Орнек
1722;1698;113650000;Новочеркасский с.о.
1723;1722;113650100;с.Новочеркасское
1724;1722;113650400;с.Ондирис
1725;1722;113650600;с.Приишимка
1726;1698;113651000;Острогорский с.о.
1727;1726;113651100;с.Новый Колутон
1728;1726;113651200;с.Караколь
1729;1698;113653000;Первомайский с.о.
1730;1729;113653100;с.Первомайка
1731;1729;113653300;с.Лозовое
1732;1729;113653400;с.Камышенка
1733;1698;113655000;Староколутонский с.о.
1734;1733;113655100;с.Старый Колутон
1735;1733;113655300;с.Енбек
1736;1733;113655400;с.Ковыленка
1737;1733;113655600;с.Косколь
1738;1698;113656000;Колутонский с.о.
1739;1738;113656100;ст.Колутон
1740;1738;113656200;с.Бирлик
1741;1698;113657000;Узункольский с.о.
1742;1741;113657100;с.Узунколь
1743;1742;113657107;с.Кайнарское
1744;1742;113657109;с.Луговое
1745;1742;113657111;с.Каратубек
1746;1741;113657200;с.Алгабас
1747;1741;113657300;с.Булакты
1748;1575;113800000;Атбасарский район
1749;1748;113820100;г.Атбасар
1750;1748;113833000;Шункыркольский с.о.
1751;1750;113833100;с.Сочинское
1752;1750;113833200;с.Новомариновка
1753;1752;113833202;с.Шункырколь
1754;1748;113835000;с.а. Борисовка
1755;1754;113835100;с.Борисовка
1756;1748;113841000;Макеевский с.о.
1757;1756;113841100;с.Шуйское
1758;1757;113841103;с.Третьяковка
1759;1756;113841200;с.Макеевка
1760;1748;113843000;Мариновский с.о.
1761;1760;113843100;с.Мариновка
1762;1760;113843300;с.Бейса хазирета
1763;1760;113843400;ст.Адыр
1764;1748;113845000;с.о. Бастау
1765;1764;113845100;с.Бастау
1766;1748;113849000;с.а. Новосельское
1767;1766;113849100;с.Новосельское
1768;1767;113849107;с.Пролетарка
1769;1748;113851000;с.о.Акана Курманова
1770;1769;113851100;с.Акана Курманова
1771;1769;113851200;с.Караколь
1772;1769;113851400;с.Косбармак
1773;1748;113852000;Покровский с.о.
1774;1773;113852100;с.Покровка
1775;1773;113852200;с.Садовое
1776;1775;113852205;с.Пригородное
1777;1748;113853000;Полтавский с.о.
1778;1777;113853100;с.Полтавка
1779;1778;113853105;КФК Сыздыкова
1780;1777;113853300;с.Титовка
1781;1748;113855000;Сепеевский с.о.
1782;1781;113855100;с.Сепе
1783;1781;113855200;с.Есенгельды
1784;1748;113857000;Сергеевский с.о.
1785;1784;113857100;с.Сергеевка
1786;1784;113857200;с.Ащиколь
1787;1784;113857400;с.Самарка
1788;1748;113863000;Тельманский с.о.
1789;1788;113863100;с.Тельмана
1790;1789;113863109;рзд.87
1791;1788;113863200;с.Поповка
1792;1791;113863202;с.Садубек
1793;1791;113863204;с.Каражар
1794;1748;113867000;Ярославский с.о.
1795;1794;113867100;с.Тимашевка
1796;1794;113867300;с.Калиновка
1797;1794;113867400;с.Магдалиновка
1798;1794;113867500;с.Родионовка
1799;1798;113867503;с.Ждановка
1800;1794;113867700;с.Хрящевка
1801;1575;114000000;Буландынский район
1802;1801;114020100;г.Макинск
1803;1801;114031000;Вознесенский с.о.
1804;1803;114031100;с.Вознесенка
1805;1803;114031200;с.Аккайын
1806;1803;114031500;с.Тастыозек
1807;1801;114035000;Алтындынский с.о.
1808;1807;114035100;с. Алтынды
1809;1807;114035200;с. Алаколь
1810;1807;114035300;с.Боярка
1811;1807;114035400;с.Ельтай
1812;1807;114035500;с.Жанаталап
1813;1801;114037000;Ергольский с.о.
1814;1813;114037100;с.Токтамыс
1815;1813;114037200;с.Гордеевка
1816;1813;114037300;с.Иванковка
1817;1813;114037400;с.Новокиевка
1818;1801;114039000;Журавлевский с.о.
1819;1818;114039100;с.Журавлевка
1820;1818;114039200;с.Воробьевка
1821;1818;114039300;с.Айнаколь
1822;1818;114039400;с.Новодонецк
1823;1818;114039500;с.Острогорское
1824;1818;114039600;с.Ярославка
1825;1801;114041000;Капитоновский с.о.
1826;1825;114041100;с.Капитоновка
1827;1801;114043000;Карамышевский с.о.
1828;1827;114043100;с.Шубарагаш
1829;1827;114043200;с.Мат
1830;1827;114043400;с.Отрадное
1831;1830;114043405;с.им.Розы Люксембург
1832;1827;114043700;с.Суворовка
1833;1801;114045000;Никольский с.о.
1834;1833;114045100;с.Никольское
1835;1801;114047000;Новобратский с.о.
1836;1835;114047100;с.Новобратское
1837;1835;114047200;с.Буденновка
1838;1801;114053000;Амангельдинский с.о.
1839;1838;114053100;с.Партизанка
1840;1838;114053300;с.Ортакшыл
1841;1801;114055000;Караузекский с.о.
1842;1841;114055100;с.Караозек
1843;1841;114055600;с.Купчановка
1844;1841;114055700;с.Байсуат
1845;1575;114400000;Егиндыкольский район
1846;1845;114430000;Егиндыкольский с.о.
1847;1846;114430100;с.Егиндыколь
1848;1845;114435000;Алакольский с.о.
1849;1848;114435100;с.Полтавское
1850;1848;114435200;с.Коркем
1851;1845;114439000;с.а. Бауманское
1852;1851;114439100;с.Бауманское
1853;1845;114441000;Буревестникский с.о.
1854;1853;114441100;с.Буревестник
1855;1845;114443000;Спиридоновский с.о.
1856;1855;114443100;с.Спиридоновка
1857;1855;114443200;с.Абай
1858;1845;114445000;Жалманкулакский с.о.
1859;1858;114445100;с.Жалманкулак
1860;1858;114445200;с.Жулдыз
1861;1860;114445203;с.Коныртубек
1862;1845;114446000;Коржинкольский с.о.
1863;1862;114446100;с.Коржинколь
1864;1845;114447000;Узункольский с.о.
1865;1864;114447100;с.Узункольское
1866;1864;114447200;с. Тоганас
1867;1575;114500000;район Биржан сал
1868;1867;114520000;Степнякская г.а.
1869;1868;114520100;г.Степняк
1870;1868;114520600;с.Пригорхоз
1871;1867;114531000;Аксуская с.а.
1872;1871;114531100;с.Аксу
1873;1872;114531103;с.Сапак
1874;1867;114532000;Ангалбатырский с.о.
1875;1874;114532100;с.Ангал батыра
1876;1874;114532300;с.Жаналык
1877;1867;114533000;Бирсуатский с.о.
1878;1877;114533100;с.Бирсуат
1879;1877;114533500;с.Сауле
1880;1879;114533505;с.Кишкентай
1881;1867;114534000;Баймырзинский с.о.
1882;1881;114534100;с.Баймырза
1883;1881;114534500;с.Шошкалы
1884;1867;114535000;Донской с.о.
1885;1884;114535100;с.Андыкожа батыра
1886;1884;114535500;с.Тасшалкар
1887;1867;114537000;Енбекшильдерский с.о.
1888;1887;114537100;с.Енбекшильдерское
1889;1888;114537102;с.Атансор
1890;1887;114537600;с.Акбулак
1891;1887;114537800;с.Актас
1892;1867;114538000;с.а. Заозерное
1893;1892;114538100;с.Заозерное
1894;1867;114539000;Зауральский с.о.
1895;1894;114539100;с.Заураловка
1896;1894;114539400;с.Кудукагаш
1897;1894;114539600;с.Яблоновка
1898;1867;114540000;с.а. Кенащи
1899;1898;114540100;с.Кенащи
1900;1899;114540105;с.Карасор
1901;1867;114541000;с.а. Краснофлотское
1902;1901;114541100;с.Краснофлотское
1903;1902;114541105;с.Арай
1904;1902;114541106;с.Белагаш
1905;1867;114543000;Макинский с.о.
1906;1905;114543100;с.Макинка
1907;1905;114543200;с.Буланды
1908;1907;114543205;с.Дачи
1909;1905;114543380;с.Каратал
1910;1905;114543400;с.Когам
1911;1905;114543500;с.Макпал
1912;1905;114543600;с.Карагай
1913;1867;114544000;с.а. Мамай
1914;1913;114544100;с.Мамай
1915;1867;114545000;Валихановский с.о.
1916;1915;114545100;с.Валиханово
1917;1916;114545105;с.Азнабай
1918;1916;114545106;с.Карасу
1919;1916;114545107;с.Прожектор
1920;1916;114545108;с.Терек
1921;1916;114545109;с.Кудабас
1922;1915;114545300;с.Алга
1923;1867;114547000;Ульгинский с.о.
1924;1923;114547100;с.Ульги
1925;1923;114547200;с.Жукей
1926;1923;114547300;с.Карловка
1927;1923;114547500;с.Кызылуюм
1928;1923;114547700;с.Трамбовка
1929;1923;114547800;с.Уюмшил
1930;1575;114600000;Ерейментауский район
1931;1930;114620100;г.Ерейментау
1932;1930;114633000;Акмырзинский с.о.
1933;1932;114633100;с.Акмырза
1934;1930;114635000;Бестогайский с.о.
1935;1934;114635100;с.Бестогай
1936;1934;114635200;с.Байсары
1937;1936;114635207;с.Чилинка
1938;1934;114635400;с.Кызылту
1939;1930;114637000;с.о. Олжабай батыра
1940;1939;114637100;с.Олжабай батыра
1941;1940;114637102;отг.Новображенка
1942;1939;114637200;с.Алгабас
1943;1939;114637400;с.Ынтымак
1944;1943;114637403;с.Баймен
1945;1930;114639000;Бозтальский с.о.
1946;1945;114639100;с.Бозтал
1947;1946;114639102;отг.Айгыжар
1948;1946;114639103;отг.Актобе
1949;1946;114639104;отг.Арман
1950;1946;114639105;отг.Арочное
1951;1946;114639106;отг.Жаманкара
1952;1946;114639107;отг.Жуантюбе
1953;1946;114639108;отг.Сейфулла
1954;1946;114639109;отг.Тумсук
1955;1946;114639111;отг.Туркалык
1956;1946;114639113;отг.Баянды
1957;1946;114639117;с.Усамбай
1958;1930;114641000;Тайбайский с.о.
1959;1958;114641100;с.Тайбай
1960;1958;114641200;с.Ельтай
1961;1958;114641300;с.Жарык
1962;1958;114641400;с.Малтабар
1963;1930;114645000;Куншалганский с.о.
1964;1963;114645100;с.Куншалган
1965;1964;114645102;отг.Кордон
1966;1963;114645200;с.Каратал
1967;1963;114645300;с.Шакей
1968;1967;114645302;отг.Бригады 4
1969;1967;114645303;отг.Букторга
1970;1967;114645304;отг.Жалгызтобе
1971;1967;114645305;отг.Карабидаик
1972;1967;114645306;отг.Найзатас
1973;1967;114645307;отг.Кигизбай 1
1974;1967;114645308;отг.Кигизбай 2
1975;1967;114645311;отг.Шарипкара
1976;1930;114646000;Койтасский с.о.
1977;1976;114646100;с.Койтас
1978;1976;114646200;с.Ажы
1979;1930;114647000;с.а. Аксуат
1980;1979;114647100;с. Аксуат
1981;1980;114647107;с.Орнек
1982;1980;114647111;с.Целинное
1983;1930;114651000;с.а.Майлан
1984;1983;114651100;с.Майлан
1985;1930;114653000;Улентинский с.о.
1986;1985;114653100;с.Уленты
1987;1986;114653102;отг.Аргынбай
1988;1986;114653103;отг.Арочная
1989;1986;114653104;отг.Баке
1990;1986;114653105;отг.Кызылозек
1991;1986;114653106;Насосная станция
1992;1986;114653107;отг.Ойнак
1993;1986;114653108;отг.109 база
1994;1986;114653109;отг.Новая Сарыадыр
1995;1986;114653111;отг.Сайдали
1996;1986;114653112;отг.Самал
1997;1986;114653113;отг.Сарыкамыс
1998;1986;114653114;отг.ст.Сарыадыр
1999;1986;114653115;отг.Таспака
2000;1986;114653116;отг.Уштаган
2001;1986;114653117;отг.Шаинкуль
2002;1985;114653500;ст.Коржинколь
2003;1985;114653700;ст.Уленты
2004;1930;114655000;Еркиншиликский с.о.
2005;2004;114655100;с.Еркиншилик
2006;2005;114655103;с.Веренка
2007;2004;114655300;с.Енбек
2008;2007;114655302;отг.Сарсен
2009;2007;114655303;отг.Масакпай
2010;1930;114657000;с.а.Селетинский
2011;2010;114657100;с.Селетинское
2012;1930;114659000;Тургайский с.о.
2013;2012;114659100;с.Тургай
2014;2013;114659105;ст.Тургай
2015;2013;114659106;Тургайский ХПП
2016;2013;114659180;с.Жанажол
2017;2012;114659200;с.Нижний Торгай
2018;2017;114659202;уч.Караогиз
2019;2017;114659203;уч.Подхоз
2020;2012;114659300;с. Балыкты
2021;2020;114659302;уч.Байгуты
2022;2012;114659400;с.Карагайлы
2023;2022;114659402;уч.Искаккора
2024;1575;114800000;Есильский район
2025;2024;114820100;г.Есиль
2026;2024;114833000;Аксайский с.о.
2027;2026;114833100;с.Аксай
2028;2027;114833102;Есильский лесхоз
2029;2027;114833103;Птицефабрика
2030;2027;114833104;рзд.15 км
2031;2024;114837000;Бузулукский с.о.
2032;2031;114837100;с.Бузулук
2033;2031;114837300;с.Сурган
2034;2024;114841000;Двуречный с.о.
2035;2034;114841100;с.Двуречное
2036;2035;114841102;Насосная станция
2037;2034;114841200;с.Приишимка
2038;2034;114841300;с.Курское
2039;2024;114845000;Жаныспайский с.о.
2040;2039;114845100;с.Жаныспай
2041;2039;114845200;с.Ковыльное
2042;2024;114847000;Зареченский с.о.
2043;2042;114847100;с.Заречное
2044;2042;114847200;с.Дальное
2045;2024;114851000;с.а. Знаменка
2046;2045;114851100;с.Знаменка
2047;2046;114851105;с.Ельтай
2048;2024;114857000;Красивинский с.о.
2049;2048;114857100;с.Красивое
2050;2049;114857107;с.Тасоба
2051;2048;114857200;ст.Красивая
2052;2048;114857300;с.Кумай
2053;2048;114857400;с.Ленинское
2054;2048;114857700;с.Ярославка
2055;2024;114859000;Красногорская п.а.
2056;2055;114859100;п.Красногорский
2057;2055;114859200;с.Иглик
2058;2055;114859300;с.Калачи
2059;2024;114863000;Каракольский с.о.
2060;2059;114863100;с.Караколь
2061;2059;114863200;с.Речное
2062;2024;114865000;Московский с.о.
2063;2062;114865100;с.Московское
2064;2024;114867000;Орловский с.о.
2065;2064;114867100;с.Орловка
2066;2024;114873000;Свободненский с.о.
2067;2066;114873100;с.Свободное
2068;2066;114873300;с.Раздольное
2069;2024;114875000;Юбилейный с.о.
2070;2069;114875100;с.Юбилейное
2071;2069;114875500;с.Ейское
2072;2071;114875502;Подстанция
2073;2024;114879000;Интернациональный с.о.
2074;2073;114879100;с.Интернациональное
2075;2074;114879109;Маш.двор
2076;2073;114879200;с.Алматинское
2077;2073;114879300;с.Биртал
2078;1575;115200000;Жаксынский район
2079;2078;115230000;Жаксынский с.о.
2080;2079;115230100;с.Жаксы
2081;2078;115237000;Белагашский с.о.
2082;2081;115237100;с.Белагаш
2083;2078;115239000;Беловодский с.о.
2084;2083;115239100;с.Беловодское
2085;2083;115239200;с.Перекатное
2086;2083;115239300;с.Кайракты
2087;2086;115239302;с.Старое Перекатное
2088;2078;115243000;Жанакииминский с.о.
2089;2088;115243100;с.Жана Киима
2090;2089;115243102;с.Тайпак
2091;2088;115243200;с.Алгабас
2092;2088;115243300;с.Киима
2093;2092;115243302;с.Трудовое
2094;2092;115243303;с.Жирен
2095;2092;115243304;с.Уки
2096;2078;115245000;Запорожский с.о.
2097;2096;115245100;с.Запорожье
2098;2096;115245300;с.Лозовое
2099;2098;115245305;с.Донское
2100;2098;115245307;с.Новочудное
2101;2078;115247000;Ишимский с.о.
2102;2101;115247100;с.Ишимское
2103;2102;115247105;с.им.Баубека батыра
2104;2101;115247300;с.Казахстан
2105;2101;115247400;с.Монастырка
2106;2078;115251000;Калининский с.о.
2107;2106;115251100;с.Калининское
2108;2107;115251105;с.Глебовка
2109;2106;115251400;с.Калмакколь
2110;2106;115251500;с.Моховое
2111;2078;115255000;Киевский с.о.
2112;2111;115255100;с.Киевское
2113;2078;115265000;Кызылсайский с.о.
2114;2113;115265100;с.Кировское
2115;2114;115265103;с.Кызылсай
2116;2113;115265200;с.Баягиз
2117;2078;115271000;с.а.Новокиенка
2118;2117;115271100;с.Новокиенка
2119;2118;115271103;с.Парчевка
2120;2078;115273000;Подгорненский с.о.
2121;2120;115273100;с.Подгорное
2122;2078;115274000;Тарасовский с.о.
2123;2122;115274100;с.Тарасовка
2124;2122;115274500;с.Казахское
2125;2078;115275000;Терсаканская с.а.
2126;2125;115275100;с.Терсакан
2127;2126;115275102;с.Коксай
2128;2078;115277000;Чапаевский с.о.
2129;2128;115277100;с.Чапаевское
2130;1575;115400000;Жаркаинский район
2131;2130;115420100;г.Державинск
2132;2130;115431000;Отрадный с.о.
2133;2132;115431100;с.Отрадное
2134;2133;115431102;с.Шанырак
2135;2132;115431200;с.Кенское
2136;2130;115437000;с.а. Бирсуат
2137;2136;115437100;с.Бирсуат
2138;2137;115437102;с.Балуанколь
2139;2130;115439000;с.а. Гастелло
2140;2139;115439100;с.Гастелло
2141;2140;115439102;с.Дауылбай
2142;2130;115441000;с.а. Далабай
2143;2142;115441100;с.Далабай
2144;2143;115441102;с.Актобе
2145;2130;115443000;Жанадалинский с.о.
2146;2145;115443100;с.Тасты-Талды
2147;2145;115443200;с.Жанадала
2148;2145;115443300;с.Зерноградское
2149;2130;115451000;Костычевский с.о.
2150;2149;115451100;с.Костычево
2151;2149;115451200;с.Донское
2152;2151;115451205;с.Маяк
2153;2130;115453000;с.а. Кумсуат
2154;2153;115453100;с.Кумсуат
2155;2154;115453102;Пионерлагерь
2156;2154;115453103;ферма
2157;2130;115454000;с.а. Львовское
2158;2157;115454100;с.Львовское
2159;2130;115455000;Нахимовский с.о.
2160;2159;115455100;с.Нахимовка
2161;2160;115455102;Дом Жаркаинского узла связи
2162;2160;115455103;Дом кр.хоз
2163;2159;115455200;с.Баранкуль
2164;2130;115463000;с.а. Пригородное
2165;2164;115463100;с.Пригородное
2166;2165;115463105;с.Западное
2167;2165;115463106;с.Кызылтал
2168;2130;115465000;с.а. Пятигорское
2169;2168;115465100;с.Пятигорское
2170;2130;115469000;с.а. Тасоткель
2171;2170;115469100;с.Тасоткель
2172;2171;115469102;с.Савиновка
2173;2130;115471000;с.а. Тассуат
2174;2173;115471100;с.Тассуат
2175;2130;115473000;Валихановский с.о.
2176;2175;115473100;с.Валиханово
2177;2175;115473200;с.Достык
2178;2130;115475000;с.а. Ушкарасу
2179;2178;115475100;с.Ушкарасу
2180;2130;115479000;с.а. Шойындыколь
2181;2180;115479100;с.Шойындыколь
2182;2181;115479102;с.Шалгай
2183;2181;115479103;с.Гагаринское
2184;1575;115600000;Зерендинский район
2185;2184;115630000;Зерендинский с.о.
2186;2185;115630100;с.Зеренда
2187;2186;115630103;ДОЦ ЗЕРЕН
2188;2186;115630105;База отдыха КГТПИ
2189;2186;115630107;оздоровит. центр Казмунайгаз
2190;2186;115630109;Пионерлагерь М.Габдулина
2191;2186;115630111;оздоровит. центр"Сункар"
2192;2186;115630113;Лесоохотническое хозяйство
2193;2186;115630115;Пионерлагерь П.Морозова
2194;2186;115630117;Прудхоз
2195;2186;115630121;Дача УНГБ
2196;2185;115630280;с.Айдарлы
2197;2185;115630380;с.Коктерек
2198;2184;115633000;Аккольский с.о.
2199;2198;115633100;с.Акколь
2200;2198;115633200;с.Ивановка
2201;2198;115633300;с.Казахстан
2202;2198;115633400;с.Молодежное
2203;2202;115633403;Самарбайский лесхоз
2204;2198;115633500;с.Туполевка
2205;2184;115635000;Алексеевская п.а.
2206;2205;115635100;п.Алексеевка
2207;2205;115635200;ст.Жаманаши
2208;2205;115635300;с.Чаглинка
2209;2184;115637000;Булакский с.о.
2210;2209;115637100;с.Еленовка
2211;2210;115637103;Подстанция
2212;2209;115637400;с.Жанааул
2213;2209;115637500;с.Жылымды
2214;2209;115637600;с.Карагай
2215;2214;115637603;Еленовский ХХП
2216;2209;115637700;с.Карлыколь
2217;2184;115641000;с.а.Айдабол
2218;2217;115641100;с.Айдабол
2219;2184;115643000;Викторовский с.о.
2220;2219;115643100;с.Викторовка
2221;2220;115643103;Подстанция
2222;2220;115643104;с.Кызылкайнар
2223;2219;115643480;с.Красиловка
2224;2219;115643600;с.Богенбай би
2225;2184;115647000;Кусепский с.о.
2226;2225;115647100;с.Оркен
2227;2225;115647300;с.Азат
2228;2225;115647400;с.Озен
2229;2225;115647600;с.Жамбыл
2230;2229;115647605;с.Айгыржал
2231;2225;115647700;с.Теректи
2232;2184;115649000;Конысбайский с.о.
2233;2232;115649100;с.Конысбай
2234;2232;115649200;с.Васильковка
2235;2232;115649300;с.Гранитный
2236;2232;115649400;с.Донгулагаш
2237;2184;115651000;Кызылсаянский с.о.
2238;2237;115651100;с.Кызылсая
2239;2237;115651200;с.Биктесин
2240;2237;115651500;с.Кызылагаш
2241;2184;115652000;Ортакский с.о.
2242;2241;115652100;с.Ортак
2243;2241;115652400;с.Кызылтан
2244;2241;115652700;с.Кайынды
2245;2184;115653000;Приреченский с.о.
2246;2245;115653100;с.Приречное
2247;2245;115653400;с.Павловка
2248;2184;115655000;с.о.Малика Габдуллина
2249;2248;115655100;с.Малика Габдуллина
2250;2249;115655103;Дом лесника
2251;2248;115655200;с.Дороговка
2252;2248;115655680;с.Койсалган
2253;2248;115655700;с.Малые Тюкты
2254;2248;115655800;с.Серафимовка
2255;2184;115657000;Симферопольский с.о.
2256;2255;115657100;с.Симферопольское
2257;2255;115657200;с.Булак
2258;2255;115657300;с.Жолдыбай
2259;2184;115658000;Троицкий с.о.
2260;2259;115658100;с.Троицкое
2261;2260;115658103;Кордон-мостовой
2262;2259;115658300;с.Кеноткель
2263;2259;115658400;с.Карсак
2264;2259;115658500;с.Кошкарбай
2265;2184;115659000;Чаглинский с.о.
2266;2265;115659100;с.Шагалалы
2267;2265;115659300;с. Акадыр
2268;2265;115659400;с.Енбекбирлик
2269;2265;115659700;с.Ескенежал
2270;2265;115659900;с.Уялы
2271;2184;115663000;Исаковский с.о.
2272;2271;115663100;с.Исаковка
2273;2271;115663400;с.Костомаровка
2274;2271;115663700;с.Уялы
2275;2184;115665000;с.о.им.Канай би
2276;2275;115665100;с.Карауыл Канай-бия
2277;2275;115665300;с.Жамантуз
2278;2275;115665400;с.Игилик
2279;2275;115665800;с.Желтау
2280;2184;115667000;Кызылегисский с.о.
2281;2280;115667100;с.Кызылегис
2282;2281;115667103;с.Заречное
2283;2281;115667105;Подстанция
2284;2280;115667500;с.Карашилик
2285;2280;115667700;с.Ортаагаш
2286;2184;115669000;Байтерекский с.о.
2287;2286;115669100;с.Байтерек
2288;2286;115669300;с.Ермаковка
2289;2286;115669400;с.Красный Кордон
2290;2286;115669600;с.Ондирис
2291;2286;115669800;с.Ульгили
2292;2184;115671000;Садовый с.о.
2293;2292;115671100;с.Садовое
2294;2292;115671200;с.Еликти
2295;2292;115671300;с.Заречное
2296;2184;115673000;с.о.им.Сакена Сейфуллина
2297;2296;115673100;с.Бирлестик
2298;2296;115673300;с.Жанатлек
2299;2296;115673400;с.Караозек
2300;2296;115673500;с.Сейфуллино
2301;2184;115677000;Сарыозекский с.о.
2302;2301;115677100;с.Акан
2303;2301;115677300;с.Баратай
2304;2301;115677800;с.Уголки
2305;1575;116000000;Коргалжынский район
2306;2305;116030000;Коргалжынский с.о.
2307;2306;116030100;с.Коргалжын
2308;2307;116030103;с.Биртабан
2309;2307;116030105;с.Бирлик
2310;2306;116030200;с.Абай
2311;2305;116033000;Амангельдинский с.о.
2312;2311;116033100;с.Уркендеу
2313;2311;116033300;с.Жумай
2314;2305;116035000;Арыктинский с.о.
2315;2314;116035100;с.Арыкты
2316;2315;116035103;с.Култай
2317;2315;116035105;с.Сулыколь
2318;2315;116035107;с.Коркылдак
2319;2314;116035400;с.Садырбай
2320;2305;116037000;Кенбидаикский с.о.
2321;2320;116037100;с.Кенбидаик
2322;2320;116037200;с.Екпинди
2323;2305;116039000;Майшукырский с.о.
2324;2323;116039100;с.Майшукур
2325;2323;116039300;с.Кумколь
2326;2305;116041000;Карашалгинский с.о.
2327;2326;116041100;с.Жантеке
2328;2326;116041200;с.Каргалы
2329;2326;116041400;с.Уялы
2330;2305;116045000;Кызылсайский с.о.
2331;2330;116045100;с.Шалкар
2332;2331;116045103;с.Алмас
2333;2331;116045105;с.Каскатау
2334;2330;116045500;с.Ушсарт
2335;2305;116047000;Сабундинский с.о.
2336;2335;116047100;с.Сабынды
2337;2335;116047200;с.Алгабас
2338;2335;116047300;с.Караегин
2339;1575;116400000;Сандыктауский район
2340;2339;116430000;Балкашинский с.о.
2341;2340;116430100;с.Балкашино
2342;2340;116430200;Лесхоз
2343;2340;116430300;с.Петровка
2344;2339;116435000;Баракпайский с.о.
2345;2344;116435100;с.Баракпай
2346;2344;116435400;с.Хлебное
2347;2346;116435405;с.Ащилы
2348;2339;116437000;Белгородский с.о.
2349;2348;116437100;с.Белгородское
2350;2349;116437105;с.Новодобринка
2351;2348;116437300;с.Преображенка
2352;2351;116437303;с.Профинтерн
2353;2348;116437500;с.Раздольное
2354;2339;116438000;Берликский с.о.
2355;2354;116438100;с.Красная Поляна
2356;2354;116438200;с.Арбузинка
2357;2354;116438600;с.Петриковка
2358;2339;116439000;Васильевский с.о.
2359;2358;116439100;с.Васильевка
2360;2358;116439200;с.Улан
2361;2358;116439300;с.Тучное
2362;2339;116441000;Веселовский с.о.
2363;2362;116441100;с.Байдалы
2364;2362;116441200;с.Жиланды
2365;2362;116441300;с.Новоселовка
2366;2339;116443000;Жамбылский с.о.
2367;2366;116443100;с.Приозерное
2368;2367;116443105;с.Березовка
2369;2366;116443300;с.Кызылказахстан
2370;2339;116447000;Каменский с.о.
2371;2370;116447100;с.Каменка
2372;2371;116447103;с.Ключевка
2373;2370;116447200;с.Богословка
2374;2339;116449000;Лесной с.о.
2375;2374;116449100;с.Лесное
2376;2375;116449103;с.Крутые Горки
2377;2374;116449200;с.Быстримовка
2378;2374;116449300;с.Граниковка
2379;2374;116449600;с.Михайловка
2380;2374;116449700;с.Речное
2381;2339;116450000;Мадениетский с.о.
2382;2381;116450100;с.Мадениет
2383;2339;116451000;Максимовский с.о.
2384;2383;116451100;с.Максимовка
2385;2383;116451200;с.Владимировка
2386;2383;116451300;с.Новый Городок
2387;2383;116451400;с.Спасское
2388;2339;116453000;с.о.Ақсораң
2389;2388;116453100;с.Новоникольское
2390;2388;116453200;с.Кумдыколь
2391;2388;116453300;с.Меньшиковка
2392;2388;116453400;с.Маралды
2393;2388;116453500;с.Смольное
2394;2339;116455000;Сандыктауский с.о.
2395;2394;116455100;с.Сандыктау
2396;2394;116455200;с.Новоромановка
2397;2339;116459000;Широковский с.о.
2398;2397;116459100;с.Богородка
2399;2397;116459300;с.Дорогинка
2400;1575;116600000;Целиноградский район
2401;2400;116630000;с.о.Акмол
2402;2401;116630100;с.Акмол
2403;2401;116630300;с.Отемис
2404;2400;116637000;Нуресильский с.о.
2405;2404;116637100;с.Нуресиль
2406;2404;116637300;с.Жана Жайнак
2407;2404;116637500;с.Раздольное
2408;2400;116643000;с.а.Кажымукан
2409;2408;116643100;с.Кажымукан
2410;2400;116644000;с.а.Каражар
2411;2410;116644100;с.Каражар
2412;2400;116645000;Кояндинская с.а.
2413;2412;116645100;с.Коянды
2414;2400;116647000;Жарлыкольский с.о.
2415;2414;116647100;с.Жангызкудук
2416;2414;116647200;с.Жарлыколь
2417;2400;116648000;Караоткельский с.о.
2418;2417;116648100;с.Караоткель
2419;2417;116648400;с.Жанажол
2420;2400;116649000;Оразакский с.о.
2421;2420;116649100;с.Оразак
2422;2420;116649200;с.Бирлик
2423;2400;116652000;Кызылсуатский с.о.
2424;2423;116652100;с.Кызыл суат
2425;2423;116652200;с.Аккайын
2426;2423;116652300;с.Нұрлы
2427;2423;116652500;с.Шубар
2428;2400;116653000;с.о.Тасты
2429;2428;116653100;с.Тасты
2430;2429;116653103;рзд.93
2431;2428;116653300;с.Акмечеть
2432;2428;116653700;ст.Тастак
2433;2400;116655000;Арайлынский с.о.
2434;2433;116655100;с.Арайлы
2435;2434;116655180;с.Жайнак
2436;2433;116655200;ст.Косшокы
2437;2433;116655300;с.Тонкерис
2438;2433;116655400;с.Ынтымак
2439;2400;116658000;с.а.Мәншүк Мәметова
2440;2439;116658100;с.Мәншүк Мәметова
2441;2400;116659000;Жанаесильский с.о.
2442;2441;116659100;с.Жанаесиль
2443;2441;116659200;с.Мортык
2444;2441;116659300;с.Караменды батыр
2445;2400;116661000;с.о.Родина
2446;2445;116661100;с.Родина
2447;2445;116661200;с.Зеленый Гай
2448;2445;116661300;с.Садовое
2449;2400;116663000;с.о.Ақжар
2450;2449;116663100;с.Ақжар
2451;2449;116663200;с.Опан
2452;2400;116665000;с.о.Кабанбай батыра
2453;2452;116665100;с.Кабанбай батыра
2454;2452;116665400;с.Кызылжар
2455;2452;116665500;с.Нура
2456;2452;116665600;с.Сарыадыр
2457;2400;116667000;с.о.Рахымжана Кошкарбаева
2458;2457;116667100;с. Рахымжана Кошкарбаева
2459;2458;116667102;с.Аганас
2460;2457;116667400;с.Сарыколь
2461;2457;116667500;с.Преображенка
2462;2400;116671000;Софиевский с.о.
2463;2462;116671100;с.Софиевка
2464;2463;116671105;с.Апполоновка
2465;2462;116671400;с.Жабай
2466;2400;116672000;с.а.Талапкер
2467;2466;116672100;с.Талапкер
2468;2400;116673000;Шалкарский с.о.
2469;2468;116673100;с.Шалкар
2470;2468;116673200;с.Каратомар
2471;2468;116673300;с.Отаутускен
2472;2400;116675000;с.а.Ыбырая Алтынсарина
2473;2472;116675100;с.Ыбырая Алтынсарина
2474;1575;116800000;Шортандинский район
2475;2474;116830000;Шортандинская п.а.
2476;2475;116830100;п.Шортанды
2477;2474;116833000;Андреевский с.о.
2478;2477;116833100;с.Андреевка
2479;2477;116833800;с.Октябрьское
2480;2474;116835000;Дамсинский с.о.
2481;2480;116835100;с.Дамса
2482;2480;116835400;п.Научный
2483;2480;116835600;с.Степное
2484;2474;116837000;с.о.Бозайгыр
2485;2484;116837100;с. Бозайгыр
2486;2484;116837200;с.Ключи
2487;2484;116837500;ст.Тонкерис
2488;2474;116839000;Жолымбетская п.а.
2489;2488;116839100;п.Жолымбет
2490;2474;116841000;с.о. Бектау
2491;2490;116841100;с.Бектау
2492;2490;116841200;с. Мыктыколь
2493;2490;116841400;с.Конкрынка
2494;2490;116841500;с.Каражар
2495;2474;116843000;Новокубанский с.о.
2496;2495;116843100;с.Новокубанка
2497;2495;116843200;с.Алтайское
2498;2474;116845000;Новоселовский с.о.
2499;2498;116845100;с.Новоселовка
2500;2499;116845105;с.Первомайское
2501;2498;116845400;с.Каратобинское
2502;2498;116845500;с.Новопервомайское
2503;2498;116845600;с.Ошак
2504;2474;116847000;Петровский с.о.
2505;2504;116847100;с.Петровка
2506;2505;116847105;с.Новокавказское
2507;2504;116847200;с.Белое Озеро
2508;2504;116847500;ст.Караадыр
2509;2474;116849000;Пригородный с.о.
2510;2509;116849100;с.Пригородное
2511;2510;116849105;с.Басколь
2512;2509;116849400;с.Камышенка
2513;2474;116855000;Раевский с.о.
2514;2513;116855100;с.Раевка
2515;2513;116855300;с.Гуляйполе
2516;2513;116855400;с.Егемен
2517;2513;116855500;с.Новографское
2518;1575;117000000;Бурабайский район
2519;2518;117020000;Щучинская г.а.
2520;2519;117020100;г.Щучинск
2521;2518;117033000;Абылайхановский с.о.
2522;2521;117033100;с.Кызылагаш
2523;2522;117033109;с.Мезгильсор
2524;2521;117033300;с.Акылбай
2525;2524;117033305;с.Баянбай
2526;2521;117033600;с.Карабауыр
2527;2526;117033605;с.Старый Карабаур
2528;2521;117033800;с.Озерное
2529;2528;117033805;с.Жанкара
2530;2518;117035000;Боровская п.а.
2531;2530;117035100;п.Бурабай
2532;2530;117035300;с.Окжетпес
2533;2530;117035500;с.Сарыбулак
2534;2518;117037000;Веденовский с.о.
2535;2534;117037100;с.Веденовка
2536;2535;117037103;Подстанция
2537;2534;117037400;с.Карабулак
2538;2537;117037405;с.Крупское
2539;2518;117049000;Зеленоборский с.о.
2540;2539;117049100;с.Зеленый Бор
2541;2540;117049105;Огород 2
2542;2540;117049109;с.Подхоз
2543;2540;117049180;с.Жанаталап
2544;2539;117049200;с.Молбаза
2545;2539;117049500;с.Кумызынай
2546;2539;117049600;с.Мадениет
2547;2539;117049700;с.Наурызбай батыра
2548;2547;117049702;с.Айгабак
2549;2547;117049703;с.Бидайык
2550;2518;117051000;Златопольский с.о.
2551;2550;117051100;с.Златополье
2552;2550;117051200;с.Лесной Хутор
2553;2550;117051300;с.Новоандреевка
2554;2550;117051400;с.Обалы
2555;2550;117051500;с.Савинка
2556;2550;117051600;с.Сотниковка
2557;2550;117051700;с.Тулькули
2558;2518;117053000;Кенесаринский с.о.
2559;2558;117053100;с.Кенесары
2560;2559;117053103;Подстанция
2561;2559;117053108;рзд.17
2562;2559;117053109;рзд.19
2563;2558;117053200;с.Брусиловка
2564;2558;117053300;с.Баянбай
2565;2518;117055000;с.о. Атамекен
2566;2565;117055100;с.Атамекен
2567;2565;117055200;с.Жанажол
2568;2565;117055300;с.Жаркайын
2569;2565;117055400;с.Жасыл
2570;2565;117055800;с.Каражар
2571;2565;117055900;с.Шиели
2572;2518;117057000;Катаркольский с.о.
2573;2572;117057100;с.Катарколь
2574;2573;117057103;Пионерлагерь Арман
2575;2573;117057105;Пионерлагерь Восход
2576;2573;117057107;Пионерлагерь Звездочка
2577;2573;117057109;ДОЦ Дашенька
2578;2573;117057111;Пионерлагерь Лесная сказка
2579;2573;117057113;Пионерлагерь Огонек
2580;2573;117057115;ДОЦ Континент
2581;2573;117057117;ДОЦ Простор
2582;2573;117057119;Оздоровит. центр КЕГОК-СЕРВИС
2583;2573;117057121;База отдыха СПУТНИК
2584;2573;117057123;санаторий прафил.С.Сейфуллина
2585;2573;117057125;ДОЦ Чайка
2586;2573;117057127;ДОЦ Юная смена
2587;2573;117057128;ДОЦ Восход
2588;2573;117057129;сезонный дет.сан.Жезказганец
2589;2573;117057131;ДОЦ Звездный
2590;2573;117057132;Центр оздоровит. Приозерный
2591;2572;117057200;с.Вишневое
2592;2572;117057300;с.Ключевое
2593;2572;117057500;с.Сосновка
2594;2518;117061000;Урумкайский с.о.
2595;2594;117061100;с.Урумкай
2596;2594;117061200;с.Дмитриевка
2597;2594;117061300;с.Корнекты
2598;2594;117061400;с.Аққайың
2599;2594;117061500;с.Кульстан
2600;2594;117061600;с.Киндиккарагай
2601;2594;117061700;с.Карашилик
2602;2518;117063000;Успеноюрьевский с.о.
2603;2602;117063100;с.Успено-юрьевка
2604;2603;117063103;кр.хоз Алексеевский
2605;2603;117063105;Подстанция
2606;2603;117063109;с.Ковалевка
2607;2602;117063380;с.Клинцы
2608;2602;117063580;с.Николаевка
2609;2602;117063800;с.Райгородок
2610;0;150000000;Актюбинская область
2611;2610;151000000;Актобе Г.А.
2612;2611;151010000;г.Актобе
2613;2611;151011100;район Астана
2614;2611;151013100;район Алматы
2615;2610;153200000;Алгинский район
2616;2615;153220000;Алгинская г.а.
2617;2616;153220100;г.Алга
2618;2615;153233000;Бескоспинский с.о.
2619;2618;153233100;с.Есет батыра Кокиулы
2620;2619;153233102;точка Кусем
2621;2619;153233103;зимовка Кайындыбулак
2622;2619;153233104;точка Калинин
2623;2618;153233300;с.Кзылту
2624;2623;153233302;точка Тормантай
2625;2615;153235000;Бестамакский с.о.
2626;2625;153235100;с.Бестамак
2627;2626;153235102;Пионерлагерь
2628;2626;153235103;рзд.42
2629;2626;153235105;точка Катпар
2630;2625;153235300;с.Бескоспа
2631;2615;153237000;Каракудыкский с.о.
2632;2631;153237100;с. Каракудык
2633;2631;153237200;с.Коктогай
2634;2633;153237205;точка Сарытогай
2635;2631;153237300;с.Тиккайын
2636;2615;153239000;Акайский с.о.
2637;2636;153239100;с.Акай
2638;2637;153239102;точка Акай
2639;2636;153239300;с.Кольтабан
2640;2639;153239302;точка Кабаштогай
2641;2639;153239303;точка Карсакбай
2642;2615;153241000;Ушкудукский с.о.
2643;2642;153241100;с.Ушкудык
2644;2642;153241200;с.Жеруйык
2645;2642;153241300;с.Аксазды
2646;2615;153242000;Караагашский с.о.
2647;2646;153242100;с.Самбай
2648;2646;153242800;с.Нурбулак
2649;2615;153243000;Карабулакский с.о.
2650;2649;153243100;с.Карабулак
2651;2649;153243200;с.Амангельды
2652;2615;153245000;Карахобдинский с.о.
2653;2652;153245100;с.Карахобда
2654;2653;153245102;точка Самал
2655;2652;153245300;с.Ерназар
2656;2652;153245400;с.Кумсай
2657;2615;153247000;Маржанбулакский с.о.
2658;2657;153247100;с.Маржанбулак
2659;2658;153247102;точка Танаберген
2660;2657;153247200;с.Кайындысай
2661;2615;153248000;Сарыхобдинский с.о.
2662;2661;153248100;с.Сарыхобда
2663;2661;153248300;с.Болгарка
2664;2615;153249000;Тамдинский с.о.
2665;2664;153249100;с.Тамды
2666;2665;153249103;зимовка Алгабас
2667;2664;153249200;с.Еркинкуш
2668;2664;153249300;с.Талдысай
2669;2615;153251000;Токмансайский с.о.
2670;2669;153251100;с.Кайнар
2671;2669;153251300;с.Токмансай
2672;2669;153251400;ст.Токмансай
2673;2610;153400000;Айтекебийский район
2674;2673;153430000;с.о.Темирбека Жургенева
2675;2674;153430100;с.Темирбека Жургенева
2676;2674;153430500;с.Талдысай
2677;2673;153433000;Аккольский с.о.
2678;2677;153433100;с.Акколь
2679;2673;153435000;Актастынский с.о.
2680;2679;153435100;с.Актасты
2681;2679;153435300;с.Толыбай
2682;2673;153437000;Аралтогайский с.о.
2683;2682;153437100;с.Аралтогай
2684;2682;153437300;с.Киякты
2685;2682;153437400;с.Милысай
2686;2682;153437500;Отделение Улгайсын
2687;2673;153439000;Кызылжулдузский с.о.
2688;2687;153439100;с.Аралтобе
2689;2673;153441000;Айкенский с.о.
2690;2689;153441100;с.Айке
2691;2690;153441108;ж/д вокзал
2692;2689;153441500;с.Теренсай
2693;2673;153443000;с.о.Тумабулак
2694;2693;153443100;с.Тумабулак
2695;2693;153443600;с.Сарыбулак
2696;2673;153447000;Жабасакский с.о.
2697;2696;153447100;с.Жабасак
2698;2696;153447200;с.Аккум
2699;2696;153447400;с.Байжанколь
2700;2673;153449000;Жамбылский с.о.
2701;2700;153449100;с.Жамбыл
2702;2673;153451000;Кайрактинский с.о.
2703;2702;153451100;с.Талдык
2704;2673;153453000;Карабутакский с.о.
2705;2704;153453100;с.Карабутак
2706;2704;153453300;с.Белкопа
2707;2704;153453400;с.Енбекту
2708;2704;153453500;с.Жароткель
2709;2673;153457000;Кумкудукский с.о.
2710;2709;153457100;с.Кумкудук
2711;2673;153458000;Саратский с.о.
2712;2711;153458100;с.Сарат
2713;2673;153459000;Сулукольский с.о.
2714;2713;153459100;с.Сулуколь
2715;2673;153473000;Ушкаттинский с.о.
2716;2715;153473100;с.Ушкатты
2717;2610;153600000;Байганинский район
2718;2717;153630000;Карауылкелдинский с.о.
2719;2718;153630100;с.Карауылкелды
2720;2719;153630105;зимовка Почта
2721;2719;153630112;зимовка Тиритам 1
2722;2719;153630116;зимовка Тиритам 2
2723;2719;153630117;зимовка Жанабаз
2724;2718;153630200;с.Кенжалы
2725;2718;153630400;с.Кокбулак
2726;2725;153630406;зимовка Копа
2727;2718;153630500;с.Косарал
2728;2727;153630503;зимовка Жанабаз 2
2729;2727;153630505;зимовка Коне Косарал
2730;2727;153630511;зимовка Сагыз
2731;2717;153633000;Ащинский с.о.
2732;2731;153633100;с.Ногайты
2733;2732;153633114;202 рзд
2734;2717;153635000;Жанажолский с.о.
2735;2734;153635100;с.Оймауыт
2736;2735;153635123;зимовка Карашбай
2737;2735;153635124;зимовка Ынтымак
2738;2735;153635125;зимовка Шатай
2739;2717;153637000;Жаркамысский с.о.
2740;2739;153637100;с.Жаркамыс
2741;2740;153637112;зимовка Каражар
2742;2740;153637113;зимовка Актогай
2743;2740;153637114;зимовка Аша
2744;2740;153637115;зимовка Баргана
2745;2740;153637116;зимовка Жырык
2746;2740;153637117;зимовка Почта
2747;2740;153637118;зимовка Тубек
2748;2740;153637119;зимовка Кызылжар
2749;2739;153637200;с.Актам
2750;2749;153637213;зимовка Акши 1
2751;2739;153637400;с.Каражар
2752;2751;153637409;зимовка Сарыколь
2753;2751;153637411;зимовка Каражар 1
2754;2751;153637412;зимовка Акши 2
2755;2751;153637413;зимовка Алшын
2756;2751;153637414;зимовка Карабулак
2757;2751;153637415;зимовка Кутанши
2758;2751;153637416;зимовка Кондысай
2759;2751;153637417;зимовка Тасаудан
2760;2717;153641000;Кольтабанский с.о.
2761;2760;153641100;с.Жарлы
2762;2761;153641102;рзд.174
2763;2761;153641103;зимовка Кенжалы
2764;2761;153641104;зимовка Аккудык
2765;2761;153641105;зимовка Ербас
2766;2761;153641106;зимовка Каражар
2767;2761;153641107;зимовка Карабуйрат
2768;2761;153641108;зимовка Камыскора
2769;2761;153641109;зимовка Кызылту
2770;2761;153641111;зимовка Кызылтан
2771;2761;153641112;зимовка Кулак
2772;2761;153641113;зимовка Мойындыкияк
2773;2761;153641114;зимовка Сарыбулак
2774;2761;153641115;зимовка Шихетер
2775;2761;153641116;зимовка Елибай
2776;2761;153641117;зимовка Карагандысай
2777;2761;153641118;зимовка Кызылкудык
2778;2761;153641119;зимовка Теренкудык
2779;2761;153641121;зимовка Улкен Соркудык
2780;2760;153641300;с.Кораши
2781;2760;153641500;с.Жынгылдытогай
2782;2717;153643000;Копинский с.о.
2783;2782;153643100;с.Ебейти
2784;2783;153643103;зимовка Ебейти
2785;2783;153643104;зимовка Бузаукора
2786;2783;153643105;зимовка Нуркебай
2787;2783;153643106;зимовка Ушбулак
2788;2782;153643200;с.Айрык
2789;2788;153643207;зимовка Сарбас
2790;2788;153643209;рзд.236
2791;2782;153643300;с.Коптогай
2792;2782;153643400;с.Копа
2793;2717;153649000;Кызылбулакский с.о.
2794;2793;153649100;с.Кемерши
2795;2793;153649200;с.Булактыколь
2796;2795;153649218;зимовка Ойык
2797;2793;153649300;с.Жанатан
2798;2717;153651000;Сарытогайский с.о.
2799;2798;153651100;с. Алтай батыра
2800;2798;153651200;с.Баршакум
2801;2798;153651300;с.Шукырши
2802;2717;153655000;Миялинский с.о.
2803;2802;153655100;с.Миялы
2804;2803;153655112;зимовка Терискенди
2805;2803;153655113;зимовка Каражар
2806;2803;153655114;зимовка Аксуат
2807;2802;153655300;с.Дияр
2808;2610;154000000;Каргалинский район
2809;2808;154030000;Бадамшинский с.о.
2810;2809;154030100;с.Бадамша
2811;2810;154030102;Кемпирсай ст.
2812;2808;154033000;Ащылысайский с.о.
2813;2812;154033100;с.Ащылысай
2814;2812;154033200;с.Бозтобе
2815;2812;154033400;с.Преображеновка
2816;2812;154033500;с.Акколь
2817;2808;154035000;Алимбетовский с.о.
2818;2817;154035100;с.Алимбет
2819;2808;154049000;Велиховский с.о.
2820;2819;154049100;с.Велиховка
2821;2819;154049400;с.Акжайык
2822;2821;154049402;точка Калымбай
2823;2821;154049403;зимовка Кенсайран
2824;2808;154051000;Желтауский с.о.
2825;2824;154051100;с.Петропавловка
2826;2808;154053000;Кемпирсайский с.о.
2827;2826;154053100;с.Жосалы
2828;2826;154053200;с.Кемпирсай
2829;2808;154055000;Кос-Истекский с.о.
2830;2829;154055100;с.Кос-Истек
2831;2808;154057000;Степной с.о.
2832;2831;154057100;с.Степное
2833;2831;154057200;с.Кайракты
2834;2808;154059000;с.а.Шамши Калдаякова
2835;2834;154059100;с.Шамши Калдаякова
2836;2835;154059102;Каргалинское водохранилище
2837;2835;154059104;кр.хоз Акшуак
2838;2610;154200000;Хобдинский район
2839;2838;154230000;Кобдинский с.о.
2840;2839;154230100;с.Кобда
2841;2839;154230200;с.Курсай
2842;2838;154233000;Акрабский с.о.
2843;2842;154233100;с.Акраб
2844;2838;154235000;Бестауский с.о.
2845;2844;154235100;с.Бестау
2846;2838;154237000;Сарбулакский с.о.
2847;2846;154237100;с.Сарбулак
2848;2838;154239000;Булакский с.о.
2849;2848;154239100;с. Алия
2850;2848;154239200;с.Булак
2851;2838;154241000;с.о.Имангали Билтабанова
2852;2851;154241100;с.им.Имангали Билтабанова
2853;2851;154241200;с.Косоткель
2854;2851;154241500;с.Байтак
2855;2838;154247000;Жарсайский с.о.
2856;2855;154247100;с.Жарсай
2857;2855;154247200;с.Аксай
2858;2855;154247300;с.Караганда
2859;2838;154249000;Жарыкский с.о.
2860;2859;154249100;с.Жарык
2861;2859;154249300;с.Жаманколь
2862;2859;154249400;с.Канай
2863;2859;154249500;с.Ортак
2864;2838;154251000;Жиренкопинский с.о.
2865;2864;154251100;с.Жиренкопа
2866;2838;154255000;Бегалинский с.о.
2867;2866;154255100;с.Бескудык
2868;2838;154257000;Кызылжарский с.о.
2869;2868;154257100;с.Кызылжар
2870;2868;154257300;с.Каракемер
2871;2838;154258000;с.о.им.И.Курманова
2872;2871;154258100;с.Бегалы
2873;2871;154258500;с.Егиндибулак
2874;2838;154261000;Отекский с.о.
2875;2874;154261100;с.Отек
2876;2874;154261200;с.Жарсай
2877;2838;154263000;Согалинский с.о.
2878;2877;154263100;с.Кок Уй
2879;2877;154263200;с.Когалы
2880;2877;154263300;с.Согалы
2881;2838;154265000;Талдысайский с.о.
2882;2881;154265100;с.Талдысай
2883;2838;154267000;Терисакканский с.о.
2884;2883;154267100;с.Терисаккан
2885;2883;154267200;с.Жанаталап
2886;2610;154600000;Мартукский район
2887;2886;154630000;Мартукский с.о.
2888;2887;154630100;с.Мартук
2889;2887;154630200;с.Жанатан
2890;2887;154630300;с.Казан
2891;2887;154630500;с.Кумсай
2892;2886;154635000;Байторысайский с.о.
2893;2892;154635100;с.Байторысай
2894;2892;154635200;с.Дмитриевка
2895;2892;154635300;с.Покровка
2896;2892;154635400;с.Полтавка
2897;2886;154637000;Хазретовский с.о.
2898;2897;154637100;с.Хазретовка
2899;2897;154637200;с.Жездибай
2900;2886;154639000;Жайсанский с.о.
2901;2900;154639100;с.Жайсан
2902;2901;154639102;рзд.33
2903;2900;154639500;с.Кокпекти
2904;2886;154643000;Каратогайский с.о.
2905;2904;154643100;с.Каратогай
2906;2886;154645000;Карашайский с.о.
2907;2906;154645100;с.Каратаусай
2908;2906;154645300;с.Аккайын
2909;2886;154647000;Кызылжарский с.о.
2910;2909;154647100;с.Кызылжар
2911;2909;154647200;с.Борте
2912;2909;154647300;с.Шевченко
2913;2886;154651000;с.о.Танирберген
2914;2913;154651100;с.Саржансай
2915;2913;154651300;с.Кенсахара
2916;2886;154653000;с.о.Байнассай
2917;2916;154653100;с.Байнассай
2918;2916;154653400;с.Акмоласай
2919;2886;154655000;Аккудыкский с.о.
2920;2919;154655100;с.Вознесеновка
2921;2919;154655200;с.Достык
2922;2919;154655300;с.Первомайка
2923;2919;154655400;с.Жанажол
2924;2919;154655500;с.Карабулак
2925;2886;154657000;Родниковский с.о.
2926;2925;154657100;с.Родниковка
2927;2886;154659000;с.о. Курмансай
2928;2927;154659100;с.Курмансай
2929;2927;154659300;с.Егизата
2930;2927;154659400;с.Шанды
2931;2886;154661000;Сарыжарский с.о.
2932;2931;154661100;с.Сарыжар
2933;2610;154800000;Мугалжарский район
2934;2933;154820000;Кандыагашская г.а.
2935;2934;154820100;г.Кандыагаш
2936;2933;154823000;Эмбинская г.а.
2937;2936;154823100;г.Эмба
2938;2933;154825000;Жемская г.а.
2939;2938;154825100;г.Жем
2940;2933;154833000;Аккемерский с.о.
2941;2940;154833100;с.Аккемер
2942;2940;154833200;с.Коктобе
2943;2942;154833205;рзд.312
2944;2940;154833300;с.Жарык
2945;2940;154833400;с.Елек
2946;2940;154833600;с.Котибар
2947;2933;154835000;Ащысайский с.о.
2948;2947;154835100;с.Ащысай
2949;2947;154835300;с.Аксу
2950;2947;154835500;с.Сабындыколь
2951;2933;154837000;Батпаккольский с.о.
2952;2951;154837100;с.Жагабулак
2953;2951;154837200;с.Жаркемер
2954;2951;154837300;с.Кожасай
2955;2951;154837400;с.Сага
2956;2951;154837500;с.Шенгельши
2957;2933;154839000;Егиндыбулакский с.о.
2958;2957;154839100;с. Булакты
2959;2957;154839600;с.Миялыколь
2960;2933;154841000;Енбекский с.о.
2961;2960;154841100;с.Сагашили
2962;2961;154841104;зимовка аул 7
2963;2961;154841105;зимовка Жалгыз агаш
2964;2960;154841200;с.Басшили
2965;2960;154841880;ст.Темир-мост
2966;2960;154841900;с.Тепсен-Карабулак
2967;2933;154843000;с.о.им.Кудайбергена Жубанова
2968;2967;154843100;с.Караколь
2969;2968;154843109;заимка Атайсайы
2970;2968;154843111;зимовка Каралатсай
2971;2968;154843112;зимовка Ордашкора
2972;2968;154843113;зимовка Амансай
2973;2967;154843200;с.Жанатурмыс
2974;2933;154845000;Журынский с.о.
2975;2974;154845100;с.Джурун
2976;2975;154845108;зимовка Аманкельди
2977;2974;154845300;с. Кобелей
2978;2974;154845400;с. Колденен Темир
2979;2974;154845600;рзд.53
2980;2933;154847000;Кайындинский с.о.
2981;2980;154847100;с.Кайынды
2982;2980;154847300;с.Алтынды
2983;2933;154851000;Кумжарганский с.о.
2984;2983;154851100;с.Бирлик
2985;2983;154851300;с.Кумсай
2986;2985;154851307;ст.Кудук
2987;2983;154851400;с.Кумжарган
2988;2933;154855000;Кумсайский с.о.
2989;2988;154855100;с.Кумсай
2990;2933;154857000;Мугалжарский с.о.
2991;2990;154857100;с.Мугалжар
2992;2991;154857105;ст.Кыргыз
2993;2991;154857106;рзд.57
2994;2933;154865000;Талдысайский с.о.
2995;2994;154865100;с.Талдысай
2996;2995;154865104;точка Ешкибаз
2997;2994;154865400;с.Енбек
2998;2997;154865407;зимовка Шокимбаз
2999;2610;155200000;Уилский район
3000;2999;155230000;Уилский с.о.
3001;3000;155230100;с.Уил
3002;3001;155230102;зимовка Доброво
3003;3001;155230103;зимовка Камысбаз
3004;3001;155230104;зимовка Кералы
3005;3001;155230105;зимовка Микол
3006;3001;155230106;зимовка Сарат
3007;3001;155230107;зимовка Тогыз үй
3008;3001;155230108;зимовка Ащыкара
3009;3001;155230109;зимовка Енсеген
3010;3001;155230111;зимовка Тайлакбай
3011;3001;155230112;зимовка Ашысай
3012;3001;155230113;зимовка Сегизсай
3013;3001;155230114;зимовка Талтогай
3014;3000;155230200;с.Акшатау
3015;3000;155230300;с.Екпетал
3016;3000;155230400;с.Каракемер
3017;2999;155235000;Каиндинский с.о.
3018;3017;155235100;с.Акжар
3019;3017;155235300;с.Косембай
3020;2999;155237000;Караойский с.о.
3021;3020;155237100;с.Караой
3022;3020;155237300;с.Кубасай
3023;2999;155239000;с.о.им. Ш.Берсиева
3024;3023;155239100;с.Каратал
3025;3024;155239104;зимовка Туралы
3026;3024;155239105;зимовка Теренкудык
3027;3024;155239106;зимовка Сарыколка
3028;3024;155239107;зимовка Ринат
3029;3024;155239108;зимовка Нуртажи
3030;3024;155239109;зимовка Байбеке
3031;3024;155239111;зимовка Ак уй
3032;3024;155239112;зимовка Уштамак
3033;3024;155239113;зимовка Ушкатты
3034;3024;155239114;зимовка Киякты
3035;3024;155239115;зимовка Кумсай
3036;3024;155239116;зимовка Каргатуяк
3037;3024;155239117;зимовка Кыркым
3038;3024;155239118;зимовка Киши кемер
3039;3024;155239119;зимовка Коздиколь
3040;3024;155239121;зимовка Кемерши
3041;3024;155239122;зимовка Жанаталап
3042;3024;155239123;зимовка Шанке
3043;3023;155239200;с.Карасу
3044;3023;155239300;с.Кумжарган
3045;2999;155243000;Коптогайский с.о.
3046;3045;155243100;с.Коптогай
3047;3046;155243105;зимовка Индисай
3048;3046;155243106;зимовка Аксай
3049;3046;155243107;зимовка Бисебай
3050;3046;155243108;зимовка Ешкибаз
3051;3046;155243109;зимовка Жалгызшагыл
3052;3046;155243111;зимовка Жанабаз
3053;3046;155243112;зимовка Жыланбас
3054;3046;155243113;зимовка Ойылбаз
3055;3046;155243114;зимовка Шатпа-3
3056;3046;155243115;зимовка Шижага
3057;3046;155243116;зимовка Карасу
3058;3046;155243117;зимовка Конырсай
3059;3046;155243118;зимовка Коныртогай
3060;3046;155243119;зимовка Кумаксай
3061;3046;155243121;зимовка Алгабас
3062;3046;155243122;зимовка Тартогай
3063;3046;155243123;зимовка Шибулак
3064;3046;155243124;зимовка Таушан
3065;3045;155243200;с.Аманкельды
3066;3045;155243300;с.Карасу
3067;3045;155243400;с.Шубарши
3068;2999;155245000;Саралжынский с.о.
3069;3068;155245100;с.Кемер
3070;3068;155245200;с.Аккемер
3071;3070;155245205;зимовка Каракуыс
3072;3068;155245300;с.Бестамак
3073;3068;155245400;с.Конырат
3074;3068;155245500;с.Шикудук
3075;2999;155247000;Сарыбийский с.о.
3076;3075;155247100;с.Сарыбие
3077;3076;155247104;зимовка Ушкарасу
3078;3076;155247105;зимовка Саралжын
3079;3076;155247106;зимовка Жундибай
3080;3076;155247107;зимовка Жанабаз
3081;3076;155247108;зимовка Боктыарал
3082;3075;155247200;с.Караколь
3083;2610;155600000;Темирский район
3084;3083;155621000;Темирская г.а.
3085;3084;155621100;г.Темир
3086;3084;155621200;с.Жамбыл
3087;3083;155630000;Шубаркудукский с.о.
3088;3087;155630100;п.Шубаркудук
3089;3083;155632000;Аксайский с.о.
3090;3089;155632100;с.Аксай
3091;3090;155632103;точка Акжар
3092;3090;155632104;зимовка Бадамша
3093;3090;155632107;зимовка Кондайбаз
3094;3090;155632108;точка Сарытобе
3095;3090;155632114;зимовка Едилсай
3096;3090;155632115;зимовка Ермекбай
3097;3090;155632116;зимовка Жанабаз
3098;3090;155632117;зимовка Каржаубаз
3099;3090;155632118;зимовка Ойылбаз
3100;3090;155632119;зимовка Суликти
3101;3090;155632121;зимовка Тарттогай
3102;3089;155632200;с.Ащысай
3103;3089;155632300;с.Бирлик
3104;3103;155632302;точка Игибай
3105;3103;155632303;точка Кумды
3106;3089;155632500;с.Шыгырлы
3107;3083;155633000;Алтыкарасуский с.о.
3108;3107;155633100;с.Алтыкарасу
3109;3108;155633103;точка Баспакбаз
3110;3108;155633106;зимовка Есенбай
3111;3108;155633108;точка Калмен
3112;3108;155633111;точка Кумды
3113;3108;155633112;точка Таскабак
3114;3107;155633300;с.Енбекши
3115;3114;155633304;точка Шыгырлы
3116;3114;155633305;зимовка Мари
3117;3114;155633306;зимовка Актогай
3118;3107;155633400;с.Сарытогай
3119;3118;155633403;точка Куйгенбаз
3120;3118;155633406;зимовка Таскемер
3121;3083;155637000;Кайындинский с.о.
3122;3121;155637100;с.Кумкудык
3123;3122;155637102;зимовка Кумкудык
3124;3122;155637103;зимовка Сарыкемер
3125;3121;155637200;с.Бабатай
3126;3125;155637202;зимовка Жанатан
3127;3125;155637203;зимовка Молбай
3128;3121;155637300;с.Шибулак
3129;3128;155637302;зимовка Сагабаз
3130;3083;155639000;Кенкиякский с.о.
3131;3130;155639100;с.Кенкияк
3132;3130;155639200;с.Башенколь
3133;3132;155639202;зимовка Ашекей
3134;3083;155641000;Кенестуский с.о.
3135;3134;155641100;с.Копа
3136;3135;155641103;зимовка Кызылкудык
3137;3135;155641105;зимовка Тос
3138;3134;155641300;ст.Калмаккырылган
3139;3134;155641600;с.Шитубек
3140;3083;155642000;Саркольский с.о.
3141;3140;155642100;п.Шубарши
3142;3140;155642400;с.Копа
3143;3142;155642402;зимовка Боктыкарын
3144;3142;155642406;зимовка Матен
3145;3142;155642407;зимовка Караганды
3146;3142;155642408;зимовка Мажит
3147;3140;155642500;с.Кумсай
3148;3147;155642503;зимовка Каракойши
3149;3083;155643000;Таскопинский с.о.
3150;3149;155643100;с.Таскопа
3151;3150;155643105;точка Кызылжар
3152;3150;155643114;зимовка Ортабаз
3153;3150;155643116;точка Ортабаз
3154;3083;155645000;Жаксымайский с.о.
3155;3154;155645100;с.Шубаркудык
3156;3154;155645300;ст.Жаксымай
3157;2610;156000000;Хромтауский район
3158;3157;156020100;г.Хромтау
3159;3157;156033000;Абайский с.о.
3160;3159;156033100;с.Абай
3161;3159;156033800;с.Тассай
3162;3157;156035000;Богетсайский с.о.
3163;3162;156035100;с.Богетсай
3164;3162;156035400;с.Карлау
3165;3157;156036000;с.о.Дон
3166;3165;156036100;с.Дон
3167;3165;156036600;с.Онгар
3168;3157;156037000;Коктобинский с.о.
3169;3168;156037100;с.Майтобе
3170;3168;156037500;с.Коктерек
3171;3157;156039000;Аккудыкский с.о.
3172;3171;156039100;с.Аккудык
3173;3157;156040000;Коктауский с.о.
3174;3173;156040100;с.Коктау
3175;3157;156041000;Копинский с.о.
3176;3175;156041100;с.Копа
3177;3175;156041400;с.Тамды
3178;3157;156043000;Кудуксайский с.о.
3179;3178;156043100;с.Кудуксай
3180;3178;156043500;с.Ойсылкара
3181;3157;156045000;Кызылсуский с.о.
3182;3181;156045100;с.Сарысай
3183;3181;156045600;с.Кызылсу
3184;3157;156047000;Акжарский с.о.
3185;3184;156047100;с.Акжар
3186;3185;156047104;зимовка Тускайынсай
3187;3184;156047500;ст.Жазык
3188;3157;156048000;с.а.Никельтау
3189;3188;156048100;с.Никельтау
3190;3157;156049000;Табантальский с.о.
3191;3190;156049100;с.Табантал
3192;3190;156049300;с.Жайлаусай
3193;3190;156049400;с.Коптогай
3194;3157;156051000;Тассайский с.о.
3195;3194;156051100;с.Тассай
3196;3194;156051400;с.Кокпекти
3197;3157;156053000;Тасоткельский с.о.
3198;3197;156053100;с.Тасоткель
3199;3197;156053200;с.Акбулак
3200;3197;156053300;с.Актасты
3201;2610;156400000;Шалкарский район
3202;3201;156420000;Шалкарская г.а.
3203;3202;156420100;г.Шалкар
3204;3201;156433000;Айшуакский с.о.
3205;3204;156433100;с.Бегимбет
3206;3205;156433102;точка Аккора
3207;3205;156433103;точка Жаманкум
3208;3205;156433104;ГКС-11
3209;3205;156433105;точка Каражиде
3210;3205;156433106;точка Козкора
3211;3205;156433107;точка Миялы
3212;3205;156433108;точка Оразымбет
3213;3205;156433109;точка Примбет
3214;3205;156433111;точка Сарыапан
3215;3205;156433112;точка Соркудук
3216;3205;156433113;точка Талап
3217;3205;156433115;точка Акшакудук
3218;3205;156433116;точка Кокала
3219;3205;156433117;точка Маташ
3220;3205;156433118;точка Сейл
3221;3205;156433119;База туз
3222;3204;156433200;с.Есетата
3223;3222;156433203;База Бектемир
3224;3222;156433204;точка Буйрек
3225;3222;156433205;точка Жолкудук
3226;3222;156433206;точка Жана база
3227;3222;156433207;точка Кишиколь
3228;3222;156433208;точка Найзакесен
3229;3222;156433209;точка Сарыуста
3230;3222;156433211;точка Сынтас 1
3231;3222;156433212;точка Сынтас 2
3232;3222;156433213;точка Сынтас 3
3233;3222;156433214;точка Сынтас 4
3234;3222;156433215;точка Тастыкорган
3235;3201;156435000;Актогайский с.о.
3236;3235;156435100;с.Котртас
3237;3236;156435106;ст.Кауылжыр
3238;3235;156435200;с. им.Актан батыра
3239;3235;156435300;с.Корганжар
3240;3201;156437000;Бозойский с.о.
3241;3240;156437100;с.Бозой
3242;3241;156437102;точка Алибек
3243;3241;156437103;точка Жаксыбай
3244;3241;156437104;точка Жолкудук
3245;3241;156437105;точка Караногай
3246;3241;156437106;точка Куйгенбаз
3247;3241;156437107;точка Кызгалдак
3248;3241;156437108;точка Латипшерип
3249;3241;156437109;точка Таскора
3250;3241;156437111;точка Томаркудук
3251;3241;156437112;точка Шаштыбай
3252;3240;156437200;с.Канбакты
3253;3252;156437202;точка Алтынкудук
3254;3252;156437203;точка Баканды
3255;3252;156437204;точка Каратобе
3256;3252;156437205;точка Нарегей
3257;3252;156437206;точка Сагымбай
3258;3252;156437207;точка Смагул
3259;3252;156437208;точка Таскора
3260;3252;156437209;точка Хан
3261;3201;156438000;с.о.Бершугир
3262;3261;156438100;с.Биршогыр
3263;3261;156438200;с.Алабас
3264;3261;156438400;с.Сарсай
3265;3201;156439000;с.о.им.Есета Котибарова
3266;3265;156439100;с.Байкадам
3267;3266;156439102;точка Акбулак
3268;3266;156439103;точка Бекет
3269;3266;156439104;точка Бозкол
3270;3266;156439105;точка Итжемес
3271;3266;156439106;точка Кунгей
3272;3266;156439107;точка Кулет
3273;3266;156439108;точка Маякум
3274;3266;156439109;точка Сарытабан
3275;3266;156439111;точка Саки 1
3276;3266;156439112;точка Саки 2
3277;3266;156439113;точка Танашхан
3278;3266;156439114;точка Уштаган 1
3279;3266;156439115;точка Уштаган 2
3280;3266;156439116;точка Шагылкудук
3281;3266;156439117;точка Алимбет
3282;3266;156439118;точка Айжаркын
3283;3266;156439119;точка Бактыбай
3284;3266;156439121;точка Габбас
3285;3266;156439122;точка Жаманшили
3286;3266;156439123;точка Карабулак
3287;3266;156439124;точка Киякты
3288;3266;156439125;точка Кызылбурыш
3289;3266;156439126;точка Сасыкколь
3290;3266;156439127;точка Шукыр
3291;3201;156441000;Жанаконысский с.о.
3292;3291;156441100;с.Аккайтым
3293;3292;156441102;точка Акши
3294;3292;156441103;точка Астаушы
3295;3292;156441104;точка Бакберген
3296;3292;156441105;точка Жиделкузен
3297;3292;156441106;точка Жундыкудук
3298;3292;156441107;точка Итжемис
3299;3292;156441108;точка Кабырга
3300;3292;156441109;точка Конысбай
3301;3292;156441111;точка Койынбай
3302;3292;156441112;точка Куйгелек
3303;3292;156441113;точка Маяк
3304;3292;156441114;точка Мешелкара
3305;3292;156441115;точка Сарытабан 8
3306;3292;156441116;точка Сарытабан 10
3307;3292;156441117;точка Сарыкуыс
3308;3292;156441118;точка Ойыл
3309;3292;156441119;точка Тажиконыр
3310;3292;156441121;точка Тентнесары
3311;3292;156441122;точка Тузбаза
3312;3292;156441123;точка Тышкандыкудук
3313;3291;156441200;с.Копасор
3314;3313;156441202;точка Мажик
3315;3313;156441203;точка Жанабаза
3316;3313;156441204;точка Жомарт
3317;3313;156441205;точка Тасуйген
3318;3313;156441206;точка Томаркудук
3319;3313;156441207;точка Токтантуз
3320;3201;156442000;Кишикумский с.о.
3321;3320;156442100;с.Шиликты
3322;3321;156442102;точка Актам
3323;3321;156442103;точка Акпан 1
3324;3321;156442104;точка Акпан 2
3325;3321;156442105;точка Ашикудук
3326;3321;156442106;точка Аккудук
3327;3321;156442107;точка Астаусор
3328;3321;156442108;точка Болеген
3329;3321;156442109;точка Жалаулы
3330;3321;156442111;точка Жаппас
3331;3321;156442112;точка Жолымет
3332;3321;156442113;точка Килибай
3333;3321;156442114;точка Кекрели
3334;3321;156442115;точка Каракудук
3335;3321;156442116;точка Курмыш
3336;3321;156442117;точка Колкудук
3337;3321;156442118;точка Мешит
3338;3321;156442119;точка Мурункум
3339;3321;156442121;точка Мендикол
3340;3321;156442122;точка Сарытепсен
3341;3321;156442123;точка Сарыбас
3342;3321;156442124;точка Самбай
3343;3321;156442125;точка Опытный
3344;3321;156442126;точка Талкора
3345;3321;156442127;точка Тепсен
3346;3321;156442128;точка Тлекул
3347;3321;156442129;точка Тузгенды
3348;3321;156442131;точка Трасса
3349;3320;156442200;с.Акеспе
3350;3320;156442300;с.Карашокат
3351;3320;156442800;с.Шокысу
3352;3201;156443000;Кауылжырский с.о.
3353;3352;156443100;с.Кауылжыр
3354;3353;156443105;зимовка Сарышокы
3355;3353;156443106;точка Ащысай
3356;3353;156443107;точка Жалгызкудук
3357;3353;156443108;точка Карабулак
3358;3353;156443109;точка Сайкудук
3359;3353;156443111;зимовка Туз
3360;3352;156443880;ст.Соленый
3361;3352;156443900;с.Улпан
3362;3201;156444000;Монкебийский с.о.
3363;3362;156444100;с.Монке би
3364;3363;156444105;точка Акмолалыколь
3365;3363;156444106;точка Жалшокты
3366;3363;156444107;точка Жиде
3367;3363;156444108;точка Карашеген
3368;3363;156444109;точка Кудайколь
3369;3363;156444111;точка Кумшокат
3370;3363;156444112;точка Кызылкеспе
3371;3363;156444113;точка Саралжылдысу
3372;3363;156444114;точка Таскара
3373;3363;156444115;точка Тугескен
3374;3363;156444116;точка Кабыколь
3375;3363;156444117;точка Кудук
3376;3363;156444118;точка Суттиколь
3377;3363;156444119;точка Талдыкудук
3378;3363;156444121;точка Уялыколь
3379;3201;156445000;Тогызский с.о.
3380;3379;156445100;с.Тогыз
3381;3379;156445200;с.Жылан
3382;3381;156445280;с.Копмула
3383;3379;156445400;с.Кендала
3384;3379;156445600;с.Тосбулак
3385;3201;156447000;Челкарский с.о.
3386;3385;156447100;с.Жылтыр
3387;3386;156447102;точка Акойма
3388;3386;156447103;точка Актубек
3389;3386;156447104;точка Ебес
3390;3386;156447105;точка Ережеп
3391;3386;156447106;точка Жазыкбай
3392;3386;156447107;точка Карагайлы
3393;3386;156447108;точка Каратал
3394;3386;156447109;точка Каражиде
3395;3386;156447111;точка Кутым
3396;3386;156447114;точка Шукыр
3397;3386;156447116;точка Акши
3398;3386;156447117;точка Дамбар
3399;3386;156447118;точка Даулетияр
3400;3386;156447119;точка Камбарши
3401;3386;156447121;точка Маякум
3402;3386;156447122;точка Моинкум
3403;3386;156447123;точка Склад
3404;3386;156447124;точка Томаркудук
3405;3386;156447125;точка Туз
3406;3386;156447126;точка Шынырау
3407;3385;156447300;с.Талдыкум
3408;3407;156447302;точка Ашыкудук
3409;3407;156447303;точка Аянкора
3410;3407;156447304;точка Дандыбек
3411;3407;156447305;точка Дуздибай
3412;3407;156447306;точка Кадым
3413;3407;156447307;точка Канке
3414;3407;156447308;точка Канбакты
3415;3407;156447309;точка Колкамыс
3416;3407;156447311;точка Киякты
3417;3407;156447312;точка Мешит
3418;3407;156447313;точка Сызкара
3419;3407;156447314;точка Утараралы
3420;3407;156447315;точка Шикудук
3421;3201;156451000;Шетиргизский с.о.
3422;3421;156451100;с.Каратогай
3423;3422;156451102;точка Кокпектиколь
3424;3422;156451103;точка Кайнды
3425;3422;156451104;точка Карасай
3426;3422;156451105;точка Кызылжар
3427;3422;156451106;точка Томан
3428;3422;156451108;точка Кокжар
3429;3422;156451109;точка Копа
3430;3421;156451200;с.Тумалыколь
3431;2610;156800000;Иргизский район
3432;3431;156830000;Иргизский с.о.
3433;3432;156830100;с.Иргиз
3434;3433;156830112;зимовка Есеншагыл
3435;3432;156830200;с.Акши
3436;3435;156830202;зимовка Акши 1
3437;3435;156830203;зимовка Акши 2
3438;3432;156830300;с.Калыбай
3439;3438;156830314;зимовка Манканай
3440;3431;156835000;Аманкольский с.о.
3441;3440;156835100;с.Кутиколь
3442;3440;156835200;с.Аманколь
3443;3440;156835300;с.Жарма
3444;3431;156837000;Жайсанбайский с.о.
3445;3444;156837100;с.Жайсанбай
3446;3431;156839000;Кумтогайский с.о.
3447;3446;156839100;с.Кумтогай
3448;3446;156839200;с.Каракудык
3449;3448;156839204;зимовка Жолгылау
3450;3448;156839209;зимовка Ушпора 1
3451;3448;156839211;зимовка Ушпора 2
3452;3446;156839300;с.Карасай
3453;3452;156839305;зимовка Сагымбай
3454;3452;156839309;зимовка Басауыл
3455;3431;156841000;Кызылжарский с.о.
3456;3455;156841100;с.Курылыс
3457;3456;156841108;зимовка Маймак 1
3458;3456;156841118;зимовка Маймак 2
3459;3456;156841119;зимовка Костерек
3460;3456;156841121;зимовка Жасталап
3461;3455;156841200;с. Жаныс би
3462;3455;156841400;с.Шенбертал
3463;3462;156841403;зимовка Сарыбас
3464;3462;156841405;зимовка Акбаз
3465;3431;156843000;Нуринский с.о.
3466;3465;156843100;с.Нура
3467;3465;156843200;с.Белшер
3468;3465;156843300;с.Дукен
3469;3465;156843400;с.Мамыр
3470;3469;156843405;зимовка Еркобек
3471;3431;156845000;Тауипский с.о.
3472;3471;156845100;с.Куйлыс
3473;3472;156845106;зимовка Курманбай
3474;3472;156845107;зимовка Балгабай
3475;3472;156845108;зимовка Коздикара
3476;3472;156845109;зимовка Кольтай
3477;3472;156845111;зимовка Жаршенгель
3478;3472;156845112;зимовка Герой
3479;3472;156845113;зимовка Туктигул
3480;3472;156845114;зимовка Махамбет
3481;3472;156845115;зимовка Акоткель
3482;3472;156845116;зимовка Жалгасшоккен
3483;0;190000000;Алматинская область
3484;3483;191000000;Қонаев Г.А.
3485;3484;191010000;г.Қонаев
3486;3484;191037000;Шенгельдинский с.о.
3487;3486;191037100;с.Шенгельды
3488;3487;191037102;Военный городок
3489;3487;191037103;Зона отдыха
3490;3487;191037104;санаторий Металлург
3491;3486;191037200;с.Акозек
3492;3486;191037300;рзд.Боктер
3493;3486;191037400;с.Кербулак
3494;3486;191037500;рзд.Кулантобе
3495;3486;191037600;ст.Коскудык
3496;3486;191037700;с.Сарыбулак
3497;3486;191037800;рзд.Таскум
3498;3486;191037900;с.Шолак
3499;3483;191800000;Алатау Г.А.
3500;3499;191810000;г.Алатау
3501;3483;193600000;Балхашский район
3502;3501;193630000;Баканасский с.о.
3503;3502;193630100;с.Баканас
3504;3503;193630102;Ботанический сад
3505;3502;193630200;с.Бояулы
3506;3505;193630206;ЛХПП питомник
3507;3505;193630209;кр.хоз Чингизхан
3508;3502;193630300;с.Ушжарма
3509;3501;193633000;Акдалинский с.о.
3510;3509;193633100;с.Акдала
3511;3510;193633106;кр.хоз Алияр
3512;3510;193633111;Аэропорт
3513;3510;193633119;кр.хоз Ерлан
3514;3510;193633127;кр.хоз Рассвет
3515;3501;193635000;Акжарский с.о.
3516;3515;193635100;с.Акжар
3517;3515;193635200;с.Аралтобе
3518;3517;193635202;кр.хоз Аралтобе 1
3519;3517;193635203;кр.хоз Аралтобе 2
3520;3501;193637000;Аккольский с.о.
3521;3520;193637100;с.Акколь
3522;3521;193637102;Рыбныйпункт 6
3523;3521;193637105;Казторг
3524;3521;193637108;Водомер
3525;3520;193637200;с.Кокжиде
3526;3501;193643000;Бакбактинский с.о.
3527;3526;193643100;с.Бакбакты
3528;3501;193645000;Берекенский с.о.
3529;3528;193645100;с.Береке
3530;3528;193645200;с.Бура
3531;3501;193647000;Бирликский с.о.
3532;3531;193647100;с.Бирлик
3533;3532;193647108;кр.хоз Жармукаш
3534;3532;193647112;кр.хоз Толкынбекова
3535;3501;193649000;Желторангинский с.о.
3536;3535;193649100;с.Желторангы
3537;3535;193649200;с.Каскаогиз
3538;3537;193649203;уч.Каскаогиз 1
3539;3501;193653000;Жиделинский с.о.
3540;3539;193653100;с.Жидели
3541;3539;193653400;с.Кошкарбай
3542;3539;193653500;с.Оракты батыр
3543;3501;193655000;Коктальский с.о.
3544;3543;193655100;с.Коктал
3545;3544;193655123;кр.хоз Кызылбаз
3546;3544;193655124;кр.хоз Кырбас-Жарбас
3547;3544;193655129;кр.хоз. Ата мекен
3548;3543;193655300;с.Коскумбез
3549;3501;193657000;Караойский с.о.
3550;3549;193657100;с.Караой
3551;3549;193657200;с.Аралкум
3552;3549;193657300;с.Аркар
3553;3501;193659000;Балатопарский с.о.
3554;3553;193659100;с.Балатопар
3555;3554;193659123;уч.Акбайлау
3556;3553;193659300;с.Акдала
3557;3501;193663000;Миялинский с.о.
3558;3557;193663100;с.Миялы
3559;3501;193665000;Куйганский с.о.
3560;3559;193665100;с.Куйган
3561;3559;193665200;с.Караозек
3562;3501;193667000;Топарский с.о.
3563;3562;193667100;с.Топар
3564;3483;194000000;Енбекшиказахский район
3565;3564;194020000;Есикская г.а.
3566;3565;194020100;г.Есик
3567;3564;194033000;Аватский с.о.
3568;3567;194033100;с.Ават
3569;3564;194035000;Акшийский с.о.
3570;3569;194035100;с.Акши
3571;3569;194035200;с.Казатком
3572;3569;194035300;с.Кайрат
3573;3569;194035500;с.Сазы
3574;3564;194037000;Асинский с.о.
3575;3574;194037100;с.Кызылшарык
3576;3574;194037200;с.Асы-Сага
3577;3574;194037300;с.Дихан
3578;3574;194037400;с.Жанашаруа
3579;3574;194037500;с.Кайрат
3580;3574;194037700;с.Сарытау
3581;3574;194037800;с.Таусугур
3582;3564;194039000;Балтабайский с.о.
3583;3582;194039100;с.Балтабай
3584;3583;194039102;МТФ 2
3585;3582;194039200;с.Акбастау
3586;3582;194039300;с.Актогай
3587;3582;194039400;с.Бирлик
3588;3582;194039500;с.Енбек
3589;3582;194039600;с.Куш
3590;3582;194039700;с.Орнек
3591;3564;194041000;Болекский с.о.
3592;3591;194041100;с.Болек
3593;3591;194041200;с.Аймен
3594;3591;194041300;с.Карасай
3595;3564;194043000;с.о.Байдибек би
3596;3595;194043100;с.Байдибек би
3597;3564;194047000;Жанашарский с.о.
3598;3597;194047100;с.Жанашар
3599;3597;194047200;с.Базаркельды
3600;3597;194047300;с.Космос
3601;3564;194049000;Коктобинский с.о.
3602;3601;194049100;с.Кызылжар
3603;3601;194049200;с.Алмалы
3604;3601;194049300;с.Коктобе
3605;3601;194049400;с.Толе би
3606;3564;194051000;Казахстанский с.о.
3607;3606;194051100;с.Казахстан
3608;3606;194051200;с.Ащибулак
3609;3606;194051300;с.им.Ж.Кайыпова
3610;3564;194053000;Каражотинский с.о.
3611;3610;194053100;с.Каражота
3612;3611;194053102;уч.Бабатоган
3613;3611;194053103;уч.Актума
3614;3610;194053200;с.Актоган
3615;3610;194053300;с.Сарыбулак
3616;3615;194053303;уч.Бесбаз
3617;3615;194053304;уч.Дирменбаз
3618;3564;194055000;Каракемерский с.о.
3619;3618;194055100;с.Каракемер
3620;3618;194055200;с.Сатай
3621;3618;194055300;с.Талдыбулак
3622;3564;194057000;Каратурыкский с.о.
3623;3622;194057100;с.Каратурык
3624;3622;194057200;с.Ащисай
3625;3622;194057300;с.Достык
3626;3622;194057400;с.Лавар
3627;3622;194057500;с.Арна
3628;3622;194057600;с.Таукаратурык
3629;3628;194057603;уч.Бурандасу
3630;3628;194057604;уч.Сарыбулак
3631;3564;194059000;Корамский с.о.
3632;3631;194059100;с.Корам
3633;3564;194063000;Кырбалтабайский с.о.
3634;3633;194063100;с.Кырбалтабай
3635;3633;194063200;с.Акжал
3636;3633;194063300;с.Екпинди
3637;3633;194063400;с.Кайнар
3638;3633;194063500;с.Шалкар
3639;3564;194064000;Малыбайский с.о.
3640;3639;194064100;с.Малыбай
3641;3564;194065000;Масакский с.о.
3642;3641;194065100;с.Казтая Ултаракова
3643;3641;194065200;с.Нурлы
3644;3564;194067000;Байтерекский с.о.
3645;3644;194067100;с.Байтерек
3646;3644;194067200;с.Алга
3647;3644;194067300;с.Койшибек
3648;3564;194069000;с.о.Согеты
3649;3648;194069100;с.Нура
3650;3648;194069200;с.Кокпек
3651;3564;194071000;с.о.Бартогай
3652;3651;194071100;с.Хусаина Бижанова
3653;3651;194071200;с.Байсеит
3654;3564;194073000;Рахатский с.о.
3655;3654;194073100;с.Кайназар
3656;3654;194073200;с.Азат
3657;3654;194073300;с.Орикти
3658;3654;194073400;с.Рахат
3659;3564;194075000;Саймасайский с.о.
3660;3659;194075100;с.Саймасай
3661;3659;194075200;с.Амангельды
3662;3564;194077000;Ташкенсазский с.о.
3663;3662;194077100;с.Ташкенсаз
3664;3662;194077200;с.Баяндай
3665;3662;194077300;с.Кульжинское
3666;3564;194079000;Тескенсуский с.о.
3667;3666;194079100;с.Тескенсу
3668;3666;194079200;с.Кольди
3669;3666;194079300;с.Толкын
3670;3564;194081000;Тургенский с.о.
3671;3670;194081100;с.Тургень
3672;3671;194081104;Форелевое хозяйство
3673;3670;194081200;с.Таутургень
3674;3564;194083000;Шелекский с.о.
3675;3674;194083100;с.Шелек
3676;3674;194083200;с.Майское
3677;3674;194083300;с.Тургайбаза
3678;3483;194200000;Жамбылский район
3679;3678;194230000;Узынагашский с.о.
3680;3679;194230100;с.Узынагаш
3681;3679;194230200;с.Жанакурылыс
3682;3679;194230300;с.Ынтымак
3683;3678;194233000;Айдарлинский с.о.
3684;3683;194233100;с.Айдарлы
3685;3678;194235000;Аккайнарский с.о.
3686;3685;194235100;с.Аккайнар
3687;3678;194237000;Аксенгирский с.о.
3688;3687;194237100;с.Аксенгир
3689;3687;194237200;с.Жайсан
3690;3687;194237300;с.Жиренайгыр
3691;3687;194237400;с.Кокдала
3692;3678;194239000;Актерекский с.о.
3693;3692;194239100;с.Актерек
3694;3692;194239200;с.Архарлы
3695;3678;194241000;Бериктасский с.о.
3696;3695;194241100;с.Бериктас
3697;3678;194243000;Бозойский с.о.
3698;3697;194243100;с.Бозой
3699;3678;194245000;Дегересский с.о.
3700;3699;194245100;с.Дегерес
3701;3699;194245200;с.Бесмойнак
3702;3699;194245300;с.Булак
3703;3699;194245400;с.Караарша
3704;3699;194245500;с.Сункар
3705;3678;194247000;Жамбылский с.о.
3706;3705;194247100;с.Жамбыл
3707;3705;194247200;с.Бирлик
3708;3705;194247300;с.Сауырык батыра
3709;3705;194247400;с.Кызыласкер
3710;3678;194251000;Каракастекский с.о.
3711;3710;194251100;с.Каракастек
3712;3710;194251200;с.Бурган
3713;3710;194251300;с.Ушбулак
3714;3678;194253000;Карасуский с.о.
3715;3714;194253100;с.Сарыбай би
3716;3714;194253200;с.Енбекшиарал
3717;3714;194253300;с.Кайназар
3718;3714;194253400;с.Карасай
3719;3714;194253500;с.Кызылсок
3720;3678;194255000;с.о. Матибулак
3721;3720;194255100;с.Матибулак
3722;3720;194255200;с.Танбалытас
3723;3720;194255300;с.Еспе
3724;3720;194255400;с.Жайлау
3725;3720;194255500;с.Жартас
3726;3720;194255600;с.Карабастау
3727;3720;194255700;с.Кызылтан
3728;3720;194255800;с.Шилибастау
3729;3678;194257000;Мынбаевский с.о.
3730;3729;194257100;с.Мынбаево
3731;3678;194259000;Самсинский с.о.
3732;3731;194259100;с.Самсы
3733;3731;194259200;с.Копа
3734;3731;194259300;с.Таргап
3735;3678;194261000;Сарытаукумский с.о.
3736;3735;194261100;с.Ащису
3737;3678;194263000;Талапский с.о.
3738;3737;194263100;с.Суранши батыр
3739;3737;194263200;с.Кастек
3740;3678;194265000;Таранский с.о.
3741;3740;194265100;с.им.Балгабека Кыдырбекулы
3742;3678;194267000;Темиржолский с.о.
3743;3742;194267100;ст.Казыбек бека
3744;3678;194273000;Ульгулинский с.о.
3745;3744;194273100;с.Ульгили
3746;3744;194273300;с.Каншенгель
3747;3744;194273400;ст.Саз
3748;3678;194275000;Улькенский с.о.
3749;3748;194275100;с.Улькен
3750;3678;194277000;Унгуртасский с.о.
3751;3750;194277100;с.Унгуртас
3752;3750;194277200;с.Акдала
3753;3750;194277300;с.Коккайнар
3754;3750;194277400;с.Сарыбастау
3755;3678;194279000;Каргалинский с.о.
3756;3755;194279100;с.Каргалы
3757;3678;194281000;Шиенский с.о.
3758;3757;194281100;с.Шиен
3759;3757;194281200;с.Когамшыл
3760;3678;194283000;Шолаккаргалинский с.о.
3761;3760;194283100;с.Умбеталы Карибаева
3762;3760;194283200;с.Касымбек
3763;3760;194283300;с.Шолаккаргалы
3764;3483;194400000;Кегенский район
3765;3764;194430000;Кегенский с.о.
3766;3765;194430100;с.Кеген
3767;3765;194430300;с.Темирлик
3768;3767;194430302;уч.Темирлик
3769;3765;194430400;с.Туменбай
3770;3764;194433000;Алгабасский с.о.
3771;3770;194433100;с.Жанаталап
3772;3771;194433102;уч.Болекжар
3773;3770;194433200;с.Алгабас
3774;3770;194433300;с.Жинишке
3775;3764;194435000;Болексазский с.о.
3776;3775;194435100;с.Болексаз
3777;3776;194435102;Подстанция
3778;3776;194435103;уч.Тышканбаз
3779;3764;194437000;с.о.Жалағаш
3780;3779;194437100;с.Жалағаш
3781;3780;194437102;уч.Аганас
3782;3780;194437103;уч.Тасбаз
3783;3779;194437200;с.Жайдакбулак
3784;3783;194437202;уч.Ортамерке
3785;3779;194437300;с.Тогызбулак
3786;3785;194437302;уч.Актогай
3787;3785;194437303;уч.Арал
3788;3785;194437304;уч.Жуантобе
3789;3785;194437305;уч.Ортабаз
3790;3785;194437306;уч.Тасбаз
3791;3785;194437307;уч.Шетмерке
3792;3764;194441000;Жылысайский с.о.
3793;3792;194441100;с.Жылысай
3794;3793;194441102;отг.Жылысай
3795;3792;194441200;с.Мойнак
3796;3795;194441202;отг.Колтыкбастау
3797;3792;194441300;с.Шыбышы
3798;3797;194441302;отг.Шыбышы
3799;3764;194449000;Карабулакский с.о.
3800;3799;194449100;с.Акай Нусипбекова
3801;3799;194449300;с.Карабулак
3802;3764;194453000;Каркаринский с.о.
3803;3802;194453100;с.Каркара
3804;3803;194453102;Отгоны
3805;3802;194453300;с.Ереул
3806;3802;194453500;с.Мынжылкы
3807;3764;194461000;Сатинский с.о.
3808;3807;194461100;с.Саты
3809;3808;194461102;уч.Аржак
3810;3808;194461103;уч.Кольсай
3811;3808;194461104;уч.Сатынакиши
3812;3807;194461200;с.Курмети
3813;3812;194461202;уч.Майбулак
3814;3812;194461203;уч.Сейсмостанция
3815;3764;194465000;Тасашинский с.о.
3816;3815;194465100;с.Жанатасашы
3817;3815;194465200;с.Актасты
3818;3815;194465300;с.Тасашы
3819;3815;194465400;с.Сарыколь
3820;3764;194471000;Туюкский с.о.
3821;3820;194471100;с.Туюк
3822;3821;194471102;Кордон 1 Коктас
3823;3821;194471103;Кордон 2
3824;3821;194471104;Кордон 3
3825;3821;194471105;Кордон 4
3826;3764;194473000;Узынбулакский с.о.
3827;3826;194473100;с.Узынбулак
3828;3827;194473102;уч.Аласа
3829;3827;194473103;уч.Кортогай
3830;3827;194473104;уч.Шопкоймасы
3831;3826;194473200;с.Аксай
3832;3831;194473202;уч.Аласа
3833;3831;194473203;уч.Кайкы
3834;3831;194473204;уч.Темирлик
3835;3826;194473300;с.Жалаулы
3836;3835;194473302;уч.Аккамба
3837;3835;194473303;уч.Мал отарлары
3838;3835;194473304;уч.Шопкоймасы
3839;3764;194477000;Шырганакский с.о.
3840;3839;194477100;с.Шырганак
3841;3839;194477200;с.Кенсу
3842;3839;194477300;с.Кокпияз
3843;3839;194477400;с.Каркара
3844;3839;194477500;с.Кызылжар
3845;3839;194477600;с.Талды
3846;3483;195200000;Карасайский район
3847;3846;195220000;Каскеленская г.а.
3848;3847;195220100;г.Каскелен
3849;3847;195220300;с.Коктобе
3850;3846;195231000;Айтейский с.о.
3851;3850;195231100;с.Айтей
3852;3851;195231102;Лесхоз
3853;3850;195231300;с.Енбекши
3854;3850;195231400;с.Кумарал
3855;3850;195231600;с.Сауыншы
3856;3850;195231700;с.Уштерек
3857;3846;195233000;Ельтайский с.о.
3858;3857;195233100;с.Береке
3859;3858;195233180;с.Аксенгир
3860;3857;195233200;с.Ельтай
3861;3857;195233300;с.Жармухамбет
3862;3857;195233400;с.Исаево
3863;3857;195233500;с.Кокозек
3864;3857;195233600;с.Каратобе
3865;3857;195233800;с.Коктоган
3866;3857;195233900;рзд.71
3867;3846;195234000;Жамбылский с.о.
3868;3867;195234100;с.Жамбыл
3869;3867;195234300;с.Батан
3870;3867;195234400;с.Кошмамбет
3871;3870;195234403;МТФ
3872;3870;195234404;Пионерлагерь
3873;3870;195234405;Плотина УОС К-26
3874;3867;195234700;с.Улан
3875;3846;195235000;Жандосовский с.о.
3876;3875;195235100;с.Жандосово
3877;3875;195235200;с.Кайрат
3878;3875;195235300;с.Шалкар
3879;3846;195237000;с.о.Жибек жолы
3880;3879;195237100;с.Жибек жолы
3881;3880;195237103;Лесхоз Кордон
3882;3879;195237200;с.Жынгылды
3883;3879;195237300;с.Кольащы
3884;3883;195237304;МТФ Кошмамбет
3885;3879;195237500;с.Куркудык
3886;3879;195237700;с.Турар
3887;3886;195237702;МТФ Турар
3888;3846;195247000;Иргелинский с.о.
3889;3888;195247100;с.Иргели
3890;3888;195247200;с.Кемертоган
3891;3890;195247202;МТФ
3892;3888;195247400;с.Коксай
3893;3846;195249000;Первомайский с.о.
3894;3893;195249100;с.Бекболат Ашекеев
3895;3893;195249200;с.Кайнар
3896;3893;195249300;с.Сауыншы
3897;3846;195253000;Райымбекский с.о.
3898;3897;195253100;с.Райымбек
3899;3898;195253103;Молочный комплекс
3900;3897;195253200;с.Абай
3901;3897;195253300;с.Долан
3902;3901;195253302;МТФ-2-7
3903;3897;195253400;с.Кумтоган
3904;3897;195253500;с.Кыргауылды
3905;3897;195253600;с. Булакты
3906;3897;195253700;с.Жанатурмыс
3907;3846;195255000;Умтылский с.о.
3908;3907;195255100;с.Жалпаксай
3909;3908;195255103;МТФ-1
3910;3908;195255105;Насосная бригада 1
3911;3907;195255200;с.Алмалыбак
3912;3907;195255400;с.Кольди
3913;3907;195255500;с.Мерей
3914;3846;195259000;Шамалганский с.о.
3915;3914;195259100;с.Шамалган
3916;3914;195259200;с.Айкым
3917;3483;195800000;Райымбекский район
3918;3917;195830000;Нарынкольский с.о.
3919;3918;195830100;с.Нарынкол
3920;3919;195830102;уч.Кызылуш
3921;3919;195830103;уч.Молкокпек
3922;3919;195830104;уч.Турбаза
3923;3918;195830200;с.Костобе
3924;3917;195839000;Жамбылский с.о.
3925;3924;195839100;с.Жамбыл
3926;3924;195839200;с.Каратоган
3927;3917;195845000;Кайнарский с.о.
3928;3927;195845100;с.Кайнар
3929;3928;195845102;уч.ЛСП
3930;3928;195845103;Водхоз
3931;3928;195845104;уч.Тауыкбаз
3932;3917;195847000;Какпакский с.о.
3933;3932;195847100;с.Какпак
3934;3933;195847102;Бригада 3
3935;3932;195847200;с.Кокбел
3936;3917;195851000;Карасазский с.о.
3937;3936;195851100;с.Карасаз
3938;3936;195851200;с.Тузкол
3939;3917;195857000;Узак батырский с.о.
3940;3939;195857100;с.Сарыбастау
3941;3917;195859000;Сарыжазский с.о.
3942;3941;195859100;с.Сарыжаз
3943;3941;195859200;с.Акбеит
3944;3941;195859300;с.Комирши
3945;3917;195863000;Сумбинский с.о.
3946;3945;195863100;с.Сумбе
3947;3946;195863102;уч.Жартас
3948;3946;195863103;уч.Куркулдек
3949;3946;195863104;уч.Ойкарагай
3950;3945;195863200;с.Кызылшекара
3951;3917;195867000;Тегистикский с.о.
3952;3951;195867100;с.Тегистик
3953;3952;195867102;уч.Боктер
3954;3952;195867103;уч.Комсомол
3955;3952;195867104;уч.Какпак
3956;3952;195867105;уч.Лайлы
3957;3952;195867106;уч.Талдысай
3958;3917;195869000;Текесский с.о.
3959;3958;195869100;с.Текес
3960;3958;195869200;с.Жанатекес
3961;3917;195875000;Шалкодинский с.о.
3962;3961;195875100;с.Шалкоде
3963;3962;195875102;Дом чабанов
3964;3961;195875200;с.Талас
3965;3483;196200000;Талгарский район
3966;3965;196220000;Талгарская г.а.
3967;3966;196220100;г.Талгар
3968;3965;196233000;Алатауский с.о.
3969;3968;196233100;с.Кызылкайрат
3970;3968;196233200;с.Алмалык
3971;3968;196233300;с.Алтындан
3972;3968;196233400;с.Амангельды
3973;3968;196233500;с.Байбулак
3974;3968;196233680;с.Береке
3975;3968;196233700;с.Орман
3976;3968;196233800;с.Рыскулово
3977;3968;196233900;с.Чимбулак
3978;3965;196235000;Бельбулакский с.о.
3979;3978;196235100;с.Белбулак
3980;3978;196235200;с.Бирлик
3981;3978;196235300;с.Талдыбулак
3982;3965;196239000;Бескайнарский с.о.
3983;3982;196239100;с.Бескайнар
3984;3982;196239300;с.Котырбулак
3985;3965;196243000;Бесагашский с.о.
3986;3985;196243100;с.Бесагаш
3987;3985;196243200;с.Акбулак
3988;3965;196245000;Туздыбастауский с.о.
3989;3988;196245100;с.Туздыбастау
3990;3965;196247000;Кайнарский с.о.
3991;3990;196247100;с.Еркин
3992;3990;196247300;с.Достык
3993;3992;196247380;с.Еламан
3994;3990;196247400;с.Жалкамыс
3995;3994;196247480;с.Жанаарна
3996;3990;196247500;с.Жаналык
3997;3996;196247580;с.Коктал
3998;3990;196247600;с.Кайнар
3999;3990;196247780;с.Сактан
4000;3990;196247800;с.Теренкара
4001;3965;196249000;Гульдалинский с.о.
4002;4001;196249100;с.Гульдала
4003;4001;196249500;с.Киши Байсерке
4004;4001;196249600;с.Жана куат
4005;3965;196253000;Панфиловский с.о.
4006;4005;196253100;с.Панфилово
4007;4005;196253200;с.Аркабай
4008;4005;196253300;с.Каменское плато
4009;4005;196253400;с.Карабулак
4010;4005;196253500;с.Жібек жолы
4011;4005;196253600;с.Тонкерис
4012;4005;196253700;с.Тузусай
4013;3965;196255000;Кендалинский с.о.
4014;4013;196255100;с.Кендала
4015;4013;196255200;с.Акдала
4016;4013;196255300;с.Актас
4017;4013;196255400;с.Енбекши
4018;3965;196257000;Нуринский с.о.
4019;4018;196257100;с.Нура
4020;4018;196257300;с.Каратоган
4021;4018;196257400;с.Остемир
4022;4018;196257600;с.Туганбай
4023;3483;196600000;Уйгурский район
4024;4023;196630000;Чунджинский с.о.
4025;4024;196630100;с.Чунджа
4026;4025;196630102;уч.Калгантам
4027;4023;196633000;Аватский с.о.
4028;4027;196633100;с.Ават
4029;4023;196635000;Аксуский с.о.
4030;4029;196635100;с.Большой Аксу
4031;4030;196635102;уч.Канал
4032;4030;196635103;уч.Тогузбулак
4033;4029;196635200;с.Долайты
4034;4029;196635300;с.Малый Аксу
4035;4023;196637000;Актамский с.о.
4036;4035;196637100;с.Актам
4037;4023;196639000;Бахарский с.о.
4038;4037;196639100;с.Бахар
4039;4037;196639200;с.Ширин
4040;4023;196643000;Дардамтинский с.о.
4041;4040;196643100;с.Дардамты
4042;4041;196643102;уч.Арасан
4043;4041;196643103;уч.Гомбы
4044;4040;196643200;с.Ардолайты
4045;4040;196643300;с.Добын
4046;4040;196643400;с.Сункар
4047;4023;196645000;Кетменский с.о.
4048;4047;196645100;с.Кетмень
4049;4048;196645102;Пристань Добын
4050;4047;196645200;с.Кепебулак
4051;4023;196647000;Малодеханский с.о.
4052;4051;196647100;с.Малый Дехан
4053;4051;196647200;с.Большой Дехан
4054;4023;196649000;Кольжатский с.о.
4055;4054;196649100;с.Кольжат
4056;4023;196653000;Кыргызсайский с.о.
4057;4056;196653100;с.Кыргызсай
4058;4056;196653200;с.Рахат
4059;4023;196655000;Сумбинский с.о.
4060;4059;196655100;с.Сумба
4061;4060;196655102;уч.Бактыкурай
4062;4059;196655200;с.Шошанай
4063;4023;196657000;Таскарасуский с.о.
4064;4063;196657100;с.Таскарасу
4065;4023;196659000;Тигерменский с.о.
4066;4065;196659100;с.Тигермень
4067;4066;196659102;уч.Канал
4068;4066;196659104;уч.Или
4069;4065;196659200;с.Узынтам
4070;4023;196663000;Чарынский с.о.
4071;4070;196663100;с.Чарын
4072;3483;196800000;Илийский район
4073;4072;196830000;с.о.Өтеген батыр
4074;4073;196830100;с.Отеген батыра
4075;4073;196830200;с.Кенен Әзірбаев
4076;4073;196830300;с.Карасу
4077;4072;196833000;Ащибулакский с.о.
4078;4077;196833100;с.Мухаметжан Туймебаева
4079;4077;196833200;с.Жапек батыра
4080;4077;196833300;с.Коккайнар
4081;4077;196833600;с.Толе би
4082;4072;196835000;Боралдайская п.а.
4083;4082;196835100;п.Боралдай
4084;4072;196839000;с.о.Асқар Тоқпанов
4085;4084;196839100;с.Асқар Тоқпанов
4086;4084;196839200;с.Жайнақ
4087;4072;196843000;Караойский с.о.
4088;4087;196843100;с.Караой
4089;4088;196843103;Подхоз Монтажник
4090;4088;196843104;Бригада 1-14
4091;4087;196843200;с.Косозен
4092;4091;196843202;уч.Малый Караой
4093;4087;196843300;с.Нургиса Тлендиев
4094;4072;196845000;Куртинский с.о.
4095;4094;196845100;с.Акши
4096;4094;196845200;с.Курты
4097;4072;196847000;Байсеркенский с.о.
4098;4097;196847100;с.Байсерке
4099;4097;196847200;с.Али
4100;4097;196847500;с.Коктерек
4101;4072;196849000;с.о.Ақсай
4102;4101;196849100;с.Ақсай
4103;4102;196849102;Подстанция
4104;4102;196849104;МТФ 1
4105;4102;196849105;РСУ
4106;4102;196849107;Плотина
4107;4102;196849109;Бригада 1
4108;4102;196849111;Бригада 2
4109;4102;196849121;Бригада 11
4110;4101;196849200;с.Екпинды
4111;4101;196849300;с.Жаугашты
4112;4072;196855000;с.о.Байкент
4113;4112;196855100;с.Байкент
4114;0;230000000;Атырауская область
4115;4114;231000000;Атырау Г.А.
4116;4115;231010000;г.Атырау
4117;4115;231035000;Атырауский с.о.
4118;4117;231035100;с.Қызыл балық
4119;4118;231035102;с.Золотенок
4120;4118;231035103;Ферма
4121;4117;231035200;с.Жанаталап
4122;4121;231035202;с.Зарослый
4123;4121;231035203;Ферма
4124;4117;231035300;с.Курмангазы
4125;4124;231035302;Ферма
4126;4115;231036000;Алмалинский с.о.
4127;4126;231036100;с.Алмалы
4128;4126;231036200;с.Береке
4129;4115;231043000;Дамбинский с.о.
4130;4129;231043100;с.Дамба
4131;4129;231043300;с.Амангельды
4132;4115;231045000;Еркинкалинский с.о.
4133;4132;231045100;с.Еркинкала
4134;4132;231045200;с.Ракуша
4135;4134;231045202;с.Сарыузек
4136;4115;231049000;Кенузекский с.о.
4137;4136;231049100;с.Таскала
4138;4115;231053000;Каиршахтинский с.о.
4139;4138;231053100;с.Томарлы
4140;4139;231053102;с.Алменкайыр
4141;4139;231053103;с.Грека
4142;4139;231053104;с.Карталы
4143;4139;231053105;с.Стандарт
4144;4139;231053106;с.Талиши
4145;4139;231053107;с.Тукей
4146;4139;231053108;с.Шагырлы
4147;4138;231053200;с.Бесикты
4148;4147;231053202;с.Аспа
4149;4147;231053203;с.Калмаккора
4150;4147;231053204;Пионерлагерь
4151;4147;231053205;с.Сокол
4152;4138;231053300;с.Талкайран
4153;4138;231053400;с.Аксай
4154;4138;231053500;с.Акжар
4155;4114;233600000;Жылыойский район
4156;4155;233620000;Кульсаринская г.а.
4157;4156;233620100;г.Кульсары
4158;4155;233633000;Аккизтогайский с.о.
4159;4158;233633100;с.Аккизтогай
4160;4155;233635000;Жемский с.о.
4161;4160;233635100;с.Тургызба
4162;4161;233635109;с.Тасшагил
4163;4160;233635300;с.Караша
4164;4163;233635304;с.Бейбит
4165;4163;233635305;с.Естекбай
4166;4163;233635306;с.Кызылини
4167;4163;233635307;с.Сарышагыл
4168;4163;233635309;с.Шынтемир
4169;4160;233635400;с.Койсары
4170;4155;233637000;Караарнинский с.о.
4171;4170;233637100;с.Шокпартогай
4172;4155;233639000;Жана Каратонская п.а.
4173;4172;233639100;п.Жана Каратон
4174;4155;233643000;Косчагилский с.о.
4175;4174;233643100;с.Косчагил
4176;4175;233643102;с.Акинген
4177;4175;233643105;с.Жартышеке
4178;4175;233643107;с.Толес
4179;4174;233643300;с.Карагай
4180;4179;233643302;с.Ушкан
4181;4155;233645000;Майкомгенский с.о.
4182;4181;233645100;с.Майкомген
4183;4182;233645102;с.Акинген
4184;4182;233645104;с.Азнакул
4185;4182;233645105;с.Дарибай
4186;4182;233645106;Сарай Дуйшикова
4187;4182;233645107;с.Байнияз
4188;4182;233645108;с.Досжаншагыл
4189;4182;233645109;с.Жаманшабай
4190;4182;233645111;с.Коныркудык
4191;4182;233645112;с.Койкын
4192;4182;233645113;с.Куракбаев
4193;4182;233645114;Сарай Сахаба
4194;4182;233645115;Железнодорожная ст.465
4195;4182;233645118;с.Шагырлы 1
4196;4182;233645121;Сарай Юханова
4197;4182;233645123;с.Камыскора
4198;4182;233645125;с.Каует
4199;4182;233645127;с.Косекти
4200;4182;233645129;с.Надиркул
4201;4182;233645131;с.Отеген
4202;4182;233645135;с.Таскудык
4203;4114;234000000;Индерский район
4204;4203;234030000;Индерборская п.а.
4205;4204;234030100;п.Индерборский
4206;4203;234033000;Боденевский с.о.
4207;4206;234033100;с.Бодене
4208;4207;234033102;с.Алгабас
4209;4207;234033103;уч.Жакесбай
4210;4207;234033105;с.Кособа
4211;4207;234033107;Дом лесника
4212;4203;234035000;с.о. Елтай
4213;4212;234035100;с.Елтай
4214;4213;234035102;с.Асиреп
4215;4213;234035103;с.Алимкызыл
4216;4213;234035104;с.Айсакызыл
4217;4213;234035105;с.Аленсоры
4218;4213;234035106;с.Алатобе
4219;4213;234035107;с.Алмаагаш
4220;4213;234035109;с.Байбоз
4221;4213;234035111;с.Багырлай
4222;4213;234035112;с.Басшыккан
4223;4213;234035113;уч.Бозтобе 1
4224;4213;234035114;уч.Бозтобе 2
4225;4213;234035115;уч.Дамба 1
4226;4213;234035116;уч.Дамба 2
4227;4213;234035118;уч.Донга
4228;4213;234035119;Лечебно-оздоровительное
4229;4213;234035121;уч.Елши 1
4230;4213;234035122;уч.Елши 2
4231;4213;234035123;уч.Елши 3
4232;4213;234035124;уч.Елши 4
4233;4213;234035126;уч.Жалгызагаш
4234;4213;234035127;с.Жаманкора 1
4235;4213;234035128;с.Жаманкора 2
4236;4213;234035129;с.Жанаман
4237;4213;234035131;с.Жаксынынаягысынган
4238;4213;234035132;с.Жыбырлак
4239;4213;234035133;уч.Жыракудык 1
4240;4213;234035134;уч.Жыракудык 2
4241;4213;234035135;с.Кабденкудык
4242;4213;234035136;уч.Калыбай 1
4243;4213;234035137;уч.Карсакбай
4244;4213;234035139;уч.Кызылтобе 1
4245;4213;234035141;уч.Кызылтобе 2
4246;4213;234035142;уч.Кызылтобе 3
4247;4213;234035143;уч.Козбагар
4248;4213;234035144;уч.Коктобе
4249;4213;234035145;уч.Костан 1
4250;4213;234035148;уч.Кобданкызыл
4251;4213;234035152;ст.Нефтекачки
4252;4213;234035154;уч.Сазды
4253;4213;234035155;с.Сарыкабак 1
4254;4213;234035156;с.Сарыкабак 2
4255;4213;234035157;с.Сейт
4256;4213;234035162;с.Отек
4257;4213;234035163;уч.Уштобе
4258;4213;234035164;с.Шалпак
4259;4213;234035165;с.Шубалан
4260;4213;234035166;с.Шайбас 1
4261;4213;234035167;с.Шайбас 2
4262;4213;234035169;Каменный цех
4263;4212;234035200;с. Аккала
4264;4263;234035202;Дача
4265;4263;234035203;с.Кызылтумсык
4266;4203;234037000;Жарсуатский с.о.
4267;4266;234037100;с. Жарсуат
4268;4267;234037102;уч.Бозым
4269;4266;234037200;с.Актан
4270;4269;234037202;уч.Баймаганбет
4271;4266;234037500;с.Кетебай
4272;4271;234037505;уч.Жамансай
4273;4271;234037506;уч.Жорык
4274;4271;234037507;уч.Кырыккудык
4275;4271;234037508;уч.Кусай
4276;4271;234037509;уч.Куат
4277;4271;234037511;уч.Мыктыбай
4278;4271;234037512;уч.Мита
4279;4271;234037514;уч.Орлай
4280;4271;234037515;уч.Таскудык 1
4281;4266;234037600;с.Курылыс
4282;4281;234037602;уч.Жаманкудык 1
4283;4281;234037603;уч.Жаманкудык 2
4284;4281;234037604;уч.Ескиматеш
4285;4281;234037606;уч.Кетебай
4286;4281;234037607;уч.Молымбет 1
4287;4281;234037608;уч.Сансыз
4288;4266;234037700;с.Кызылжар
4289;4288;234037703;уч.Молымбет 2
4290;4203;234043000;Коктогайский с.о.
4291;4290;234043100;с.Коктогай
4292;4291;234043103;с.Актобе
4293;4291;234043104;с.Бескорпус
4294;4291;234043106;с.Избас
4295;4291;234043107;уч.Муханали
4296;4291;234043109;с.Абугали
4297;4291;234043111;с.Аман
4298;4291;234043116;с.Багит
4299;4291;234043121;с.Габит
4300;4291;234043123;с.Елемес
4301;4291;234043124;с.Ертилеу
4302;4291;234043126;с.Зайденен
4303;4291;234043128;с.Камзат
4304;4291;234043132;с.Куангали
4305;4291;234043134;с.Курмангали
4306;4291;234043135;с.Максат 1
4307;4291;234043137;с.Мамбет
4308;4291;234043138;с.Макум
4309;4291;234043139;с.Мейрам
4310;4291;234043141;с.Мугал
4311;4291;234043142;уч.Курмет
4312;4291;234043143;с.Мухит
4313;4291;234043146;уч.Айбат
4314;4291;234043148;уч.Узакбай
4315;4291;234043149;с.Тарих
4316;4291;234043151;с.Тилеш 1
4317;4291;234043154;с.Тулеуиш
4318;4203;234045000;с.о. Есбол
4319;4318;234045100;с.Есбол
4320;4319;234045102;уч.Маринка
4321;4319;234045103;уч.Умирали
4322;4319;234045109;уч.Аленсоры
4323;4319;234045111;уч.Акселеули 1
4324;4319;234045112;уч.Акселеули 2
4325;4319;234045113;уч.Бесбау
4326;4319;234045115;уч.Бекайдар
4327;4319;234045117;уч.Елеусин
4328;4319;234045125;уч.Жалпак
4329;4319;234045126;уч.Кырошагы
4330;4319;234045129;уч.Кармыс
4331;4319;234045131;уч.Караоба
4332;4319;234045132;уч.Кайсагали
4333;4319;234045137;уч.Мукангазы
4334;4319;234045139;уч.Салимшолак
4335;4319;234045141;уч.Теренкызым
4336;4319;234045142;уч.Токпай 1
4337;4319;234045143;уч.Токпай 2
4338;4319;234045144;уч.Тума
4339;4319;234045145;уч.Шегенди
4340;4319;234045147;уч.Учаша
4341;4318;234045200;с.Ынтымак
4342;4203;234047000;Орликовский с.о.
4343;4342;234047100;с.Орлик
4344;4343;234047102;уч.Абдрахман
4345;4343;234047103;уч.Айтурган
4346;4343;234047104;уч.Амангали
4347;4343;234047105;уч.Жарыкбас
4348;4343;234047106;уч.Егинди
4349;4343;234047107;уч.Кабекенкызыл
4350;4343;234047108;уч.Кызылуй
4351;4343;234047109;уч.Топалан 1
4352;4343;234047111;уч.Топалан 2
4353;4343;234047112;уч.Таскудык
4354;4343;234047113;уч.Тулкили
4355;4343;234047114;уч.Ушкызыл
4356;4343;234047115;с.Буганай
4357;4343;234047116;с.Жанали
4358;4343;234047117;с.Жулдыз
4359;4343;234047118;с.Кабдолла
4360;4343;234047119;с.Каражал
4361;4343;234047121;с.Кашкын
4362;4343;234047122;с.Кекши
4363;4343;234047123;с.Кызылкабак
4364;4343;234047124;с.Сыралы
4365;4343;234047126;с.Теренкудык
4366;4343;234047127;с.Тума
4367;4343;234047128;с.Шашакбосага
4368;4343;234047129;с.Жиек
4369;4343;234047131;уч.5
4370;4114;234200000;Исатайский район
4371;4370;234230000;Аккистауский с.о.
4372;4371;234230100;с.Аккистау
4373;4372;234230105;с.Есиркеп
4374;4372;234230108;с.Шыныбек
4375;4371;234230200;с.Оркен
4376;4371;234230300;рзд.17
4377;4370;234235000;Жанбайский с.о.
4378;4377;234235100;с.Жанбай
4379;4378;234235105;с.Манаш
4380;4370;234237000;Зинеденский с.о.
4381;4380;234237100;с.Зинеден
4382;4380;234237200;с.Амангельды
4383;4370;234239000;Исатайский с.о.
4384;4383;234239100;с.Исатай
4385;4384;234239103;с.Байгожа
4386;4384;234239105;с.Досыгул
4387;4384;234239106;с.Жети аул
4388;4384;234239107;с.Мусакай
4389;4384;234239109;с.Ташентобе
4390;4384;234239111;с.Шегирбай
4391;4370;234241000;Нарынский с.о.
4392;4391;234241100;с.Нарын
4393;4391;234241300;с.Жана Жанбай
4394;4391;234241600;с.Мынтобе
4395;4370;234243000;Камыскалинский с.о.
4396;4395;234243100;с.Хамита Ергалиева
4397;4396;234243102;с.Аккутир
4398;4396;234243103;с.Жанкелди
4399;4396;234243104;с.Карашыганак
4400;4396;234243105;с.Тасоба
4401;4395;234243200;с.Аукайран
4402;4401;234243202;с.Конысбай
4403;4395;234243300;с.Жаскайрат
4404;4403;234243302;с.Аусен
4405;4403;234243305;с.Кунтей
4406;4403;234243306;с.Куркиретти
4407;4370;234245000;Тущыкудыкский с.о.
4408;4407;234245100;с.Тущыкудык
4409;4407;234245200;с.Айбас
4410;4409;234245202;с.Ески Айбас
4411;4409;234245203;с.Каражан
4412;4409;234245204;с.Кусконбас
4413;4409;234245205;с.Бекайдар
4414;4409;234245206;с.Козшыл
4415;4409;234245207;с.Мыстыбай
4416;4409;234245208;с.Сарытубе
4417;4409;234245209;с.Уш
4418;4407;234245500;с.Кызылуй
4419;4418;234245502;с.Кабес
4420;4418;234245503;с.Шабдар
4421;4114;234600000;Курмангазинский район
4422;4421;234630000;с.о.Құрманғазы
4423;4422;234630100;с.Құрманғазы
4424;4421;234633000;Азгирский с.о.
4425;4424;234633100;с.Балкудук
4426;4424;234633200;с.Азгир
4427;4424;234633400;с.Коныртерек
4428;4421;234635000;Аккольский с.о.
4429;4428;234635100;с.Акколь
4430;4421;234636000;Асанский с.о.
4431;4430;234636100;с.Асан
4432;4430;234636400;с.Уштаган
4433;4421;234637000;с.о.Бөкейхан
4434;4433;234637100;с.Бөкейхан
4435;4421;234639000;Бирликский с.о.
4436;4435;234639100;с.Бирлик
4437;4435;234639200;с.Амангельды
4438;4421;234645000;Дынгызылский с.о.
4439;4438;234645100;с.Жыланды
4440;4438;234645300;с.Гизата Алипова
4441;4421;234647000;Енбекшинский с.о.
4442;4441;234647100;с.Жумекен
4443;4441;234647200;с.Даулеткерей
4444;4441;234647300;с.Кадырка
4445;4441;234647400;с.Кошалак
4446;4421;234649000;с.о. Орлы
4447;4446;234649100;с.Орлы
4448;4446;234649200;с.Каспий
4449;4446;234649300;с.Шестой
4450;4421;234651000;Коптогайский с.о.
4451;4450;234651100;с.Коптогай
4452;4450;234651400;с.Балыкши
4453;4421;234653000;с.о.Жаңаталап
4454;4453;234653100;с.Хиуаз
4455;4453;234653200;с.Большой Куйген
4456;4453;234653300;с.Жасарал
4457;4453;234653400;с.Шагырлы
4458;4421;234655000;Кудряшовский с.о.
4459;4458;234655100;с.Кудряшево
4460;4458;234655200;с.Жанаауыл
4461;4458;234655300;с. Арна
4462;4421;234656000;Кигашский с.о.
4463;4462;234656100;с.Кигач
4464;4462;234656200;рзд.Нурпеисовой
4465;4421;234657000;Макашский с.о.
4466;4465;234657100;с.Алга
4467;4465;234657300;с.Алипова
4468;4465;234657400;с.Иманово
4469;4465;234657500;с.Кокарна
4470;4465;234657600;с.Караколь
4471;4465;234657900;рзд.Афанасьева
4472;4421;234659000;Нуржауский с.о.
4473;4472;234659100;с.Нуржау
4474;4472;234659300;с.Жамбыл
4475;4421;234663000;Тенизский с.о.
4476;4475;234663100;с.Теңіз
4477;4475;234663200;с.Кумаргали
4478;4475;234663300;с.Даулет
4479;4475;234663400;с.Шайхы
4480;4421;234665000;Сафоновский с.о.
4481;4480;234665100;с.Сафоновка
4482;4421;234667000;Суюндукский с.о.
4483;4482;234667100;с.Суюндук
4484;4482;234667200;с.Батырбек
4485;4482;234667300;с.Егинкудук
4486;4482;234667400;с.Жалгызапан
4487;4421;234669000;Шортанбайский с.о.
4488;4487;234669100;с.Шортанбай
4489;4487;234669200;с.Жасталап
4490;4114;234800000;Кзылкогинский район
4491;4490;234830000;Миялинский с.о.
4492;4491;234830100;с.Миялы
4493;4490;234835000;Жамбылский с.о.
4494;4493;234835100;с.Караколь
4495;4494;234835102;с.Байгонды
4496;4494;234835103;с.Бегей
4497;4494;234835104;с.Досым
4498;4494;234835106;с.Кайсары
4499;4494;234835107;с.Кога
4500;4494;234835108;с.Оразбай
4501;4494;234835109;с.Айжарык
4502;4494;234835111;с.Арыстангали
4503;4494;234835112;с.Байшуак
4504;4493;234835200;с.Айдын
4505;4504;234835202;с.Алабие
4506;4504;234835203;с.Кызылмешит
4507;4490;234837000;Джангельдинский с.о.
4508;4507;234837100;с.Жангельдино
4509;4508;234837102;с.Болектобе
4510;4508;234837103;с.Есмырза
4511;4508;234837104;с.Кабанкудык
4512;4508;234837105;с.Кенен
4513;4508;234837106;с.Колдеукудык
4514;4508;234837107;с.Кобек
4515;4508;234837108;с.Киндиксай
4516;4508;234837109;с.Салмен
4517;4508;234837111;с.Танбай
4518;4508;234837112;с.Шиликудык
4519;4508;234837114;с.Аксай
4520;4508;234837115;с.Аяпберген 1
4521;4508;234837116;с.Аяпберген 2
4522;4508;234837117;с.Байсеутобе
4523;4508;234837118;с.Досан
4524;4508;234837119;с.Жага
4525;4508;234837121;с.Кулпейс
4526;4508;234837122;с.Курмангазы
4527;4508;234837123;с.Мосыагаш
4528;4508;234837124;с.Темирбай
4529;4508;234837125;с.Туяккали
4530;4508;234837126;с.Уки
4531;4508;234837127;с.Шыганколь
4532;4490;234839000;Коздыгаринский с.о.
4533;4532;234839100;с.Коныстану
4534;4533;234839105;уч.Аккул
4535;4533;234839106;уч.Жарма
4536;4533;234839107;уч.Кокузек
4537;4533;234839108;уч.Тумар
4538;4533;234839109;уч.Тулкибай
4539;4533;234839111;уч.Шыгар
4540;4532;234839300;с.Буйрек
4541;4540;234839302;с.Жайма
4542;4540;234839303;с.Жаскайрат
4543;4540;234839304;с.Карасай
4544;4540;234839305;с.Кырыкошак
4545;4540;234839307;с.Идрис
4546;4540;234839308;с.Бектурган
4547;4540;234839309;уч.Койтан
4548;4540;234839311;уч.Табылды
4549;4540;234839312;уч.Идирдауит
4550;4532;234839400;с.Коскулак
4551;4550;234839402;с.Абдолкора
4552;4550;234839404;с.Дауылбай
4553;4550;234839405;с.Камбар 1
4554;4550;234839406;с.Камбар 2
4555;4550;234839407;с.Сырым
4556;4550;234839409;уч.Тажыкен
4557;4550;234839411;уч.Токтабай
4558;4490;234843000;Кызылкогинский с.о.
4559;4558;234843100;с.Карабау
4560;4559;234843102;с.Акшкол
4561;4559;234843103;с.Жанакудык
4562;4559;234843105;с.Жубан
4563;4559;234843106;с.Кенебай
4564;4559;234843107;с.Омиркора
4565;4559;234843108;с.Сандыбай
4566;4559;234843109;с.Сарыколь
4567;4559;234843111;с.Торткудык
4568;4558;234843300;с.Бухар
4569;4568;234843303;уч.Акмола
4570;4490;234847000;Мукурский с.о.
4571;4570;234847100;с.Мукур
4572;4571;234847102;с.Аккудык
4573;4571;234847104;с.Коянды
4574;4571;234847106;с.Камкудык
4575;4571;234847107;рзд.279
4576;4571;234847108;с.Талкудык
4577;4570;234847200;с.Жамансор
4578;4570;234847300;с.Жантерек
4579;4570;234847400;с.Кенбай
4580;4570;234847500;с.Сарыкумак
4581;4580;234847504;с.Кемерши
4582;4580;234847505;с.Кокбулак
4583;4580;234847506;с.Кызылбулак 1
4584;4580;234847507;с.Кызылбулак 2
4585;4580;234847512;с.Сарыкумак
4586;4580;234847514;уч.Торткудык
4587;4570;234847600;с.Соркол
4588;4587;234847607;с.Курайлы
4589;4587;234847609;с.Уры
4590;4570;234847700;с.Таскудук
4591;4490;234849000;Ойылский с.о.
4592;4591;234849100;с.Жаскайрат
4593;4592;234849105;с.Кожакым
4594;4592;234849106;с.Аскар
4595;4592;234849107;с.Айнаш
4596;4592;234849108;с.Акшкол
4597;4592;234849109;с.Арыстангали
4598;4592;234849112;с.Бериштам
4599;4592;234849113;с.Даулетиман
4600;4592;234849114;с.Жаман
4601;4592;234849115;с.Сарыкуыс
4602;4592;234849116;с.Кокалабие
4603;4592;234849117;с.Когабай
4604;4592;234849118;с.Кулынкеткен
4605;4592;234849119;с.Мырзагали
4606;4592;234849121;с.Нурпейыс
4607;4592;234849122;с.Токтамыс
4608;4592;234849123;с.Тургали
4609;4592;234849124;уч.Бузаубак
4610;4592;234849125;уч.Жамибулак
4611;4592;234849126;с.Шилиойтан
4612;4591;234849200;с.Аккора
4613;4612;234849204;с.Кулымжан
4614;4612;234849205;с.Сарыжал
4615;4612;234849206;с.Сары
4616;4612;234849207;с.Мырзабайтубек
4617;4490;234853000;Сагизский с.о.
4618;4617;234853100;с.Сагиз
4619;4618;234853102;рзд.265
4620;4618;234853103;с.Сарытогай
4621;4618;234853105;уч.Алып-ана
4622;4618;234853107;уч.Сарыапан
4623;4618;234853109;с.Акжар
4624;4618;234853111;с.Балбулак
4625;4618;234853112;с.Жанакора
4626;4618;234853113;с.Колдеукудык
4627;4618;234853114;с.Кандыколь
4628;4618;234853115;с.Наршоккен
4629;4618;234853116;с.Тосши
4630;4617;234853300;с.Былкылдакты
4631;4630;234853303;с.Арменкора
4632;4617;234853400;с.Кенбай
4633;4632;234853402;с.Кызылсай
4634;4632;234853409;уч.Килттогай
4635;4617;234853500;с.Коныраулы
4636;4635;234853502;с.Алау
4637;4635;234853504;с.Узынколь
4638;4490;234855000;Тасшагильский с.о.
4639;4638;234855100;с.Тасшагил
4640;4638;234855200;с.Когам
4641;4640;234855202;с.Актай
4642;4640;234855204;с.Жанакора 2
4643;4640;234855205;с.Нурмолда
4644;4640;234855206;с.Сарытабан
4645;4640;234855207;с.64
4646;4640;234855209;с.Шилиарал
4647;4640;234855211;с.Шубарат
4648;4640;234855212;уч.Атабасы
4649;4640;234855213;уч.Еркебай
4650;4640;234855214;уч.Камиякора
4651;4640;234855215;уч.Нуржантобе
4652;4638;234855300;с.Коныстану
4653;4652;234855302;с.Жондалы
4654;4652;234855303;с.Тасмола
4655;4652;234855304;уч.Акшкол
4656;4652;234855305;уч.Атамурат
4657;4652;234855306;уч.Бургенди
4658;4652;234855307;уч.Даулетбай
4659;4652;234855308;уч.Досан
4660;4652;234855309;уч.Нумукан
4661;4652;234855311;уч.Утебай
4662;4652;234855312;уч.Склад
4663;4652;234855313;уч.Турекул
4664;4490;234859000;Тайсойганский с.о.
4665;4664;234859100;с.Тайсойган
4666;4665;234859102;с.Акшкол 1
4667;4665;234859103;с.Алтыкулак
4668;4665;234859104;с.Аяпберген 1
4669;4665;234859105;с.Аяпберген 2
4670;4665;234859106;с.Аяпберген 3
4671;4665;234859107;с.Бегенияз
4672;4665;234859108;с.Бертилеу
4673;4665;234859109;с.Динтуган
4674;4665;234859111;с.Жанаис 1
4675;4665;234859112;с.Жанаис 2
4676;4665;234859113;с.Жарболсын
4677;4665;234859114;с.Иманали
4678;4665;234859115;с.Коктобе
4679;4665;234859116;с.Каракожа 1
4680;4665;234859117;с.Каракожа 2
4681;4665;234859118;с.Коденбас
4682;4665;234859119;с.Кубаш 1
4683;4665;234859121;с.Кубаш 2
4684;4665;234859122;с.Мансур
4685;4665;234859123;с.Мукаш
4686;4665;234859124;с.Ойтак
4687;4665;234859125;с.Омар 1
4688;4665;234859126;с.Омар 2
4689;4665;234859127;с.Сарсенбай
4690;4665;234859128;с.Сарыкожек
4691;4665;234859129;с.Тайлакбай
4692;4665;234859131;с.Талдыкум
4693;4665;234859132;с.Шолдербай
4694;4665;234859133;отг.Искак
4695;4114;235200000;Макатский район
4696;4695;235230000;Макатская п.а.
4697;4696;235230100;п.Макат
4698;4695;235231000;Байгетобинский с.о.
4699;4698;235231100;с.Байгетобе
4700;4698;235231200;с.Ескене
4701;4695;235235000;Доссорская п.а.
4702;4701;235235100;п.Доссор
4703;4114;235600000;Махамбетский район
4704;4703;235630000;Махамбетский с.о.
4705;4704;235630100;с.Махамбет
4706;4704;235630400;с.Сарытогай
4707;4703;235633000;Акжаиыкский с.о.
4708;4707;235633100;с.Акжайык
4709;4703;235634000;Актогайский с.о.
4710;4709;235634100;с.Актогай
4711;4709;235634200;с.Бала Ораза
4712;4709;235634300;с.Кенорис
4713;4709;235634500;с.Отешкали Атамбаева
4714;4703;235635000;Алгинский с.о.
4715;4714;235635100;с.Алга
4716;4703;235639000;Баксайский с.о.
4717;4716;235639100;с.Тандай
4718;4716;235639200;с.Есмахан
4719;4716;235639300;с.Коздикора
4720;4716;235639400;с.Томан
4721;4703;235643000;Есбольский с.о.
4722;4721;235643100;с.Ортакшыл
4723;4721;235643200;с.Енбекшил
4724;4721;235643300;с.Есбол
4725;4703;235645000;Жалгансайский с.о.
4726;4725;235645100;с.Жалгансай
4727;4703;235649000;Сарайчиковский с.о.
4728;4727;235649100;с.Сарайчик
4729;4727;235649200;с.Старый Сарайчик
4730;4703;235655000;с.о. Бейбарыс
4731;4730;235655100;с.Бейбарыс
4732;4730;235655500;с.Талдыколь
4733;4730;235655600;с. Аккайын
4734;0;270000000;Западно-Казахстанская область
4735;4734;271000000;Уральск Г.А.
4736;4735;271010000;г.Уральск
4737;4735;271033000;Деркульская п.а.
4738;4737;271033100;п.Деркул
4739;4737;271033800;с.Маштаково
4740;4735;271034000;Желаевский с.о.
4741;4740;271034100;с.Желаево
4742;4735;271035000;Зачаганская п.а.
4743;4742;271035100;п.Зачаганск
4744;4742;271035800;с.Меловые Горки
4745;4735;271039000;Круглоозерновская п.а.
4746;4745;271039100;п.Круглоозерное
4747;4745;271039900;с.Серебряково
4748;4734;273200000;Акжаикский район
4749;4748;273230000;Чапаевский с.о.
4750;4749;273230100;с.Чапаев
4751;4750;273230102;Медвежье лесничество
4752;4750;273230103;Нефтебаза
4753;4749;273230400;с.Жайык
4754;4753;273230402;с.Феофаново 2
4755;4748;273233000;Акжолский с.о.
4756;4755;273233100;с.Лбищенское
4757;4756;273233102;с.Карша
4758;4755;273233200;с.Битилеу
4759;4758;273233202;с.Жайлыбай
4760;4758;273233203;с.Жубаната
4761;4758;273233205;с.Сапаргали
4762;4755;273233300;с.Кабыл
4763;4762;273233303;с.Бикет 2
4764;4762;273233304;с.Кабдеш
4765;4762;273233306;с.Султанколь
4766;4762;273233307;с.Молкудык 1
4767;4762;273233308;с.Молкудык 2
4768;4762;273233309;с.Мурагер
4769;4762;273233311;с.Темирастау
4770;4755;273233400;с.Тинали
4771;4770;273233402;с.Акуй
4772;4770;273233403;с.Алкап
4773;4770;273233404;с.Ашикудык
4774;4770;273233405;с.Битилеу
4775;4770;273233406;с.Нигмет
4776;4770;273233407;с.Имангали
4777;4770;273233408;с.Кентубек 1
4778;4770;273233409;с.Кентубек 2
4779;4770;273233411;отг.Кайыржан
4780;4770;273233412;с.Косауыз
4781;4770;273233413;с.Мажит
4782;4770;273233415;с.Садык
4783;4748;273235000;Аксуатский с.о
4784;4783;273235100;с.Аксуат
4785;4784;273235102;с.Алтынбек
4786;4784;273235103;с.Бакшакудук
4787;4784;273235104;с.Грищенко
4788;4784;273235105;Сахарный алхат
4789;4783;273235200;с.Акбулак
4790;4789;273235203;с.Жагор
4791;4789;273235204;с.Найза
4792;4748;273237000;Алгабасский с.о.
4793;4792;273237100;с.Алгабас
4794;4793;273237102;с.Бесоба
4795;4793;273237103;с.Железнов
4796;4793;273237104;с.Мосагаш
4797;4793;273237105;с.Новый Пашкин
4798;4793;273237106;с.Пашкин
4799;4793;273237108;с.Чукалин
4800;4792;273237300;с.Тегисжол
4801;4800;273237302;с.Акшелек
4802;4800;273237303;с.Алабайтал
4803;4800;273237304;с.Жанаорын
4804;4800;273237305;с.Комсомольск
4805;4800;273237306;с.Кызылуй
4806;4800;273237307;с.Кызыливан
4807;4800;273237308;с.Малый Горбунов
4808;4800;273237309;с.Нагибин
4809;4800;273237312;с.Недопекин
4810;4800;273237313;с.Сансызбай
4811;4800;273237314;с.Сутягин
4812;4792;273237400;с.Карагай
4813;4812;273237402;Бесаул
4814;4812;273237404;с.Карпов
4815;4812;273237405;с.Коскудык
4816;4812;273237406;Опытная станция
4817;4812;273237407;с.Сарыколь
4818;4812;273237408;с.Скоробогатов
4819;4812;273237409;с.Стольников
4820;4792;273237500;с.Жанажол
4821;4820;273237502;с.Азовское
4822;4792;273237600;с.Тоган
4823;4822;273237605;Подхоз Казлакрица
4824;4822;273237607;Яблочный сад Тальян
4825;4748;273239000;Алмалинский с.о.
4826;4825;273239100;с.Алмалы
4827;4826;273239103;с.Большой
4828;4826;273239105;с.Круглый
4829;4826;273239106;с.Косколь
4830;4826;273239107;с.Лиман 49
4831;4826;273239108;с.Арен
4832;4826;273239109;с.Агафия
4833;4826;273239111;с.Бескутур
4834;4826;273239112;с.Майтобе
4835;4826;273239113;с.Томаркудык
4836;4826;273239114;с.Саржала
4837;4825;273239200;с.Атамекен
4838;4837;273239203;с.Астау
4839;4837;273239207;с.Мантык
4840;4837;273239208;с.Найза
4841;4837;273239209;Нефтеразведка
4842;4837;273239212;с.Лиман 46
4843;4748;273243000;Базартобинский с.о.
4844;4843;273243100;с.Базартобе
4845;4844;273243105;с.Карабек
4846;4844;273243106;с.Кудияр
4847;4843;273243200;с.Кадыркул
4848;4847;273243202;с.Жыра
4849;4847;273243203;с.Елтай
4850;4847;273243204;с.Кошербайтобе
4851;4847;273243205;с.Карамола
4852;4847;273243206;с.Сексен 1
4853;4847;273243207;с.Сексен 2
4854;4843;273243300;с.Кызылжар
4855;4854;273243302;с.Балапан
4856;4748;273245000;Базаршоланский с.о.
4857;4856;273245100;с.Базаршолан
4858;4857;273245105;с.Жаманкудук
4859;4857;273245106;с.Избасар
4860;4856;273245200;с.Есим
4861;4860;273245202;с.Акжайык
4862;4860;273245203;с.Акмешит
4863;4860;273245204;с.Байбарак
4864;4860;273245208;с.Жанакудык
4865;4860;273245209;с.Карикудык
4866;4860;273245211;с.Калдыбай
4867;4860;273245213;с.Кызылой
4868;4860;273245216;с.Толеке
4869;4860;273245218;с.Санияахмет
4870;4856;273245500;с.Баянтобе
4871;4748;273247000;Бударинский с.о.
4872;4871;273247100;с.Бударино
4873;4872;273247102;с.Аманжол
4874;4872;273247103;с.Байбуз
4875;4872;273247105;с.Кабыршакты
4876;4871;273247200;с.Самал
4877;4876;273247202;с.Акжайык
4878;4876;273247203;с.Казиолла
4879;4876;273247204;Нефтепровод
4880;4876;273247205;с.Ушкемпир
4881;4871;273247300;с.Коловертное
4882;4881;273247302;с.Атырау
4883;4881;273247303;Кировский гидроузел
4884;4881;273247304;Пикет
4885;4881;273247306;с.Изым
4886;4748;273249000;Есенсайский с.о.
4887;4886;273249100;с.Есенсай
4888;4886;273249300;с.Кенсуат
4889;4888;273249304;с.Жакаш
4890;4888;273249305;с.Катон
4891;4886;273249400;с.Тасоба
4892;4891;273249402;с.Алтыкора
4893;4891;273249403;с.Боранбай
4894;4891;273249404;с.Тама
4895;4891;273249405;с.Тулепкул
4896;4748;273255000;Жамбылский с.о.
4897;4896;273255100;с.Жамбыл
4898;4897;273255102;с.Балауса
4899;4897;273255104;Подстанция
4900;4896;273255200;с.Уштобе
4901;4900;273255202;с.Акколь
4902;4900;273255204;с.Жыланды
4903;4900;273255206;с.Каратон
4904;4900;273255207;с.Кызылагаш
4905;4896;273255400;с.Битик
4906;4905;273255402;с.Наролген
4907;4905;273255403;Племконюшня
4908;4905;273255404;Подхоз
4909;4905;273255405;с.Сейтжанкудык
4910;4748;273257000;Жанабулакский с.о.
4911;4910;273257100;с.Жанабулак
4912;4911;273257102;с.Абилсай
4913;4911;273257103;с.Битикский водохранилище
4914;4911;273257104;с.Егер
4915;4911;273257105;с.Железнов
4916;4911;273257106;с.Иванаев
4917;4911;273257107;с.Карташов
4918;4911;273257108;с.Майтобе
4919;4911;273257109;с.Песок
4920;4911;273257111;с.Песчанный
4921;4911;273257112;с.Таскудык
4922;4911;273257113;с.Туренино
4923;4911;273257114;с.Чернышов
4924;4911;273257115;с.Факей
4925;4911;273257116;с.Чесноков
4926;4748;273259000;Кабыршактинский с.о.
4927;4926;273259100;с.Кабыршакты
4928;4927;273259104;с.Пиунов
4929;4927;273259105;с.Птичник
4930;4748;273263000;Карауылтобинский с.о.
4931;4930;273263100;с.Карауылтобе
4932;4931;273263104;с.Бодир
4933;4931;273263105;с.Игилик
4934;4931;273263106;с.Орысбай
4935;4931;273263108;с.Коммунизм
4936;4931;273263109;с.Кырыккудук
4937;4931;273263112;с.Кызылжар
4938;4931;273263113;с.Саршымак
4939;4931;273263114;с.Торе
4940;4931;273263115;Экспедиция
4941;4748;273264000;Конеккеткенский с.о.
4942;4941;273264100;с.Конеккеткен
4943;4942;273264103;с.Жанияр
4944;4942;273264104;с.Кайбас
4945;4942;273264105;с.Карамектеп
4946;4942;273264106;с.Кызылакрап
4947;4941;273264200;с.Камыстыколь
4948;4947;273264202;с.Актобе
4949;4947;273264203;с.Кызылжар
4950;4748;273265000;Курайлысайский с.о.
4951;4950;273265100;с.Жубана Молдагалиева
4952;4950;273265300;с.Сайкудук
4953;4952;273265303;с.Айтжан
4954;4748;273267000;Мергеневский с.о.
4955;4954;273267100;с.Мергенево
4956;4955;273267102;с.Ашыкудук
4957;4955;273267103;с.Диниш
4958;4955;273267107;с.Муканкудук
4959;4955;273267109;с.Ниеткали
4960;4955;273267111;с.Саралжын
4961;4954;273267200;с.Мойылды
4962;4961;273267202;с.Акбала
4963;4961;273267203;с.Мадигали
4964;4961;273267204;с.Таскудук
4965;4961;273267205;с.Шыганак
4966;4954;273267300;с.Жолап
4967;4966;273267302;с.Аккутур
4968;4966;273267303;с.Ахмет
4969;4966;273267304;с.Бектлеу
4970;4966;273267306;с.Зинеш
4971;4966;273267307;с.Конашкол
4972;4966;273267308;с.Тасан
4973;4748;273269000;Сарытогайский с.о.
4974;4973;273269100;с.Жанама
4975;4974;273269104;с.Жыра
4976;4974;273269108;с.Ногайсай
4977;4974;273269111;с.Тойнаш
4978;4973;273269200;с.Сарман
4979;4978;273269202;с.Алмаагаш
4980;4978;273269206;с.Жамансай
4981;4978;273269212;с.Мамбетали
4982;4978;273269213;с.Сундет
4983;4748;273273000;Тайпакский с.о.
4984;4983;273273100;с.Тайпак
4985;4984;273273102;с.Аврам
4986;4984;273273106;с.Ашышеген 1
4987;4984;273273107;с.Ашышеген 2
4988;4984;273273108;с.Байболган
4989;4984;273273111;с.Жанаконыс
4990;4984;273273113;с.Кабанколь
4991;4984;273273114;с.Кырмызы
4992;4984;273273115;с.Лиман
4993;4984;273273116;с.Махат
4994;4984;273273118;с.Суйундук
4995;4984;273273119;с.Офицер
4996;4984;273273124;с.Шауеш 2
4997;4983;273273200;с.Томпак
4998;4983;273273300;с.Шабдаржап
4999;4998;273273305;с.Купка
5000;4998;273273306;с.Мекет
5001;4998;273273308;с.Рсалы
5002;4998;273273309;с.Сиыркумак 1
5003;4998;273273311;с.Сиыркумак 2
5004;4998;273273312;с.Талдыкудук
5005;4734;273600000;Бурлинский район
5006;5005;273620000;Аксайская г.а.
5007;5006;273620100;г.Аксай
5008;5006;273620200;с.Аралтал
5009;5006;273620300;с.Кызылтал
5010;5005;273633000;Акбулакский с.о.
5011;5010;273633100;с.Акбулак
5012;5005;273635000;Аксуский с.о.
5013;5012;273635100;с.Аксу
5014;5012;273635300;с.Жанаконыс
5015;5005;273637000;Достық с.о.
5016;5015;273637100;с.Достық
5017;5005;273643000;Бурлинский с.о.
5018;5017;273643100;с.Бурлин
5019;5017;273643200;с.Масайтобе
5020;5005;273645000;Бумакольский с.о.
5021;5020;273645100;с.Бумаколь
5022;5020;273645200;с.Облавка
5023;5020;273645300;с.Утвинка
5024;5005;273647000;Григорьевский с.о.
5025;5024;273647100;с.Кентубек
5026;5025;273647102;с.Шампа
5027;5024;273647200;с.Бактыарал
5028;5005;273649000;Жарсуатский с.о.
5029;5028;273649100;с.Жарсуат
5030;5028;273649200;с.Димитрово
5031;5028;273649300;с.Карашыганак
5032;5005;273653000;Карагандинский с.о.
5033;5032;273653100;с.Қарағанды
5034;5005;273655000;Канайский с.о.
5035;5034;273655100;с.Канай
5036;5034;273655200;с.Даниляколь
5037;5005;273657000;Приуральный с.о.
5038;5037;273657100;с.Приуральное
5039;5005;273659000;Пугачевский с.о.
5040;5039;273659100;с.Пугачево
5041;5039;273659300;с.Бесагаш
5042;5039;273659500;рзд.Сулысай
5043;5005;273663000;Каракудукский с.о.
5044;5043;273663100;с.Қарақұдық
5045;5005;273667000;Успенский с.о.
5046;5045;273667100;с.Успенка
5047;5045;273667200;с.Жанаталап
5048;5045;273667300;с.Каракемпир
5049;4734;274000000;Жангалинский район
5050;5049;274030000;Жанакалинский с.о.
5051;5050;274030100;с.Жангала
5052;5049;274033000;Бирликский с.о.
5053;5052;274033100;с.Бирлик
5054;5053;274033102;с.Жыра 1
5055;5053;274033103;с.Санкибай
5056;5053;274033104;с.Сиырсаралжын
5057;5053;274033105;с.Сиыркол 1
5058;5053;274033106;с.Сиыркол 2
5059;5053;274033107;с.Когалы 2
5060;5053;274033108;с.Койсаралжын
5061;5053;274033109;с.Мортык Боранбай
5062;5053;274033111;с.Мортык Жандарбек
5063;5053;274033112;с.Киши Мортык
5064;5053;274033113;с.Турдыгул
5065;5053;274033114;с.Утепбай
5066;5053;274033115;с.Шошакмола
5067;5052;274033200;с.Акбалшык
5068;5067;274033202;с.Актан
5069;5067;274033203;с.Жалтырколь
5070;5067;274033204;с.Кошпан
5071;5067;274033205;с.Озекбай
5072;5067;274033207;с.Тасонгар
5073;5067;274033208;с.Шопонгар
5074;5067;274033209;с.Когалы 1
5075;5052;274033300;с.Ушкемпир
5076;5075;274033302;с.Дембей
5077;5075;274033303;с.Ефим
5078;5075;274033304;с.Жолкызыл
5079;5075;274033306;с.Иманбайбатыгы
5080;5075;274033307;с.Каразагон
5081;5075;274033308;с.Конишке
5082;5075;274033309;с.Кожак
5083;5075;274033311;с.Космырза
5084;5075;274033312;с.Сапарбатыгы
5085;5075;274033313;с.Сейткызыл
5086;5075;274033314;с.Таскудук
5087;5075;274033315;с.Тулакбай
5088;5075;274033316;с.Едилсор
5089;5075;274033317;с.Жыра 2
5090;5075;274033318;с.Самен
5091;5049;274035000;Жанажолский с.о.
5092;5091;274035100;с.Жанажол
5093;5092;274035102;кр.хоз Кабушев
5094;5092;274035103;Плантация
5095;5092;274035105;с.Токсоба
5096;5092;274035106;с.Баубек 1
5097;5092;274035107;с.Жастулпар
5098;5092;274035108;с.Кушыганак
5099;5092;274035109;Онгарорны
5100;5092;274035111;Фазлиорны
5101;5092;274035112;с.Сегизкебен
5102;5091;274035200;с.Киши Айдархан
5103;5102;274035202;с.Батыр
5104;5102;274035203;с.Жанаорын
5105;5102;274035204;с.Карасу
5106;5102;274035205;ПМК
5107;5102;274035206;с.Савенко
5108;5102;274035207;с.Теренкудык
5109;5091;274035400;с.Сарыколь
5110;5109;274035402;с.Аксуат
5111;5109;274035403;с.Бескаска
5112;5109;274035404;с.Даумбак
5113;5109;274035405;с.Дюсембай
5114;5109;274035406;с.Жорта
5115;5109;274035408;с.Каражигит
5116;5109;274035409;с.Камыстыколь
5117;5109;274035411;с.Мардан
5118;5109;274035414;с.Мустафа
5119;5109;274035415;с.Постройка
5120;5109;274035416;с.Сайхы
5121;5109;274035417;с.Тауке
5122;5109;274035418;с.Тайбука
5123;5109;274035419;с.Тушыозен
5124;5109;274035421;с.Шауен
5125;5109;274035422;с.Акмола
5126;5109;274035423;с.Бекбике
5127;5109;274035425;с.Нарик
5128;5049;274037000;Жанаказанский с.о.
5129;5128;274037100;с.Жанаказан
5130;5129;274037102;с.Али
5131;5129;274037103;с.Агим
5132;5129;274037104;с.Батау
5133;5129;274037107;с.Даулет
5134;5129;274037109;с.Жунус
5135;5129;274037112;с.Кути
5136;5129;274037113;с.Кадыр
5137;5129;274037114;с.Кази
5138;5129;274037115;с.Калмакшыгыл
5139;5129;274037116;с.Кажия
5140;5129;274037118;с.Койкум
5141;5129;274037119;с.Курмаш
5142;5129;274037124;с.Молдамурат
5143;5129;274037125;с.Нугман
5144;5129;274037134;с.Шакибай
5145;5129;274037135;с.Шагала
5146;5129;274037136;с.Әйипсай
5147;5129;274037137;с.Куспан
5148;5129;274037138;с.Хайролла
5149;5129;274037139;с.Бузауой
5150;5129;274037141;с.Ушкудук
5151;5128;274037400;с.Жуалыой
5152;5151;274037402;с.Абил
5153;5151;274037403;с.Байкенже
5154;5151;274037404;с.Бекмаганбет
5155;5151;274037408;с.Ешки
5156;5151;274037409;с.Кабыл
5157;5151;274037411;с.Кабден
5158;5151;274037412;с.Мукан
5159;5151;274037413;с.Мырзабай
5160;5151;274037414;с.Толепкали
5161;5151;274037415;с.Абил
5162;5151;274037416;с.Асабай
5163;5151;274037417;с.Сарыбай
5164;5049;274043000;Копжасарский с.о.
5165;5164;274043100;с.Копжасар
5166;5165;274043102;с.Аукентай
5167;5165;274043103;с.Айпара
5168;5165;274043104;с.Аккудык
5169;5165;274043105;с.Каттыкудук
5170;5165;274043106;с.Ашыкызыл
5171;5165;274043107;с.Байсымак
5172;5165;274043108;с.Балапан
5173;5165;274043109;с.Бозайгыр
5174;5165;274043111;с.Дизгинтобе
5175;5165;274043112;с.Досан 1
5176;5165;274043113;с.Досан 2
5177;5165;274043114;с.Доснияз
5178;5165;274043115;с.Жолкызыл
5179;5165;274043116;с.Жынгылды
5180;5165;274043117;с.Терек
5181;5165;274043118;с.Кенжебай
5182;5165;274043119;с.Изгаш
5183;5165;274043121;с.Киши Салтанат
5184;5165;274043122;с.Казыбай 1
5185;5165;274043123;с.Казыбай 2
5186;5165;274043124;с.Кандыколь
5187;5165;274043125;с.Кайыр
5188;5165;274043126;с.Картабай
5189;5165;274043127;с.Коныркудык
5190;5165;274043128;с.Косшынырау
5191;5165;274043131;с.Коныркудык
5192;5165;274043132;с.Киякты 1
5193;5165;274043133;с.Каппан-Казыл
5194;5165;274043134;с.Кыргын
5195;5165;274043135;с.Огизкудык
5196;5165;274043137;с.Саздыболек
5197;5165;274043139;с.Таскудык
5198;5165;274043141;с.Тонаша
5199;5165;274043142;с.Туйекудык
5200;5165;274043143;с.Ушкызыл
5201;5165;274043144;с.Шарап
5202;5165;274043145;с.Шеру
5203;5165;274043146;с.Шока
5204;5165;274043147;с.Мамен
5205;5165;274043148;с.Талдыапан
5206;5165;274043149;с.Ингенолген
5207;5164;274043200;с.Салтанат
5208;5164;274043300;с.Саралжын
5209;5049;274045000;Кызылобинский с.о.
5210;5209;274045100;с.Кызылоба
5211;5210;274045102;с.Арыстанбек
5212;5210;274045104;с.Бесапан
5213;5210;274045105;с.Бозоба
5214;5210;274045107;с.Боранбай
5215;5210;274045108;с.Талсай 1
5216;5210;274045109;Жанаорын
5217;5210;274045111;с.Жантума
5218;5210;274045114;с.Ибрагим
5219;5210;274045116;Кошим орын
5220;5210;274045117;с.Кулпытас
5221;5210;274045118;с.Кумырузак
5222;5210;274045119;Лагерь
5223;5210;274045121;с.Малакай
5224;5210;274045122;с.Максот
5225;5210;274045123;с.Оркен
5226;5210;274045124;с.Станислав
5227;5210;274045125;с.Тайпак
5228;5210;274045126;с.Токтыкудык
5229;5210;274045127;с.Толсай
5230;5210;274045128;с.Шетен
5231;5210;274045129;с.Шымкудык
5232;5210;274045134;с.Шайдолла
5233;5209;274045200;с.Айтпай
5234;5233;274045205;с.Богет
5235;5233;274045206;с.Карамола
5236;5233;274045207;с.Кыркыморын
5237;5233;274045208;с.Мырзагай
5238;5233;274045209;с.Хафиз
5239;5209;274045400;с.Торткулак
5240;5239;274045405;с.Бакша
5241;5239;274045407;с.Парфел
5242;5239;274045409;с.Тама
5243;5049;274047000;Маштексайский с.о.
5244;5243;274047100;с.Маштексай
5245;5244;274047102;с.Ащыкудык
5246;5244;274047103;с.Бердибек
5247;5244;274047104;с.Жанке
5248;5244;274047105;с.Ныгымет
5249;5244;274047106;с.Отебай
5250;5244;274047107;с.Саралжын
5251;5244;274047108;с.Шаекен
5252;5244;274047109;с.Шомбал
5253;5244;274047111;с.Байсултан
5254;5244;274047113;с.Бостыбай
5255;5244;274047115;с.Жанту
5256;5244;274047117;с.Кисык
5257;5244;274047118;с.Коккоз 1
5258;5244;274047119;с.Коккоз 2
5259;5244;274047121;с.Коккоз 3
5260;5244;274047123;с.Коныркудык
5261;5243;274047400;с.Мукыр
5262;5261;274047402;с.Айжарык
5263;5261;274047404;с.Жанап
5264;5261;274047405;с.Кокмола
5265;5261;274047406;с.Косколь
5266;5261;274047407;с.Койтогыл
5267;5261;274047408;с.Кыдырбай
5268;5261;274047409;с.Кызылкабак
5269;5261;274047411;с.Кырмакатон
5270;5261;274047412;с.Сарыжан
5271;5261;274047413;с.Сауынкызыл
5272;5261;274047414;с.Манке
5273;5261;274047415;с.Теренколь
5274;5261;274047416;с.Шалкар
5275;5261;274047417;с.Шанбай
5276;5261;274047418;с.Шаншар
5277;5261;274047419;с.Шошакшагыл
5278;5261;274047423;с.Жылкыбай
5279;5261;274047425;с.Манке 1
5280;5049;274049000;Мендешевский с.о.
5281;5280;274049100;с.Кыркопа
5282;5281;274049102;с.Аксай 1
5283;5281;274049103;с.Аксай 2
5284;5281;274049104;с.Акуй
5285;5281;274049105;Комплекс
5286;5281;274049106;с.Кызылбас
5287;5281;274049107;с.Байток
5288;5281;274049108;с.Жетикудык
5289;5281;274049109;с.Карабарак
5290;5281;274049111;с.Курилдеуик
5291;5281;274049112;с.Делгир
5292;5281;274049113;с.Жолкудык
5293;5281;274049114;с.Каразагон
5294;5281;274049115;с.Куйген
5295;5281;274049116;с.Сарыкобен
5296;5281;274049117;с.Сугирали
5297;5281;274049118;с.Орыскопа
5298;5049;274053000;Пятимарский с.о.
5299;5298;274053100;с.Пятимар
5300;5298;274053200;с.Аккус
5301;5300;274053202;с.Атаукудык
5302;5300;274053204;с.Керей
5303;5300;274053205;с.Киндикбидайык
5304;5300;274053206;с.Омаркыстау
5305;5298;274053400;с.Борык
5306;5305;274053402;с.Бесоба
5307;5305;274053403;с.Беспай
5308;5305;274053404;с.Бетеге
5309;5305;274053405;с.Кадыркул
5310;5305;274053406;с.Кожан
5311;5305;274053407;с.Кособа
5312;5305;274053408;с.Кошпан
5313;5305;274053409;с.Сагатерек
5314;5298;274053500;с.Плантация
5315;5314;274053502;с.Байтал
5316;5314;274053503;с.Жапак
5317;5314;274053504;с.Зинепкудык
5318;5314;274053505;с.Камыстыколь
5319;5314;274053506;с.Кызылоба
5320;5314;274053507;с.Телятово
5321;5314;274053508;с.Карамола
5322;5314;274053509;с.Мухамбет
5323;5314;274053511;с.Сарышыганак 1
5324;5314;274053512;с.Сарышыганак 2
5325;4734;274200000;Жанибекский район
5326;5325;274230000;Жанибекский с.о.
5327;5326;274230100;с.Жанибек
5328;5327;274230102;с.Новая Жизнь
5329;5327;274230103;Откормпункт
5330;5327;274230104;с.Умтыл
5331;5325;274233000;Акобинский с.о.
5332;5331;274233100;с.Акоба
5333;5332;274233102;с.Акколь
5334;5332;274233103;с.Бруцеллез
5335;5332;274233104;с.Даулет
5336;5332;274233105;с.Закария
5337;5332;274233106;с.Кузнец
5338;5332;274233108;с.Мишка 1
5339;5332;274233109;с.Мишка 2
5340;5332;274233111;с.Миян
5341;5332;274233112;с.Молотов 1
5342;5332;274233113;с.Молотов 2
5343;5332;274233114;с.Орджоникидзе
5344;5332;274233115;с.Оян 1
5345;5332;274233117;с.Передаточный
5346;5332;274233118;с.Пайыл
5347;5332;274233122;с.Сорколь 1
5348;5332;274233123;с.Сулеймен
5349;5332;274233124;с.Терек
5350;5332;274233126;с.Беркалы
5351;5332;274233127;с.Дружба
5352;5332;274233128;с.Жиенбет
5353;5332;274233129;с.Сарай 1
5354;5332;274233131;с.Сарай 2
5355;5332;274233132;с.Сорколь 2
5356;5325;274235000;Борсынский с.о.
5357;5356;274235100;с.Борсы
5358;5357;274235102;с.Бугет
5359;5357;274235103;с.Вышка
5360;5357;274235105;с.Хайдар
5361;5356;274235200;с.Тегисшил
5362;5361;274235208;с.Таткен
5363;5361;274235209;с.Алпауыз
5364;5325;274237000;Жаксыбайский с.о.
5365;5364;274237100;с.Жаксыбай
5366;5365;274237102;с.Айдарлы
5367;5365;274237104;с.Закир
5368;5365;274237105;с.Каракес
5369;5365;274237106;с.Молотов
5370;5365;274237107;с.Орошаемое
5371;5365;274237108;с.Жалпакбас
5372;5365;274237112;с.Турехан
5373;5365;274237113;с.Третий
5374;5365;274237118;с.Ертаргын
5375;5365;274237119;с.Жалын
5376;5364;274237300;с.Акадыр
5377;5325;274243000;Куйгенкольский с.о.
5378;5377;274243100;с.Жаскайрат
5379;5378;274243102;с.Алтыкашар
5380;5378;274243103;с.Аргыбет
5381;5378;274243104;ГЭС
5382;5378;274243105;Сад
5383;5377;274243200;с.Колтабан
5384;5383;274243202;с.Астаусалган
5385;5383;274243203;с.Бухар
5386;5383;274243204;с.Каракудык
5387;5383;274243205;с.Сарбоз
5388;5383;274243209;с.Шошка
5389;5377;274243300;с.Курсай
5390;5389;274243305;с.Когалы
5391;5389;274243306;с.Кишикурсай
5392;5389;274243307;с.Куйгенколь
5393;5389;274243309;с.Саралжын
5394;5389;274243312;с.Тобебас
5395;5389;274243315;с.Шарбаккыры
5396;5389;274243316;с.Бескашар
5397;5377;274243400;с.Онеге
5398;5397;274243402;с.Алип
5399;5397;274243403;с.Абдохай
5400;5397;274243404;с.Арыстангали
5401;5397;274243405;с.Арык
5402;5397;274243406;с.Бирали
5403;5397;274243407;с.Даулет
5404;5397;274243409;с.Кантай
5405;5397;274243411;с.Койшы
5406;5397;274243412;с.Курмангазы
5407;5397;274243413;с.Кызылоба
5408;5397;274243414;с.Октеш аул
5409;5397;274243415;Октеш шалашы
5410;5397;274243417;с.Талас
5411;5397;274243418;с.Темиргали
5412;5325;274245000;Камыстинский с.о.
5413;5412;274245100;с.Камысты
5414;5413;274245107;с.Ескимай
5415;5413;274245109;с.Камысты
5416;5413;274245111;Насосный
5417;5413;274245113;с.Саралжын
5418;5413;274245117;с.Первое Мая
5419;5413;274245118;с.Абен
5420;5413;274245119;с.Асима
5421;5413;274245121;с.Жаилма
5422;5413;274245122;с.Жана-турмыс
5423;5413;274245123;с.Жел калак
5424;5413;274245124;с.Мастек
5425;5325;274247000;Таловский с.о.
5426;5425;274247100;с.Таловка
5427;5426;274247102;с.Аманат
5428;5426;274247108;с.Комсомол
5429;5425;274247200;с.Майтубек
5430;5325;274249000;Тауский с.о.
5431;5430;274249100;с.Тау
5432;5431;274249102;с.Басеке
5433;5431;274249103;с.Жигер 1
5434;5431;274249104;с.Жигер 2
5435;5431;274249105;с.Жыра
5436;5431;274249106;с.Нугман
5437;5431;274249107;с.Кошакай
5438;5431;274249109;с.Сапи
5439;5431;274249111;с.Стандарт
5440;5431;274249112;с.Третий
5441;5431;274249114;с.Шеген
5442;5431;274249115;с.Ергазы
5443;5431;274249116;с.Туяк
5444;5430;274249200;с.Жигер
5445;5444;274249206;с.Соналы 1
5446;5444;274249207;с.Соналы 2
5447;5430;274249300;с.им.И.Жумаева
5448;5447;274249303;с.Ескак
5449;5447;274249307;с.Татран
5450;5447;274249309;с.Гиззат
5451;5447;274249312;с.Умтыл
5452;5325;274253000;Узункольский с.о.
5453;5452;274253100;с.Узункол
5454;5453;274253107;с.Абдолла
5455;5453;274253111;с.Мынжас
5456;5453;274253115;с.Ныгмет
5457;5453;274253117;с.Муратсай
5458;5453;274253118;с.Азамат
5459;5453;274253119;с.Апакаш
5460;5453;274253121;с.Арашаем
5461;5453;274253122;с.Баймурат
5462;5453;274253123;с.Бруцеллез
5463;5453;274253124;с.Ибраим
5464;5453;274253125;с.Шамурат
5465;5452;274253200;с.Енбекши
5466;5465;274253204;Алтыкашар
5467;5465;274253206;с.Биринши
5468;5465;274253209;с.Инженер
5469;5465;274253213;с.Тани
5470;4734;274400000;район Бәйтерек
5471;5470;274430000;Переметнинский с.о.
5472;5471;274430100;с.Переметное
5473;5471;274430200;с.Забродино
5474;5473;274430209;с.Усихино
5475;5471;274430300;с.Калининское
5476;5471;274430400;с.Болашақ
5477;5471;274430500;с.Поливное
5478;5471;274430700;с.Қаражар
5479;5470;274431000;Дарьинский с.о.
5480;5479;274431100;с.Дарьинское
5481;5479;274431200;с.Озерное
5482;5481;274431202;Радиоцентр
5483;5470;274433000;с.о.Атамекен
5484;5483;274433100;с.Атамекен
5485;5483;274433200;с.Гремячее
5486;5483;274433300;с.Қайнар
5487;5486;274433302;рзд.13
5488;5470;274435000;Зеленовский с.о.
5489;5488;274435100;с.Зеленое
5490;5470;274439000;с.о.Бейбітшілік
5491;5490;274439100;с.Бейбітшілік
5492;5490;274439200;с.Астафьево
5493;5490;274439300;с.Сырым батыр
5494;5490;274439400;с.Чапурино
5495;5470;274441000;Кушумский с.о.
5496;5495;274441100;с.Большой Чаган
5497;5496;274441102;Дом Иртикеева
5498;5496;274441103;Дом Волкова-Суворова
5499;5496;274441104;ЛДПС Большой Чаган
5500;5496;274441105;Подстанция Большой Чаган
5501;5496;274441106;Полевой стан
5502;5495;274441300;с.Ақсу
5503;5502;274441302;Дом Хонина
5504;5495;274441400;с.Колесово
5505;5495;274441500;с.Кушум
5506;5505;274441502;Подстанция Кушум
5507;5505;274441503;Полевой стан
5508;5495;274441600;с.Малый Чаган
5509;5495;274441700;с.Оркен
5510;5509;274441702;с.Степное 2
5511;5509;274441703;с.Цинковая
5512;5470;274443000;Макаровский с.о.
5513;5512;274443100;с.Макарово
5514;5512;274443200;с.Мирное
5515;5512;274443300;с.Садовое
5516;5512;274443600;с.Жалын
5517;5470;274445000;Мичуринский с.о.
5518;5517;274445100;с.Мичуринское
5519;5518;274445102;Пеленгатор
5520;5517;274445300;с.Жамбыл
5521;5517;274445400;с.Зеленое
5522;5521;274445402;Мост
5523;5517;274445500;с.Асан
5524;5517;274445600;с.Октябрьское
5525;5524;274445602;Турбаза
5526;5470;274447000;Шалғайский с.о.
5527;5526;274447100;с.Шалғай
5528;5526;274447300;с.Тыңдала
5529;5526;274447400;с.Таловая
5530;5470;274453000;Раздольненский с.о.
5531;5530;274453100;с.Раздольное
5532;5530;274453200;с.Ақбидай
5533;5470;274455000;Белесский с.о.
5534;5533;274455100;с.Белес
5535;5534;274455102;рзд.Кордон
5536;5533;274455200;с.Акжол
5537;5470;274457000;Рубежинский с.о.
5538;5537;274457100;с.Рубежинское
5539;5470;274459000;Егиндибулакский с.о.
5540;5539;274459100;с.Егиндибулак
5541;5539;274459200;с.Алмалы
5542;5470;274461000;с.о.Байқоныс
5543;5542;274461100;с.Байқоныс
5544;5542;274461200;с.Володарское
5545;5542;274461300;с.Жайык
5546;5542;274461400;с.Новенькое
5547;5470;274463000;Достыкский с.о.
5548;5547;274463100;с.Достык
5549;5547;274463400;с.Красный Урал
5550;5547;274463700;с.Чувашинское
5551;5470;274465000;Махамбетский с.о.
5552;5551;274465100;с.Махамбет
5553;5551;274465200;с.Горбуново
5554;5551;274465300;с.Кожевниково
5555;5551;274465400;с.Павлово
5556;5470;274467000;с.о.Құрманғазы
5557;5556;274467100;с.Құрманғазы
5558;5556;274467200;с.Аманат
5559;5470;274469000;Сұлукөлский с.о.
5560;5559;274469100;с.Сұлу көл
5561;5470;274471000;Чировский с.о.
5562;5561;274471100;с.Чирово
5563;5561;274471200;с.Балабаново
5564;5470;274475000;Щаповский с.о.
5565;5564;274475100;с.Щапово
5566;5564;274475400;с.Жаңатаң
5567;5566;274475402;Дом Солтык
5568;5470;274477000;Янайкинский с.о.
5569;5568;274477100;с.Янайкино
5570;5569;274477102;Животноводческая фирма
5571;5568;274477200;с.Богатск
5572;5568;274477300;с.Скворкино
5573;5470;274479000;Январцевский с.о.
5574;5573;274479100;с.Январцево
5575;5574;274479102;Дом оператора
5576;5573;274479200;с.Кирсаново
5577;5573;274479300;с.Петрово
5578;5573;274479400;с.Красноармейское
5579;5573;274479500;с.Чинарево
5580;5573;274479600;с.Спартак
5581;4734;274800000;Казталовский район
5582;5581;274830000;Казталовский с.о.
5583;5582;274830100;с.Казталовка
5584;5582;274830200;с.Бозоба
5585;5584;274830202;с.Бозой
5586;5584;274830203;с.Долдаш
5587;5584;274830204;с.Жумагул
5588;5584;274830205;с.Кайран
5589;5584;274830206;с.Кайырбай
5590;5584;274830208;с.Куандык
5591;5584;274830209;с.Нукен
5592;5584;274830212;с.Молокино
5593;5584;274830213;с.Сундетшеген
5594;5584;274830214;с.Толеш
5595;5584;274830215;с.Утей
5596;5584;274830216;с.Шолаксай
5597;5584;274830218;с.Байтурган
5598;5584;274830219;с.Куан
5599;5582;274830300;с.Коныс
5600;5599;274830303;с.Капай
5601;5599;274830304;с.Маубас
5602;5599;274830305;Откормплощадка
5603;5599;274830306;с.Ерикти кала
5604;5582;274830400;с.Сексенбаев
5605;5604;274830402;с.Бек
5606;5604;274830404;с.Карасу
5607;5604;274830405;Камышкора
5608;5604;274830406;с.Нугыман
5609;5604;274830407;с.Майтан
5610;5604;274830408;с.Мышым
5611;5604;274830411;с.Сайкудык
5612;5604;274830416;с.Шаути
5613;5604;274830417;с.Шокак
5614;5604;274830418;с.Алтыбаз
5615;5604;274830419;с.Коппатер
5616;5581;274833000;Акпатерский с.о.
5617;5616;274833100;с.Акпатер
5618;5617;274833102;АГРЭС
5619;5617;274833103;с.Байтурган
5620;5617;274833104;с.Жагор
5621;5617;274833105;с.Каракобик
5622;5617;274833106;с.Посев
5623;5617;274833107;с.Сексенбай
5624;5617;274833108;с.Коссортан
5625;5617;274833109;с.Такырсуат
5626;5617;274833111;с.Кишкене шал
5627;5617;274833112;с.Беркали
5628;5617;274833113;с.Караагаш 1
5629;5617;274833114;с.Караагаш 2
5630;5617;274833115;с.Канаткобик
5631;5617;274833116;с.Меншин
5632;5616;274833200;с.Кишкенеталдыкудук
5633;5632;274833203;с.Болекшубар
5634;5632;274833205;с.Жанашубар
5635;5581;274835000;Березинский с.о.
5636;5635;274835100;с.Кайынды
5637;5636;274835102;с.Аксуйрик
5638;5636;274835103;с.Далабай
5639;5636;274835104;с.Егиндой
5640;5636;274835105;с.Жаманкудук
5641;5636;274835106;с.Жалгызшыгыр
5642;5636;274835109;с.Насиболла
5643;5636;274835111;с.Теренкудук
5644;5636;274835112;с.Тогызкарагай
5645;5636;274835113;с.Хисмет
5646;5636;274835115;с.Супыш
5647;5636;274835116;с.Ащысай
5648;5636;274835117;с.Жунустубек
5649;5636;274835118;с.Кенжегали
5650;5581;274837000;Болашакский с.о.
5651;5650;274837100;с.Болашак
5652;5651;274837102;с.Асан
5653;5651;274837103;с.Васкино
5654;5651;274837104;с.Камай
5655;5651;274837105;с.Камыстыколь
5656;5651;274837106;с.Колганов
5657;5651;274837109;с.Молотков
5658;5650;274837200;с.Копкутир
5659;5658;274837202;с.Ашыкудук
5660;5658;274837203;с.Дуково
5661;5658;274837204;Жанаорын
5662;5658;274837205;с.Онайбек
5663;5658;274837206;с.Оспан 1
5664;5658;274837208;Плантация
5665;5658;274837209;с.Харитон
5666;5658;274837211;с.Чебаково
5667;5650;274837300;с.Жана тан
5668;5650;274837400;с.Аккурай
5669;5668;274837402;с.Беденка
5670;5668;274837404;с.Кашка
5671;5668;274837406;с.Садык
5672;5668;274837407;с.Текебай
5673;5668;274837408;с.Теренкудук
5674;5668;274837409;с.Тушыкудук
5675;5668;274837411;Шильная балка
5676;5581;274839000;Бостандыкский с.о.
5677;5676;274839100;с.Бостандык
5678;5677;274839102;с.Айткул
5679;5677;274839103;с.Аксуат
5680;5677;274839106;с.Искак
5681;5677;274839108;с.Муканбет
5682;5677;274839109;с.Канал
5683;5677;274839111;с.Кайып
5684;5677;274839113;с.Конырша
5685;5677;274839114;с.Тасоба
5686;5676;274839200;с.Караколь
5687;5686;274839202;с.Акколмек
5688;5686;274839203;с.Бекиш
5689;5686;274839204;с.Бесоба
5690;5686;274839205;с.Бекет
5691;5686;274839206;с.Биеолген
5692;5686;274839209;с.Жанабаз
5693;5686;274839211;с.Жаманкудук
5694;5686;274839213;с.Жылти
5695;5686;274839214;с.Ибатшеген
5696;5686;274839216;с.Камыстыколь
5697;5686;274839218;с.Косарал
5698;5686;274839219;с.Курайлы
5699;5686;274839221;с.Кулшыман
5700;5686;274839222;с.Насип
5701;5686;274839223;с.Онбай
5702;5686;274839225;с.Сабыр
5703;5581;274841000;Бирикский с.о.
5704;5703;274841100;с.Ажибай
5705;5704;274841102;Агашуй
5706;5704;274841104;с.Курколь
5707;5704;274841105;с.Лекер
5708;5704;274841108;с.Жумыр
5709;5703;274841200;с.Кызылту
5710;5709;274841202;с.Акбасты
5711;5709;274841204;с.Жанабаз
5712;5709;274841206;с.Кердери
5713;5709;274841208;с.Мангур
5714;5709;274841209;с.Шункырколь
5715;5703;274841300;с.Саралжын
5716;5581;274843000;Жалпакталский с.о.
5717;5716;274843100;с.Жалпактал
5718;5717;274843103;с.Кулак
5719;5581;274845000;Жанажолский с.о.
5720;5719;274845100;с.Жанажол
5721;5719;274845200;с.Абиш
5722;5721;274845202;с.Назар
5723;5721;274845203;с.Карасу 1
5724;5721;274845204;с.Шока
5725;5721;274845205;с.Карасу 2
5726;5721;274845206;с.Таз
5727;5719;274845300;с.Комекши
5728;5727;274845303;с.Байжиен
5729;5727;274845305;с.Жылти
5730;5727;274845307;с.Наролген
5731;5727;274845308;с.Сакрыль
5732;5727;274845309;с.Туремурат
5733;5719;274845500;с.Танат
5734;5733;274845502;с.Айганша
5735;5733;274845503;с.Арыкбай
5736;5733;274845504;с.Даси
5737;5733;274845505;с.Караоба
5738;5733;274845506;с.Малакан
5739;5733;274845507;Сад
5740;5733;274845509;с.Каражира
5741;5733;274845511;с.Кулак
5742;5733;274845512;с.Султаншеген
5743;5581;274849000;Коктерекский с.о.
5744;5743;274849100;с.Коктерек
5745;5744;274849102;с.Балауса
5746;5744;274849103;с.Майтубек
5747;5744;274849104;с.Мамай 1
5748;5744;274849106;с.Таскудук
5749;5744;274849107;с.Мамай 2
5750;5744;274849109;с.Тоскудук 2
5751;5743;274849300;с.Уразгали
5752;5751;274849303;с.Аликопа
5753;5751;274849304;с.Есболат
5754;5751;274849306;с.Жетикебен
5755;5751;274849308;с.Халайык
5756;5751;274849313;с.Шыбынды
5757;5743;274849400;с.Саралжын
5758;5757;274849408;с.Отеп
5759;5757;274849409;с.Шегирткели
5760;5757;274849411;с.Жибек
5761;5757;274849412;с.Полевой
5762;5743;274849500;с.Сатыбалды
5763;5581;274851000;Караобинский с.о.
5764;5763;274851100;с.Караоба
5765;5764;274851103;с.Алау
5766;5764;274851104;с.Баянбай
5767;5764;274851106;с.Едилбай
5768;5764;274851107;с.Жалын
5769;5764;274851108;с.Комсомол
5770;5764;274851109;с.Мади
5771;5764;274851113;с.Ушкын
5772;5763;274851200;с.Енбек
5773;5772;274851202;с.Абдыреш
5774;5772;274851203;с.Акшырак
5775;5772;274851204;с.Алгали
5776;5772;274851205;с.Елтай
5777;5763;274851300;с.Конысбай
5778;5777;274851302;с.Жанабай
5779;5777;274851303;с.Жанаорнек
5780;5777;274851306;с.Катон
5781;5777;274851308;с.Темиргали
5782;5581;274853000;Караузенский с.о.
5783;5782;274853100;с.Караузен
5784;5783;274853103;с.Кулак
5785;5783;274853104;с.Кузьма
5786;5782;274853200;с.Жас
5787;5786;274853202;с.Алкеш
5788;5786;274853204;с.Дукен
5789;5786;274853205;с.Елексай
5790;5786;274853206;с.Жузбай
5791;5786;274853207;с.Кадер
5792;5786;274853212;с.Кожантай
5793;5786;274853214;с.Сарышыганак
5794;5786;274853216;с.Хиуа
5795;5786;274853217;с.Киши Корган
5796;5786;274853218;с.Канаткали
5797;5786;274853219;с.Кожа
5798;5786;274853221;с.Улкен Корган
5799;5782;274853400;с.Серик
5800;5799;274853402;с.Ашыкудук 1
5801;5799;274853403;с.Ашыкудук 2
5802;5799;274853404;Дом чабана Серика
5803;5799;274853405;с.Жабайкин
5804;5799;274853407;с.Карасу 1
5805;5799;274853411;с.Николай
5806;5799;274853414;Стан
5807;5799;274853415;с.Темирастау
5808;5799;274853416;с.Жана орын
5809;5799;274853417;с.Шахат
5810;5581;274855000;Карасуский с.о.
5811;5810;274855100;с.Карасу
5812;5811;274855103;с.Торегали
5813;5811;274855104;с.Айдархан
5814;5811;274855105;с.Кушыганак 1
5815;5811;274855106;с.Сарымсак
5816;5811;274855107;с.Суттигенди
5817;5811;274855108;с.Токсоба
5818;5810;274855200;с.Ашысай
5819;5818;274855203;с.Бескопа
5820;5818;274855204;с.Даукора
5821;5818;274855205;с.Даулбай
5822;5818;274855209;с.Шолаккопа
5823;5810;274855300;с.Бостандык
5824;5810;274855400;с.Жулдыз
5825;5824;274855403;с.Базаркудук
5826;5824;274855409;с.Сулыколь
5827;5824;274855411;с.Тортпишен
5828;5824;274855412;с.Торекудук
5829;5581;274857000;Кошанколский с.о.
5830;5829;274857100;с.Кошанколь
5831;5830;274857102;с.Ажкей
5832;5830;274857103;с.Акеш
5833;5830;274857104;с.Аксирак
5834;5830;274857105;с.Бессалом
5835;5830;274857106;Болатбазы
5836;5830;274857107;с.Каратокай
5837;5830;274857108;с.Казахстан
5838;5830;274857109;с.Коктерек
5839;5830;274857111;с.Лукпан
5840;5830;274857113;с.Новая Жизнь
5841;5830;274857114;с.Тунгыш
5842;5830;274857115;с.Богет
5843;5830;274857116;с.Бозоба
5844;5830;274857119;с.Карасу
5845;5830;274857121;с.Китар
5846;5830;274857123;с.Муканай
5847;5830;274857125;с.Собак
5848;5829;274857300;с.Ордабай
5849;5848;274857303;с.Карамырза
5850;5848;274857304;с.Каракудук
5851;5848;274857306;с.Кошан 1
5852;5848;274857307;с.Кошан 2
5853;5848;274857308;Маканбазы
5854;5848;274857309;с.Сейтимбет
5855;5848;274857311;с.Темирболат
5856;5848;274857312;с.Тулептубеш
5857;5581;274859000;Талдыапанский с.о.
5858;5857;274859100;с.Талдыапан
5859;5858;274859102;Алмабак
5860;5858;274859103;с.Бекбау
5861;5858;274859104;с.Костанбай
5862;5858;274859105;с.Талсай
5863;5858;274859106;с.Улкенколь
5864;5857;274859200;с.Бейистерек
5865;5864;274859205;с.Оразбай
5866;5857;274859300;с.Кайшакудук
5867;5866;274859302;с.Байбоз
5868;5866;274859303;с.Жади
5869;5866;274859304;с.Карагай
5870;5866;274859305;с.Пашка
5871;5866;274859306;с.Отызкебен
5872;5857;274859400;с.Кособа
5873;5872;274859402;с.Кособа 1
5874;5872;274859404;с.Иклас
5875;5872;274859405;с.Ормакай
5876;5872;274859406;с.Сарышункей
5877;5872;274859407;с.Талап
5878;5872;274859409;140 км
5879;5872;274859411;с.Кабыршак
5880;5872;274859412;с.Тамон 1
5881;5872;274859413;с.Тамон 2
5882;5857;274859500;с.Сарыкудук
5883;5581;274863000;Талдыкудукский с.о.
5884;5883;274863100;с.Талдыкудук
5885;5884;274863106;с.Курман
5886;5884;274863107;с.Таскутур
5887;5884;274863109;с.Кайрат
5888;5884;274863111;с.Атыкара
5889;5884;274863112;с.Теренкудук
5890;5884;274863113;с.Урпек
5891;5883;274863600;с.Хайруш
5892;5891;274863602;с.Урпек
5893;5891;274863609;с.Суйрген
5894;5581;274865000;Теренколский с.о.
5895;5894;274865100;с.Нурсай
5896;5895;274865102;с.Амирали
5897;5895;274865103;Бригада
5898;5895;274865104;с.Иткара
5899;5895;274865105;с.Кырыкатеш
5900;5895;274865106;с.Мешер
5901;5895;274865107;с.Караой
5902;5895;274865108;с.Кенбоз
5903;5895;274865109;с.Колпак 1
5904;5895;274865111;с.Колпак 2
5905;5895;274865112;с.Сагыз
5906;5895;274865113;с.Саралжын
5907;5895;274865114;с.Туржан
5908;5895;274865115;с.Шубарат
5909;5894;274865200;с.Беспишен
5910;5909;274865202;с.Ергали
5911;5909;274865203;с.Жумалы
5912;5909;274865204;с.Карл Маркс 1
5913;5909;274865205;с.Карл Маркс 2
5914;5909;274865206;Паром
5915;5909;274865207;с.Табылгы
5916;5909;274865208;с.Такырсазанды
5917;5909;274865209;с.Танышкен
5918;5909;274865211;с.Уали
5919;5894;274865300;с.Мереке
5920;5919;274865302;с.Акболат
5921;5919;274865303;с.Аша
5922;5919;274865304;с.Егиншеген
5923;5919;274865305;с.Коныр
5924;5919;274865306;с.Минаж
5925;5919;274865307;с.Молдаш
5926;5919;274865308;с.Сазанды
5927;5919;274865309;Совхоз
5928;5919;274865311;с.Тама
5929;5919;274865312;с.Шора
5930;4734;275000000;Каратобинский район
5931;5930;275030000;Каратобинский с.о.
5932;5931;275030100;с.Каратобе
5933;5931;275030400;с.Соналы
5934;5933;275030402;с.Акмешит
5935;5933;275030405;с.Ески Шоптиколь
5936;5933;275030411;с.Теренкудук
5937;5931;275030600;с.Ушагаш
5938;5931;275030800;с.Шоптыколь
5939;5938;275030803;с.Акайдар
5940;5938;275030804;с.Бесоба
5941;5938;275030806;с.Алтыбаз
5942;5930;275033000;Аккозинский с.о.
5943;5942;275033100;с.Коржын
5944;5943;275033102;с.Бетшагыл
5945;5943;275033104;с.Кожанияз
5946;5943;275033105;с.Колкамыс
5947;5943;275033107;с.Жумагали
5948;5942;275033200;с.Аккозы
5949;5948;275033204;с.Кызылкудук
5950;5942;275033300;с.Бесоба
5951;5950;275033302;с.Байекес
5952;5950;275033304;Нуржаубаз
5953;5950;275033305;с.Хасанагаш
5954;5942;275033400;с.Косбаз
5955;5954;275033405;с.Сарыкумак
5956;5930;275035000;Егиндыкольский с.о.
5957;5956;275035100;с.Егендыколь
5958;5957;275035104;с.Жамансай
5959;5957;275035106;с.Калинин
5960;5957;275035107;с.Каракога
5961;5957;275035109;с.Турганбай
5962;5956;275035400;с.Косколь
5963;5962;275035408;с.Сарсенгали
5964;5930;275037000;Жусандойский с.о.
5965;5964;275037100;с.Жусандой
5966;5965;275037104;с.Бекмаганбет
5967;5965;275037107;с.Ихсан
5968;5964;275037200;с.Ханколь
5969;5968;275037207;с.Турым
5970;5930;275039000;Каракулский с.о.
5971;5970;275039100;с.Актай
5972;5970;275039200;с.Алаколь
5973;5972;275039206;с.Токсейт
5974;5930;275045000;Коскольский с.о.
5975;5974;275045100;с.Косколь
5976;5975;275045103;с.Арештокжан
5977;5975;275045106;с.Боранбай
5978;5975;275045108;с.Камыстыколь
5979;5975;275045111;с.Сатар
5980;5975;275045112;с.Ушаудан
5981;5975;275045113;с.Шора
5982;5974;275045200;с.Шалгын
5983;5982;275045202;с.Акбаз
5984;5982;275045203;с.Кален
5985;5982;275045205;с.Кошкарсойган
5986;5930;275047000;Саралжынский с.о.
5987;5986;275047100;с.Каракамыс
5988;5987;275047103;с.Агалык 2
5989;5987;275047104;с.Акбакай
5990;5987;275047108;с.Жолкудук
5991;5987;275047111;с.Каракудук
5992;5987;275047113;с.Маши
5993;5987;275047114;с.Нияз
5994;5987;275047117;с.Толганбай
5995;5987;275047118;с.Бернияз
5996;5987;275047119;с.Туркебай
5997;5987;275047121;с.Турмагамбет
5998;5987;275047122;с.Ушкемпир
5999;5986;275047400;с.Сауле
6000;5999;275047406;с.Кунту
6001;5999;275047409;с.Таласкудук
6002;5999;275047411;с.Шонкайлыколь
6003;5930;275049000;Сулыкольский с.о.
6004;6003;275049100;с.Сулыколь
6005;6004;275049103;с.Жетимсай
6006;6003;275049300;с.Темирбек
6007;6003;275049400;с.Толен
6008;6007;275049402;с.Айшуак
6009;6007;275049406;с.Рахпан
6010;6003;275049500;с.Ушана
6011;6010;275049502;с.Батпакколь
6012;6010;275049503;с.Жанабогет
6013;6010;275049504;с.Жанбас
6014;6010;275049507;с.Шала
6015;6010;275049509;с.Карасай
6016;4734;275400000;Бокейординский район
6017;6016;275430000;Сайхинский с.о.
6018;6017;275430100;с.Сайхин
6019;6017;275430200;с.Большевик
6020;6019;275430202;с.Аккемпир
6021;6019;275430204;с.Бруцеллез
6022;6019;275430205;с.Гришка
6023;6019;275430206;с.Далбын
6024;6019;275430207;с.Жана пункт
6025;6019;275430208;Комплекс
6026;6019;275430209;с.Кумкудук
6027;6019;275430212;с.Кумак
6028;6019;275430213;Казарма 340
6029;6019;275430214;с.Молотов 1
6030;6019;275430215;с.Молотов 2
6031;6019;275430216;Пункт Муса
6032;6019;275430217;Сад
6033;6019;275430218;с.Сатан
6034;6019;275430219;с.Саралжын
6035;6019;275430221;с.Сертекшалаш
6036;6019;275430222;Туйекыстау
6037;6019;275430223;с.Узункол 1
6038;6019;275430224;с.Узункол 2
6039;6019;275430225;с.Унгысын
6040;6017;275430300;с.Жарменке
6041;6040;275430302;с.Акгиык
6042;6040;275430303;с.Айдарлы
6043;6040;275430304;с.Акбулак
6044;6040;275430305;с.Аханколь 1
6045;6040;275430306;с.Аханколь 2
6046;6040;275430307;с.Бектас
6047;6040;275430308;Бригада 3
6048;6040;275430309;Бригада 4
6049;6040;275430311;с.Жумагелды
6050;6040;275430312;с.Камеш
6051;6040;275430313;с.Калыш
6052;6040;275430314;с.Коктерек
6053;6040;275430315;с.Копадай
6054;6040;275430316;с.Курманбай
6055;6040;275430317;с.Кумак
6056;6040;275430318;с.Пазыл
6057;6040;275430319;с.Лукпанколь 1
6058;6040;275430321;с.Лукпанколь 2
6059;6040;275430322;с.Сарыбасты
6060;6040;275430323;с.Ситали
6061;6040;275430324;Точка 9
6062;6040;275430325;с.Шунгил
6063;6017;275430400;с.Шонай
6064;6063;275430402;с.Жолдыбай
6065;6063;275430403;с.Жумагали
6066;6063;275430404;с.Золотой
6067;6063;275430405;с.Кайып
6068;6063;275430406;с.Караколь 1
6069;6063;275430407;с.Караколь 2
6070;6063;275430408;с.Караколь 3
6071;6063;275430409;Казарма 365
6072;6063;275430411;Казарма 372
6073;6063;275430412;Казарма 390
6074;6063;275430413;с.Первомай
6075;6063;275430414;с.Сарыбасты
6076;6063;275430415;с.Сундет
6077;6063;275430416;с.Тайгара
6078;6063;275430417;точка 390
6079;6063;275430418;Филимон сад
6080;6063;275430419;с.Шокайколь 1
6081;6063;275430421;с.Шокайколь 2
6082;6063;275430422;с.Шокайколь 3
6083;6016;275433000;Бисенский с.о.
6084;6083;275433100;с.Бисен
6085;6084;275433102;с.Айбас
6086;6084;275433103;с.Акайколь
6087;6084;275433104;с.Аксор
6088;6084;275433105;с.Аккемпир
6089;6084;275433106;с.Бегале
6090;6084;275433107;с.Жулдыз
6091;6084;275433111;с.Минаж
6092;6084;275433112;с.Пайда
6093;6084;275433113;с.Сансызбай
6094;6084;275433114;с.Топжиде 1
6095;6084;275433117;с.Шамиль
6096;6084;275433118;с.Алипкали
6097;6084;275433119;с.Жумахмет
6098;6084;275433121;с.Топжиде 2
6099;6083;275433200;с.Жетібай
6100;6099;275433204;с.Бруцеллез
6101;6099;275433205;с.Уайс
6102;6099;275433206;с.Досым 1
6103;6099;275433207;с.Досым 2
6104;6099;275433208;с.Досым 3
6105;6099;275433209;с.Еркеатан
6106;6099;275433211;с.Жалтыр 1
6107;6099;275433212;с.Жалкаш
6108;6099;275433213;с.Караой 1
6109;6099;275433215;с.Кедебай
6110;6099;275433216;с.Кошкен
6111;6099;275433217;с.Кызылкабак
6112;6099;275433218;с.Пишпанак
6113;6099;275433219;с.Рахима
6114;6099;275433223;с.Сакау
6115;6099;275433224;с.Склад
6116;6099;275433226;с.Шалабай
6117;6099;275433227;с.Бисекен
6118;6099;275433228;с.Досым 4
6119;6099;275433229;с.Жалтыр 2
6120;6099;275433231;с.Караой 2
6121;6099;275433232;с.Караой 3
6122;6083;275433300;с.Жиеккум
6123;6122;275433302;с.Айткали
6124;6122;275433303;с.Апакай
6125;6122;275433304;с.Бескудук 1
6126;6122;275433305;с.Бескудук 2
6127;6122;275433306;с.Ескимектеп
6128;6122;275433307;с.Ескали
6129;6122;275433308;с.Жакия
6130;6122;275433309;с.Карагул
6131;6122;275433312;с.Кошкен
6132;6122;275433313;с.Мергенбай
6133;6122;275433314;с.Мурадым
6134;6122;275433315;с.Мысык
6135;6122;275433316;с.Нияз 1
6136;6122;275433317;с.Нияз 2
6137;6122;275433318;с.Склад
6138;6122;275433319;с.Рзалы
6139;6122;275433321;с.Туйеолген 1
6140;6122;275433322;с.Хамза
6141;6122;275433323;с.Айткали 2
6142;6122;275433324;с.Гатау
6143;6122;275433325;с.Туйеолген 2
6144;6083;275433400;с.Коктерек
6145;6144;275433402;с.Акколмек
6146;6144;275433403;с.Бахай
6147;6144;275433404;с.Бегалы
6148;6144;275433405;с.Бестобе
6149;6144;275433407;Ески ферма
6150;6144;275433408;с.Жазагали
6151;6144;275433409;Жаманкора
6152;6144;275433411;с.Жумагали
6153;6144;275433412;с.Ибраим
6154;6144;275433413;с.Каракалпак
6155;6144;275433415;с.Караунгир
6156;6144;275433418;с.Макай
6157;6144;275433419;с.Мендыхан
6158;6144;275433422;с.Нурпейс
6159;6144;275433423;с.Ойтакан
6160;6144;275433424;с.Сатыпалды
6161;6144;275433425;с.Суйтшигали
6162;6144;275433426;с.Хайролла
6163;6144;275433427;с.Шандыр
6164;6144;275433428;с.Шапи
6165;6144;275433429;с.Шукургали
6166;6144;275433431;с.Жалгызшагыл
6167;6144;275433432;с.Насимолла
6168;6144;275433433;с.Утебали
6169;6016;275435000;Уялинский с.о.
6170;6169;275435100;с.Уялы
6171;6170;275435103;с.Арыстан
6172;6170;275435104;с.Базарбай
6173;6170;275435105;с.Биримжар
6174;6170;275435106;с.Донгелек
6175;6170;275435107;с.Ескисельпо
6176;6170;275435108;с.Жунис 1
6177;6170;275435111;с.Зулкарнай
6178;6170;275435112;с.Кази
6179;6170;275435113;с.Калык
6180;6170;275435114;с.Кызылуй
6181;6170;275435116;с.Орак
6182;6170;275435117;с.Сары
6183;6170;275435119;с.Тажиман
6184;6170;275435121;с.Темиреш
6185;6170;275435122;с.Умирбек
6186;6170;275435123;с.Теренкудук
6187;6170;275435124;с.Байкунак
6188;6170;275435125;с.Бирлик
6189;6170;275435126;с.Дуйсемали
6190;6170;275435127;с.Жолкудук
6191;6170;275435128;с.Миялыой
6192;6170;275435129;с.Мусиргали
6193;6170;275435131;с.Салык
6194;6170;275435132;с.Науша
6195;6170;275435133;с.Жумалы
6196;6170;275435134;с.Толыбай
6197;6170;275435135;с.Файзолла
6198;6169;275435200;с.Кеной
6199;6198;275435202;с.Адик
6200;6198;275435203;с.Акмектеп
6201;6198;275435204;с.Амангали
6202;6198;275435205;с.Арал
6203;6198;275435206;с.Дуйсенгали
6204;6198;275435207;с.Жайлау
6205;6198;275435208;с.Жазит
6206;6198;275435209;с.Жумабек
6207;6198;275435211;с.Ибис
6208;6198;275435212;с.Имаш
6209;6198;275435213;с.Илял
6210;6198;275435214;с.Кабеш
6211;6198;275435216;с.Каражума
6212;6198;275435217;с.Кенжегара
6213;6198;275435218;с.Куат
6214;6198;275435219;с.Построй
6215;6198;275435222;с.Тунпет
6216;6198;275435223;с.Андаш
6217;6198;275435224;с.Дуйсенбай
6218;6016;275437000;с.о.им.Темира Масина
6219;6218;275437100;с.Борли
6220;6219;275437102;с.Акколь
6221;6219;275437103;с.Бабас
6222;6219;275437105;с.Балбай
6223;6219;275437106;с.Даулеткали
6224;6219;275437108;с.Какпасор
6225;6219;275437109;с.Каракенже
6226;6219;275437111;с.Карабас
6227;6219;275437112;с.Калисакып
6228;6219;275437113;с.Коныршеген
6229;6219;275437114;с.Кумыскали
6230;6219;275437115;с.Мухай
6231;6219;275437116;с.Мырзагали
6232;6219;275437117;с.Мырзагерей
6233;6219;275437118;с.Оспан
6234;6219;275437119;с.Кадем
6235;6219;275437121;с.Сарсен
6236;6219;275437122;с.Склад
6237;6219;275437123;с.Строй
6238;6219;275437124;с.Танкиш
6239;6219;275437125;с.Тогызкудук
6240;6219;275437126;с.Шандыколь
6241;6219;275437127;с.Шахман
6242;6219;275437128;с.Шынтемир
6243;6219;275437129;с.Акбузау
6244;6219;275437131;с.Жалгызтал
6245;6219;275437132;с.Жетижылдык
6246;6219;275437133;с.Кайырболат
6247;6219;275437134;с.Карабай
6248;6219;275437135;с.Муханбеткали
6249;6219;275437136;с.Султаш
6250;6219;275437137;с.Сырмак
6251;6219;275437138;с.Уйымдас
6252;6219;275437139;с.Хамза
6253;6219;275437141;с.Хасайын
6254;6219;275437142;с.Шайхолла
6255;6219;275437143;с.Избас 1
6256;6219;275437144;с.Избас 2
6257;6219;275437145;с.Куйбышев
6258;6219;275437146;с.Жигер
6259;6218;275437300;с.Теренкудук
6260;6259;275437303;с.Аккыстау
6261;6259;275437304;с.Дола
6262;6259;275437305;с.Дуйсенгали
6263;6259;275437306;с.Камелден
6264;6259;275437308;с.Магзомсары
6265;6259;275437309;с.Садык
6266;6259;275437311;с.Самал
6267;6259;275437312;с.Саламат
6268;6016;275439000;Муратсайский с.о.
6269;6268;275439100;с.Муратсай
6270;6269;275439105;с.Коккамыс
6271;6269;275439106;точка 26
6272;6268;275439200;с.Ажен
6273;6272;275439202;с.Апет
6274;6272;275439204;с.Гиззат
6275;6272;275439207;с.Косжан
6276;6272;275439208;с.Куаншали
6277;6272;275439209;с.Купка
6278;6272;275439212;с.Магзом
6279;6272;275439213;с.Мухат
6280;6272;275439215;с.Терек
6281;6268;275439400;с.Тайгара
6282;6281;275439405;с.Кабдир 1
6283;6281;275439406;с.Кабдир 2
6284;6281;275439407;с.Кабдир 3
6285;6281;275439408;с.Кубаш
6286;6281;275439409;с.Майгара 1
6287;6281;275439411;с.Майгара 2
6288;6281;275439412;с.Мазилбек 1
6289;6281;275439413;с.Мазилбек 2
6290;6281;275439414;с.Мазилбек 3
6291;6016;275443000;Ординский с.о.
6292;6291;275443100;с.Хан Ордасы
6293;6292;275443105;с.Арыстангали
6294;6291;275443300;с.Карасу
6295;6294;275443302;Акферма
6296;6294;275443303;с.Арыстангали
6297;6294;275443304;с.Арон
6298;6294;275443305;с.Батен
6299;6294;275443306;с.Бекес
6300;6294;275443307;с.Бесбала
6301;6294;275443308;с.Бисен
6302;6294;275443311;с.Жанаталап
6303;6294;275443312;Жанааула
6304;6294;275443313;с.Жыра
6305;6294;275443314;с.Кадем
6306;6294;275443316;с.Камеш 2
6307;6294;275443317;с.Казанкап
6308;6294;275443318;с.Кандыгаш
6309;6294;275443319;с.Карабала
6310;6294;275443321;с.Кареке
6311;6294;275443322;с.Караорыс
6312;6294;275443323;с.Карагуль
6313;6294;275443325;Курорт
6314;6294;275443326;с.Майлыкуыс
6315;6294;275443327;с.Мат
6316;6294;275443328;с.Менжан
6317;6294;275443329;Райздрав
6318;6294;275443331;с.Рахмет
6319;6294;275443332;Сад
6320;6294;275443333;с.Самат
6321;6294;275443334;с.Самиголла
6322;6294;275443335;с.Сапар
6323;6294;275443336;Стан
6324;6294;275443337;с.Садык
6325;6294;275443338;с.Сыралы
6326;6294;275443339;с.Сокыркарт
6327;6294;275443341;с.Суйинали
6328;6294;275443342;точка 4
6329;6294;275443343;точка 10
6330;6294;275443344;точка 11
6331;6294;275443345;с.Шамак
6332;6294;275443346;с.Ысык
6333;6294;275443347;с.Бибол
6334;6294;275443348;с.Елеу
6335;6294;275443349;с.Жалгыз карагай
6336;6294;275443351;с.Кара оба
6337;6294;275443352;с.Солдат жиде
6338;6294;275443354;с.Шайман
6339;6291;275443400;с.Сейткали
6340;6339;275443402;с.Абутали
6341;6339;275443403;с.Айтен
6342;6339;275443404;с.Айтали
6343;6339;275443405;с.Аймекен
6344;6339;275443407;с.Бакыш 2
6345;6339;275443408;с.Бозай
6346;6339;275443409;с.Карткожак
6347;6339;275443411;с.Копмола
6348;6339;275443412;с.Кубайт
6349;6339;275443413;Комплекс
6350;6339;275443414;с.Куанали
6351;6339;275443415;с.Кырыкуй
6352;6339;275443416;с.Магаз
6353;6339;275443417;с.Макар
6354;6339;275443418;с.Минай
6355;6339;275443419;с.Ружан
6356;6339;275443421;с.Сайын
6357;6339;275443423;с.Сырга
6358;6339;275443424;с.Ташу
6359;6339;275443425;с.Тинали
6360;6339;275443426;точка 1
6361;6339;275443427;точка 2
6362;6339;275443428;точка 3
6363;6339;275443429;точка 4
6364;6339;275443431;точка 5
6365;6339;275443432;точка 6
6366;6339;275443433;точка 7
6367;6339;275443434;точка 8
6368;6339;275443435;точка 38
6369;6339;275443436;с.Уап
6370;6339;275443438;с.Чумный
6371;6339;275443439;с.Шамиш
6372;6339;275443441;с.Шортангали
6373;6339;275443442;с.Боздак
6374;6339;275443443;с.Казарма
6375;6339;275443444;точка 3 два
6376;6339;275443445;с.Минай 2
6377;6339;275443446;с.Подхоз
6378;6291;275443500;с.Уштерек
6379;6378;275443502;с.Алипкали
6380;6378;275443503;с.Аксай
6381;6378;275443504;с.Аккыстау
6382;6378;275443505;с.Аксор
6383;6378;275443507;с.Гайнолла
6384;6378;275443508;с.Дорба
6385;6378;275443509;с.Ебин
6386;6378;275443511;с.Ескендир
6387;6378;275443512;с.Ескимектеп
6388;6378;275443513;с.Ерсайын
6389;6378;275443514;Жанааула
6390;6378;275443515;с.Караболтек
6391;6378;275443516;с.Кожахмет
6392;6378;275443517;с.Конырбай
6393;6378;275443518;с.Кызылагаш
6394;6378;275443519;с.Мурат
6395;6378;275443521;Стан
6396;6378;275443522;с.Сулеймен
6397;6378;275443523;с.Улмекен
6398;6378;275443525;с.Шау
6399;6378;275443526;с.Шау 2
6400;6378;275443527;с.Абдол
6401;6378;275443528;с.Кос 2
6402;6016;275447000;Саралжинский с.о.
6403;6402;275447100;с.Саралжын
6404;6403;275447102;с.Акой
6405;6403;275447103;с.Караой
6406;6403;275447104;с.Каракудук
6407;6403;275447106;с.Кызылой
6408;6403;275447107;с.Молжыра
6409;6403;275447108;с.Ысыкой
6410;6403;275447109;с.Суйектижыра
6411;6403;275447136;с.Курманколь 2
6412;6403;275447137;с.Молжыра
6413;6403;275447138;с.Мустахи
6414;6403;275447139;с.Теректи жыра
6415;6403;275447141;с.Зимовка Шукур
6416;6403;275447142;с.Бесколь
6417;6403;275447143;с.Бозколмек
6418;6403;275447144;с.Ендидалык
6419;6403;275447145;с.Карашеген
6420;6403;275447146;с.Кабанжыра
6421;6403;275447147;с.Караой
6422;6403;275447148;с.Керебай
6423;6403;275447149;с.Кокмола
6424;6403;275447151;с.Курманколь
6425;6403;275447152;с.Лайколь
6426;6403;275447153;с.Сарыой
6427;6403;275447154;с.Теректижыра
6428;4734;275800000;Сырымский район
6429;6428;275830000;Жымпитынский с.о.
6430;6429;275830100;с.Жымпиты
6431;6429;275830200;с.Саралжын
6432;6431;275830203;с.Дуйсенбай
6433;6431;275830204;с.Капак
6434;6431;275830205;с.Камыстыколь
6435;6431;275830206;с.Кузентай
6436;6429;275830400;с.Оленти
6437;6436;275830405;с.Орысколь
6438;6436;275830406;с.Саугабай
6439;6436;275830407;с.Такырколь
6440;6428;275833000;Алгабасский с.о.
6441;6440;275833100;с.Алгабас
6442;6440;275833300;с.Жанаонир
6443;6442;275833302;с.Кыстаубай 1
6444;6442;275833303;с.Кыстаубай 2
6445;6442;275833305;с.Сулыколь
6446;6440;275833500;с.Сасыкколь
6447;6446;275833504;с.Жаман
6448;6446;275833507;с.Кокеншеген
6449;6446;275833508;с.Кызылагаш
6450;6428;275835000;Аралтобинский с.о.
6451;6450;275835100;с.Аралтобе
6452;6451;275835102;с.Борбас
6453;6451;275835105;с.Тиксай
6454;6450;275835200;с.Кызылагаш
6455;6454;275835202;с.Коржыной
6456;6428;275837000;Буланский с.о.
6457;6456;275837100;с.Булан
6458;6457;275837102;Ветпункт
6459;6457;275837103;Жанабаз
6460;6456;275837200;с.Жамбыл
6461;6460;275837202;с.Акперли
6462;6428;275839000;Булдуртинский с.о.
6463;6462;275839100;с.Булдурта
6464;6462;275839200;с.Аккудук
6465;6464;275839202;с.Егиндиой
6466;6462;275839400;с.Когерис
6467;6462;275839500;с.Каракудук
6468;6467;275839503;с.Костобе
6469;6467;275839504;с.Кошабай
6470;6428;275843000;Елтайский с.о.
6471;6470;275843100;с.Таскудук
6472;6470;275843200;с.Алатау
6473;6428;275845000;Жетыкольский с.о.
6474;6473;275845100;с.Косарал
6475;6473;275845300;с.Жетыколь
6476;6475;275845303;Акбольница
6477;6475;275845304;с.Акколь
6478;6475;275845305;с.Баба 1
6479;6475;275845306;с.Баба 2
6480;6475;275845307;с.Баба 3
6481;6475;275845308;с.Жетиколь
6482;6475;275845309;с.Орбисим
6483;6475;275845311;с.Саралжынсай
6484;6475;275845312;с.Сыпыра
6485;6428;275847000;Жосалинский с.о.
6486;6485;275847100;с.Коныр
6487;6485;275847400;с.Тамды
6488;6428;275853000;Кособинский с.о.
6489;6488;275853100;с.Кособа
6490;6488;275853200;с.Жыракудук
6491;6490;275853203;с.Акшкол
6492;6490;275853204;с.Аяккол
6493;6490;275853205;с.Жетимсай
6494;6490;275853209;с.Наху
6495;6490;275853215;с.Шагат
6496;6490;275853217;с.Агатай
6497;6490;275853222;с.Жаманколь
6498;6490;275853223;с.Жыралышыганак
6499;6490;275853226;с.Батыр
6500;6490;275853227;с.Кудуксай
6501;6490;275853228;с.Кулак
6502;6428;275855000;Саройский с.о.
6503;6502;275855100;с.Шагырлой
6504;6502;275855300;с.Коздикара
6505;6504;275855308;с.Оралбай
6506;6428;275857000;Талдыбулакский с.о.
6507;6506;275857100;с.Талдыбулак
6508;6506;275857400;с.Казахстан
6509;6428;275859000;Шолаканкатынский с.о.
6510;6509;275859100;с.Тоганас
6511;6509;275859200;с.Анкаты
6512;6509;275859300;с.Караганды
6513;6509;275859400;с.Куспанколь
6514;4734;276000000;Таскалинский район
6515;6514;276030000;Таскалинский с.о.
6516;6515;276030100;с.Таскала
6517;6515;276030200;с.Жігер
6518;6515;276030300;с.Бірлік
6519;6514;276033000;Актауский с.о.
6520;6519;276033100;с.Актау
6521;6520;276033102;с.Кулаково
6522;6519;276033200;с.Ақкүтір
6523;6522;276033203;с.Жигули
6524;6519;276033400;с.Кызылбас
6525;6524;276033402;с.Аккушик
6526;6519;276033500;с.Қараой
6527;6514;276035000;Амагельдинский с.о.
6528;6527;276035100;с.Амангельды
6529;6527;276035400;с.Чижа 1
6530;6529;276035402;с.Жармолай
6531;6529;276035403;с.Жигули
6532;6529;276035404;с.Колек
6533;6514;276037000;Достыкский с.о.
6534;6533;276037100;с.Достык
6535;6534;276037102;Водокачка
6536;6534;276037104;с.Умурзак
6537;6534;276037105;Ферма
6538;6533;276037200;с.Бастау
6539;6533;276037300;с.Ынтымақ
6540;6514;276043000;Кощинский с.о.
6541;6540;276043100;с.Оян
6542;6541;276043102;с.Айкумис
6543;6541;276043103;с.Акуй
6544;6541;276043104;Жанааул
6545;6541;276043107;с.Коянуй
6546;6541;276043108;с.Койшыгулкудук
6547;6541;276043109;с.Кызылагаш
6548;6540;276043400;с.Кеңжайлау
6549;6548;276043402;с.Аппаз
6550;6548;276043403;с.Ашы
6551;6548;276043405;с.Жетикудук
6552;6548;276043406;с.Караой
6553;6514;276045000;Казахстанский с.о.
6554;6553;276045100;с.Атамекен
6555;6554;276045102;Производственная бригада
6556;6553;276045300;с.Калмакшабын
6557;6556;276045302;с.Аяк
6558;6556;276045303;с.Егизкопа
6559;6556;276045304;с.Камыстыколь
6560;6556;276045305;с.Калке
6561;6556;276045306;с.Молочная
6562;6556;276045307;с.Новостройка
6563;6556;276045308;с.Уштулек
6564;6556;276045309;с.Шокалак
6565;6553;276045400;с.Алмалы
6566;6565;276045402;с.Митрофан
6567;6565;276045403;с.Утеш
6568;6553;276045500;с.Кисыксай
6569;6568;276045502;с.Волжанка
6570;6568;276045503;с.Жетикудук
6571;6568;276045504;с.Кисыксай 1
6572;6568;276045505;с.Кисыксай 2
6573;6568;276045507;с.Тозгуль
6574;6514;276047000;Мерекенский с.о.
6575;6574;276047100;с.Мереке
6576;6575;276047103;с.Карабогет
6577;6575;276047105;с.Бубенец
6578;6574;276047500;с.Калмак
6579;6578;276047502;с.Бесколь
6580;6578;276047504;с.Талдыкудык
6581;6514;276049000;Мерейский с.о.
6582;6581;276049100;с.Мерей
6583;6582;276049102;Птичник
6584;6581;276049200;с.Аққайнар
6585;6581;276049300;с.Өркен
6586;6581;276049400;с.Айнабұлақ
6587;6581;276049600;с.Тоғайлы
6588;6587;276049602;с.Азовский
6589;6587;276049603;с.Дояр
6590;6587;276049604;с.Широкий
6591;6587;276049605;с.Шорман
6592;6514;276053000;Чижинский с.о.
6593;6592;276053100;с.Чижа 2
6594;6593;276053102;с.Алмалысай
6595;6593;276053103;с.Ашы
6596;6593;276053104;с.Бирлик
6597;6593;276053105;с.Жармалай
6598;6593;276053106;с.Кусем
6599;6593;276053109;с.Жанааул
6600;6593;276053113;с.Тапкан
6601;6592;276053200;с.Еменжар
6602;6592;276053300;с.Талдыбулак
6603;6602;276053303;с.Майрамкуль
6604;6602;276053306;Сад
6605;6602;276053307;с.Студенческая
6606;6602;276053308;с.Центральная
6607;4734;276200000;Теректинский район
6608;6607;276230000;с.о.Теректі
6609;6608;276230100;с.Теректі
6610;6609;276230106;с.Шаракап
6611;6608;276230300;с.Тақсай
6612;6608;276230400;с.Яик
6613;6608;276230500;с.Кабылтобе
6614;6607;276233000;Акжаикский с.о.
6615;6614;276233100;с.Акжаик
6616;6615;276233102;с.Калмак
6617;6615;276233103;Институт
6618;6615;276233105;с.Суттигенды
6619;6614;276233200;с.Абай
6620;6614;276233300;санаторий Акжаик
6621;6614;276233400;с.Ыждағат
6622;6614;276233600;с.Талпын
6623;6607;276235000;Аксогымский с.о.
6624;6623;276235100;с.Аксогым
6625;6623;276235200;с.Бозай
6626;6623;276235300;с.Табынбай
6627;6623;276235400;с.Улкененбек
6628;6607;276237000;Аксуатский с.о.
6629;6628;276237100;с.Аксуат
6630;6628;276237200;с.Айтиево
6631;6628;276237300;с.Магистральное
6632;6628;276237400;с.Пойма
6633;6607;276239000;Анкатинский с.о.
6634;6633;276239100;с.Анкаты
6635;6633;276239200;с.Рыбцех
6636;6633;276239300;с.Ерсары
6637;6636;276239303;с.Тасаншеген
6638;6633;276239400;с.Кандык
6639;6633;276239500;с.Новая точка
6640;6633;276239600;с.Сатымшеген
6641;6607;276243000;Богдановский с.о.
6642;6641;276243100;с.Богдановка
6643;6641;276243200;с.Алгабас
6644;6641;276243500;с.Придорожное
6645;6641;276243600;с.Сарсеново
6646;6607;276245000;Долинский с.о.
6647;6646;276245100;с.Долинное
6648;6647;276245102;с.Аксай
6649;6647;276245106;с.Жанаталап
6650;6646;276245300;с.Коныссай
6651;6646;276245500;с.Тонкерис
6652;6651;276245502;с.Алебастрово
6653;6646;276245700;с.Шоптыкуль
6654;6607;276249000;с.о.Құмақсай
6655;6654;276249100;с.Құмақсай
6656;6607;276253000;Подстепновский с.о.
6657;6656;276253100;с.Подстепное
6658;6656;276253200;с.Лесопитомник
6659;6656;276253300;с.Тукпай
6660;6656;276253400;с.Юбилейное
6661;6607;276255000;Покатиловский с.о.
6662;6661;276255100;с.Покатиловка
6663;6607;276259000;Приречный с.о.
6664;6663;276259100;с.Приречное
6665;6607;276265000;Узункольский с.о.
6666;6665;276265100;с.Узунколь
6667;6607;276269000;Чаганский с.о.
6668;6667;276269100;с.Жана Омир
6669;6667;276269200;с.Бекей
6670;6667;276269300;с.Кемер
6671;6670;276269302;Паром
6672;6670;276269303;с.Сатым
6673;6607;276273000;Шагатайский с.о.
6674;6673;276273100;с.Шагатай
6675;6674;276273103;с.Карабас
6676;6673;276273300;с.Когалытобек
6677;6673;276273400;с.Кутсиык
6678;6673;276273500;с.Кызылжар
6679;6607;276275000;Шалкарский с.о.
6680;6679;276275100;с.Сарыомир
6681;6680;276275102;с.Кирки
6682;6680;276275103;с.Тюмень
6683;6679;276275200;с.Дуана
6684;6679;276275300;с.Шалкар
6685;4734;276600000;Чингирлауский район
6686;6685;276630000;Чингирлауский с.о.
6687;6686;276630100;с.Шынгырлау
6688;6687;276630103;рзд.Успешный
6689;6686;276630200;с.Аксугум
6690;6686;276630400;с.Жанакуш
6691;6690;276630403;с.Улгули
6692;6690;276630404;с.Сага
6693;6686;276630500;с.Кызылкуль
6694;6693;276630503;с.Нарымбай
6695;6686;276630700;с.Ұрысай
6696;6695;276630702;с.Кыстаубай
6697;6686;276630800;с.Шоктыбай
6698;6685;276633000;Акбулакский с.о.
6699;6698;276633100;с.Акбулак
6700;6699;276633102;с.Агатан
6701;6698;276633400;с.Кутантал
6702;6685;276635000;Алмазненский с.о.
6703;6702;276635100;с.Алмазное
6704;6702;276635200;с.Аккудык
6705;6702;276635300;с.Сегизсай
6706;6705;276635302;с.Киндикти
6707;6705;276635304;с.Чапай
6708;6685;276637000;Ащысайский с.о.
6709;6708;276637100;с.Ащысай
6710;6709;276637102;Лесхоз
6711;6709;276637106;с.Тузово
6712;6708;276637200;с.Амангельды
6713;6708;276637300;с.Женишке
6714;6713;276637302;с.Жамантуз
6715;6708;276637400;с.Мырзагара
6716;6708;276637500;с.Талдысай
6717;6685;276639000;Актауский с.о.
6718;6717;276639100;с.Актау
6719;6717;276639200;с.Торыатбас
6720;6685;276643000;Карагашский с.о.
6721;6720;276643100;с.Карагаш
6722;6720;276643200;с.Аксуат
6723;6720;276643400;с.Кайынды
6724;6720;276643500;с.Каргалы
6725;6685;276647000;Акшатский с.о.
6726;6725;276647100;с.Акшат
6727;6726;276647108;с.Юбилейное
6728;6725;276647300;с.Сулукуль
6729;6685;276649000;Ардакский с.о.
6730;6729;276649100;с.Ардак
6731;6730;276649104;с.Тажи
6732;6730;276649105;с.Нижний Карасай
6733;0;310000000;Жамбылская область
6734;6733;311000000;Тараз Г.А.
6735;6734;311010000;г.Тараз
6736;6734;311011100;район Әулиеата
6737;6734;311013100;район Жібек жолы
6738;6733;313600000;Байзакский район
6739;6738;313630000;Сарыкемерский с.о.
6740;6739;313630100;с.Сарыкемер
6741;6739;313630500;с.Косак
6742;6738;313631000;с.о.Байтерек
6743;6742;313631100;с.Кокбастау
6744;6742;313631200;с.Базарбай
6745;6742;313631300;с.Тегистик
6746;6742;313631400;с.Торегельды
6747;6738;313633000;Ботамойнакский с.о.
6748;6747;313633100;с.Байзак
6749;6747;313633200;с.Ботамойнак
6750;6747;313633300;ст.Учбулак
6751;6738;313635000;Бурылский с.о.
6752;6751;313635100;с.Бурыл
6753;6751;313635400;с.Кумжота
6754;6738;313637000;Диханский с.о.
6755;6754;313637100;с.Дихан
6756;6754;313637200;с.Аймантобе
6757;6754;313637300;с.Женис
6758;6738;313639000;Жалгызтобинский с.о.
6759;6758;313639100;с.Жетыбай
6760;6758;313639300;с.Аккия
6761;6758;313639500;с.Торткул
6762;6738;313641000;Жанатурмысский с.о.
6763;6762;313641100;с.Жибек жолы
6764;6762;313641200;ст.Акчулак
6765;6762;313641300;с.Жанатурмыс
6766;6762;313641500;рзд.Кайнар
6767;6738;313642000;Коптерекский с.о.
6768;6767;313642100;с.Кенес
6769;6738;313644000;Кокталский с.о.
6770;6769;313644100;с.Коктал
6771;6738;313645000;Костюбинский с.о.
6772;6771;313645300;с.Костобе
6773;6738;313646000;Мырзатайский с.о.
6774;6773;313646100;с.Мырзатай
6775;6773;313646500;с.Дихан
6776;6773;313646700;с.Сенкибай
6777;6738;313647000;Суханбаевский с.о.
6778;6777;313647100;с.Жакаш
6779;6777;313647400;с.Кокозек
6780;6777;313647500;с.Косы батыр
6781;6738;313648000;Сазтерекский с.о.
6782;6781;313648100;с.Абай
6783;6781;313648400;с.Актобе
6784;6781;313648600;с.Жанасаз
6785;6738;313649000;Темирбекский с.о.
6786;6785;313649100;с.Тегистик
6787;6785;313649200;с.Сарыбарак
6788;6785;313649300;с.Шахан
6789;6738;313653000;Туймекентский с.о.
6790;6789;313653100;с.Туймекент
6791;6789;313653200;с.Акжар
6792;6738;313657000;Ульгулинский с.о.
6793;6792;313657100;с.Ульгули
6794;6738;313663000;Ынтымакский с.о.
6795;6794;313663100;с.Мадимар
6796;6733;314000000;Жамбылский район
6797;6796;314030000;Асинский с.о.
6798;6797;314030100;с.Аса
6799;6797;314030500;с.Рахат
6800;6796;314033000;Айшабибинский с.о.
6801;6800;314033100;с.Айшабиби
6802;6801;314033103;с.Аулиебастау
6803;6801;314033107;с.Карабастау
6804;6800;314033300;с.Каратау
6805;6800;314033400;с.Аулиеколь
6806;6796;314034000;Акбастауский с.о.
6807;6806;314034100;с.Бирлесу-Енбек
6808;6806;314034700;с.Шокай
6809;6796;314037000;Бесагашский с.о.
6810;6809;314037100;с.Бесагаш
6811;6796;314039000;Гродековский с.о.
6812;6811;314039100;с.Гродеково
6813;6811;314039300;с.Кызылдихан
6814;6796;314042000;Ерназарский с.о.
6815;6814;314042100;с.Ерназар
6816;6796;314043000;Жамбылский с.о.
6817;6816;314043200;с.Шакена Ниязбекова
6818;6816;314043300;с.Капал
6819;6796;314045000;Колькайнарский с.о.
6820;6819;314045100;с.Тастобе
6821;6819;314045200;с.Енбек
6822;6821;314045203;рзд.27
6823;6819;314045300;с.Жамбыл
6824;6819;314045400;уч.Колькайнар
6825;6819;314045500;с.Костобе
6826;6796;314046000;Каракемерский с.о.
6827;6826;314046100;с.Каракемер
6828;6826;314046400;с.Кумтиын
6829;6826;314046600;с.Сенгирбай
6830;6796;314048000;Кызылкайнарский с.о.
6831;6830;314048100;с.Кызылкайнар
6832;6830;314048200;с.Жасоркен
6833;6796;314049000;Орнекский с.о.
6834;6833;314049100;с.Орнек
6835;6833;314049300;ст.Жума
6836;6796;314051000;Каратобинский с.о.
6837;6836;314051300;с.Байтерек
6838;6796;314061000;с.о. Карасу
6839;6838;314061100;с.Ащыбулак
6840;6838;314061800;с.Шайдана
6841;6796;314065000;Тогызтарауский с.о.
6842;6841;314065100;с.Тогызтарау
6843;6841;314065300;с.Жанаоткель
6844;6841;314065500;с.Кумсуат
6845;6733;314200000;Жуалынский район
6846;6845;314230000;Б.Момышулы с.о.
6847;6846;314230100;с.им.Б.Момышулы
6848;6845;314233000;Аксайский с.о.
6849;6848;314233100;с.Кайрат
6850;6848;314233200;с.Дихан
6851;6845;314235000;Актюбинский с.о.
6852;6851;314235100;с.Байтерек
6853;6851;314235300;с.Жанаталап
6854;6851;314235400;ст.Куркуреусу
6855;6851;314235500;с.Актоган
6856;6845;314237000;Биликольский с.о.
6857;6856;314237100;с.Карабастау
6858;6856;314237200;с.Дарбаза
6859;6856;314237400;с.Жылыбулак
6860;6856;314237600;с.Абдыкадыр
6861;6860;314237603;Ущелье Аксакалсай
6862;6860;314237605;Ущелье Беркара
6863;6860;314237607;отг.Биликоль
6864;6845;314239000;Боралдайский с.о.
6865;6864;314239100;с.Кольтоган
6866;6864;314239300;с.Ертай
6867;6864;314239600;с.им.Рысбека батыра
6868;6845;314243000;Нурлыкент с.о.
6869;6868;314243100;с.Нурлыкент
6870;6868;314243300;рзд.Казбастау
6871;6868;314243500;с.Туктибай
6872;6845;314245000;Жетитобинский с.о.
6873;6872;314245100;с.Карикорган
6874;6872;314245200;с.Коныртобе
6875;6872;314245300;с.Космурат
6876;6872;314245400;с.Майбулак
6877;6872;314245500;с.Тасбастау
6878;6872;314245600;с.Шынбулак
6879;6845;314247000;Кокбастауский с.о.
6880;6879;314247100;с.Терис
6881;6879;314247200;с.Бакалы
6882;6879;314247300;с.Коктобе
6883;6879;314247400;с.Косболтек
6884;6845;314249000;Куренбельский с.о.
6885;6884;314249100;с.Куренбель
6886;6884;314249200;с.Каратас
6887;6845;314253000;Карасазский с.о.
6888;6887;314253100;с.Карасаз
6889;6887;314253200;с.Акбастау
6890;6887;314253300;с.Журумбай
6891;6887;314253400;с.Карасу
6892;6887;314253500;с.Коктас
6893;6845;314254000;Кошкаратинский с.о.
6894;6893;314254100;с.Кошкарата
6895;6893;314254200;с.Актасты
6896;6893;314254500;с.Кызтоган
6897;6845;314255000;Шакпакский с.о.
6898;6897;314255100;с.Шакпак ата
6899;6897;314255200;с.Таттибая Дуйсебайулы
6900;6897;314255300;с.Амансай
6901;6897;314255400;ст.Шакпак
6902;6897;314255500;с.Интымак
6903;6845;314257000;Кызыларыкский с.о.
6904;6903;314257100;с.Кызыларык
6905;6903;314257200;с.Актобе
6906;6903;314257300;с.Алатау
6907;6903;314257600;ст.Сурум
6908;6903;314257700;с.Терсащибулак
6909;6845;314263000;Мынбулакский с.о.
6910;6909;314263100;с.Кольбастау
6911;6909;314263400;с.Талапты
6912;6733;314800000;Кордайский район
6913;6912;314830000;Кордайский с.о.
6914;6913;314830100;с.Кордай
6915;6912;314832000;Алгинский с.о.
6916;6915;314832100;с.Алга
6917;6915;314832400;с.Кокадыр
6918;6915;314832600;с.Музбель
6919;6912;314833000;Аухаттинский с.о.
6920;6919;314833100;с.Аухатты
6921;6919;314833200;с.Кызылсай
6922;6921;314833208;с.Урюкты
6923;6919;314833300;с.Байтерек
6924;6912;314835000;Беткайнарский с.о.
6925;6924;314835100;с.Беткайнар
6926;6924;314835500;с.Соганды
6927;6912;314836000;Жамбылский с.о.
6928;6927;314836100;с.Жамбыл
6929;6927;314836300;с.Жанатурмыс
6930;6912;314837000;Кененский с.о.
6931;6930;314837100;с.Кенен
6932;6912;314838000;Какпатасский с.о.
6933;6932;314838100;с.Какпатас
6934;6932;314838200;с.Бериктас
6935;6912;314839000;Каракемерский с.о.
6936;6935;314839100;с.Каракемер
6937;6935;314839200;с.Керу
6938;6912;314841000;Карасайский с.о.
6939;6938;314841100;с.им.Карасай батыра
6940;6938;314841200;с.Енбек
6941;6912;314843000;Карасуский с.о.
6942;6941;314843100;с.Карасу
6943;6941;314843200;с.Отеген
6944;6912;314845000;Касыкский с.о.
6945;6944;314845100;с.Альжан ана
6946;6912;314847000;Масанчинский с.о.
6947;6946;314847100;с.Масанчи
6948;6946;314847200;с.Кунбатыс 1
6949;6946;314847300;с.Кунбатыс 2
6950;6912;314849000;Ногайбайский с.о.
6951;6950;314849100;с.Ногайбай
6952;6950;314849300;с.Сарыбастау
6953;6950;314849400;с.Шарбакты
6954;6912;314851000;Отарский с.о.
6955;6954;314851100;с.Отар
6956;6954;314851200;рзд.Анрахай
6957;6956;314851207;с.Шынырау
6958;6954;314851300;рзд.Бель
6959;6954;314851400;п.Гвардейский
6960;6912;314853000;Сарыбулакский с.о.
6961;6960;314853100;с.Сарыбулак
6962;6960;314853200;с.Кайнар
6963;6912;314854000;Сортобинский с.о.
6964;6963;314854100;с.Сортобе
6965;6963;314854200;с.Булар батыра
6966;6912;314855000;Степновский с.о.
6967;6966;314855100;с.Степное
6968;6966;314855400;с.Калгута
6969;6966;314855500;с.Арал
6970;6912;314856000;Сулуторский с.о.
6971;6970;314856100;с.Сулуторы
6972;6970;314856300;с.Коктобе
6973;6912;314857000;Улкенсулуторский с.о.
6974;6973;314857100;с.Улкенсулутор
6975;6733;315000000;район Турара Рыскулова
6976;6975;315030000;Куланский с.о.
6977;6976;315030100;с.Кулан
6978;6976;315030200;с.Каракат
6979;6976;315030300;с.Шенгер
6980;6975;315031000;Абайский с.о.
6981;6980;315031100;с.Енбекши
6982;6980;315031500;с.Кокарык
6983;6975;315033000;Акыртобинский с.о.
6984;6983;315033100;с.Акыртобе
6985;6983;315033380;с.Малдыбай
6986;6975;315034000;Жанатурмысский с.о.
6987;6986;315034100;с.Жанатурмыс
6988;6987;315034106;ст.Мунке
6989;6975;315035000;Каракыстакский с.о.
6990;6989;315035100;с.Каменка
6991;6989;315035300;с.Жалпаксаз
6992;6989;315035600;с.Казах
6993;6989;315035700;с.Тасшолак
6994;6975;315036000;Кокдоненский с.о.
6995;6994;315036100;с.Кокдонен
6996;6994;315036400;с.Жаксылык
6997;6994;315036700;ст.Кумарык
6998;6975;315037000;Корагатинский с.о.
6999;6998;315037100;с.Корагаты
7000;6998;315037200;с.Аккайнар
7001;6998;315037500;ст.Корагаты
7002;6998;315037700;с.Мамыртобе
7003;6998;315037900;с.Тайкудык
7004;6975;315039000;Когершинский с.о.
7005;7004;315039100;с.Когершин
7006;7004;315039600;с.Косапан
7007;6975;315040000;Кайындинский с.о.
7008;7007;315040100;с.Кайынды
7009;7007;315040200;с.Согети
7010;7007;315040400;с.Мамай
7011;6975;315041000;Кумарыкский с.о.
7012;7011;315041100;с.Кумарык
7013;7011;315041200;с.Алгабас
7014;7011;315041600;с.Каракемер
7015;6975;315042000;Акбулакский с.о.
7016;7015;315042100;с.им.Рахима Сабденова
7017;7016;315042108;рзд.98
7018;7015;315042300;с.Байтели
7019;7015;315042600;с.Кызылшаруа
7020;6975;315043000;Луговской с.о.
7021;7020;315043100;с.Луговое
7022;6975;315045000;с.о.Акниет
7023;7022;315045100;с.Динмухамеда Кунаева
7024;7022;315045200;с.Абылкаир
7025;6975;315051000;Орнекский с.о.
7026;7025;315051100;с.Орнек
7027;7025;315051200;с.им.Абжапара Жилкишиева
7028;7025;315051300;с.Жарлысу
7029;7025;315051500;с.Салимбай Прманов
7030;7025;315051600;с.Сункайты
7031;6975;315055000;Теренозекский с.о.
7032;7031;315055100;с.Теренозек
7033;7031;315055280;с.Кокарык
7034;7031;315055800;с.Шолак-Кайынды
7035;6733;315400000;Меркенский район
7036;7035;315430000;Меркенский с.о.
7037;7036;315430100;с.Мерке
7038;7036;315430200;санаторий Мерке
7039;7035;315431000;Акерменский с.о.
7040;7039;315431100;с.Акермен
7041;7039;315431300;с.Аккоз-Кайнар
7042;7039;315431500;с.Алтынарык
7043;7039;315431600;с.Кентай
7044;7035;315432000;Актоганский с.о.
7045;7044;315432100;с.Актоган
7046;7045;315432106;кр.хоз Мамай
7047;7045;315432108;Отдельно стоящий дом Ойранды
7048;7045;315432109;кр.хоз Толеби
7049;7044;315432500;с.Казахдикан
7050;7049;315432505;Тракторная бригада
7051;7035;315433000;Жамбылский с.о.
7052;7051;315433100;с.Жамбыл
7053;7051;315433400;с.Турлыбай батыр
7054;7053;315433403;Животноводческая база 1
7055;7053;315433404;Животноводческая база 2
7056;7053;315433405;Животноводческая база 3
7057;7053;315433406;Животноводческая база 4
7058;7051;315433600;с.Жеміс-жидек
7059;7058;315433605;МТФ
7060;7051;315433700;с.Талдыбулак
7061;7035;315435000;Жанатоганский с.о.
7062;7061;315435100;с.Костоган
7063;7062;315435105;МТФ П.К.
7064;7061;315435300;с.Кызылсай
7065;7061;315435400;с.Мынказан
7066;7035;315437000;Кенесский с.о.
7067;7066;315437100;с.Кенес
7068;7066;315437700;с.Жаугаш
7069;7035;315441000;с.о.Андас батыра
7070;7069;315441100;с. Андас батыра
7071;7069;315441200;с.Аралкишлак
7072;7069;315441300;п.Гранитогорск
7073;7069;315441400;с.Кызылкишлак
7074;7069;315441500;ст.Чолдавар
7075;7035;315443000;Ойталский с.о
7076;7075;315443100;с.Ойтал
7077;7075;315443300;с.Маханда
7078;7075;315443400;ст.Мерке
7079;7035;315444000;Т.Рыскуловский с.о.
7080;7079;315444100;с.Т.Рыскулова
7081;7080;315444103;МТФ Т.Рыскулов
7082;7079;315444300;с.Интернациональное
7083;7035;315445000;Сарымолдаевский с.о.
7084;7083;315445100;с.Сарымолдаева
7085;7083;315445300;с.Екпенды
7086;7083;315445400;с.Ойтал
7087;7035;315446000;Суратский с.о.
7088;7087;315446100;с.Сурат
7089;7088;315446103;МТФ П.К.
7090;7087;315446200;с.Аккайнар
7091;7087;315446600;с.Тескентоган
7092;7035;315447000;Таттинский с.о.
7093;7092;315447100;с.Татти
7094;7092;315447200;с.Бельарык
7095;7092;315447300;с.Карасу
7096;7092;315447400;с.Ак жол
7097;7092;315447500;рзд.Тасоткель
7098;7092;315447600;ст.Татти
7099;7092;315447700;рзд.Чемен
7100;7035;315451000;Акаралский с.о.
7101;7100;315451100;с.Акарал
7102;7100;315451500;с.Сыпатай
7103;7035;315453000;Аспаринский с.о.
7104;7103;315453100;с.Аспара
7105;7103;315453200;с.Кайындысай
7106;7103;315453300;с.Кумарык
7107;6733;315600000;Мойынкумский район
7108;7107;315630000;Мойынкумский с.о.
7109;7108;315630100;с.Мойынкум
7110;7107;315632000;Акбакайская с.а.
7111;7110;315632100;с.Акбакай
7112;7107;315633000;Аксуекская с.а.
7113;7112;315633100;с.Аксуек
7114;7107;315634000;Биназарский с.о.
7115;7114;315634100;с.Биназар
7116;7107;315635000;Бирликский с.о.
7117;7116;315635100;с.Бирлик
7118;7107;315636000;Жамбылский с.о.
7119;7118;315636100;с.Жамбыл
7120;7107;315637000;Карабогетский с.о.
7121;7120;315637100;с.Карабогет
7122;7120;315637400;с.Кумозек
7123;7120;315637500;с.Сарыозек
7124;7107;315638000;Кенесский с.о.
7125;7124;315638100;с.Айдарлы
7126;7107;315639000;Кызылталский с.о.
7127;7126;315639100;с.Кокжелек
7128;7126;315639400;с.им.Назарбекова А.
7129;7107;315640000;Кылышбайский с.о.
7130;7129;315640100;с.им.Кылышбай Ержанулы
7131;7107;315641000;Мирненская с.а.
7132;7131;315641100;с.Мирный
7133;7107;315643000;Кызылотауский с.о.
7134;7133;315643100;с.Кушаман
7135;7107;315645000;Мынаралский с.о.
7136;7135;315645100;с.Мынарал
7137;7135;315645200;ст.Кашкантениз
7138;7135;315645300;ст.Мынарал
7139;7107;315647000;Уланбелский с.о.
7140;7139;315647100;с.Уланбель
7141;7107;315649000;Хантауский с.о.
7142;7141;315649100;с.Хантау
7143;7141;315649300;с.Кияхты
7144;7107;315651000;Чиганакский с.о.
7145;7144;315651100;с.Шыганак
7146;7144;315651200;с.Бурубайтал
7147;7144;315651300;ст.Бурубайтал
7148;6733;316000000;Сарысуский район
7149;7148;316020100;г.Жанатас
7150;7148;316033000;Байкадамский с.о.
7151;7150;316033100;с.Саудакент
7152;7151;316033103;Лесхоз
7153;7148;316035000;Жайылминский с.о.
7154;7153;316035100;с.Жайылма
7155;7154;316035105;с.Шаихан
7156;7153;316035200;с.Актам
7157;7153;316035600;с.Кызылдикан
7158;7157;316035603;с.Бестам
7159;7157;316035605;с.Буйрекколь
7160;7157;316035607;с.Исабай
7161;7157;316035609;с.Казоты
7162;7157;316035617;с.Ушназар
7163;7157;316035621;с.Шешенбай
7164;7153;316035700;с.Маятас
7165;7148;316036000;Жанаталапский с.о.
7166;7165;316036100;с.Жанаталап
7167;7166;316036103;с.Жаркудык
7168;7165;316036600;с.Уюм
7169;7148;316037000;Жанаарыкский с.о.
7170;7169;316037100;с.Узакбай Сыздыкбаева
7171;7170;316037103;с.Акпанбет
7172;7170;316037105;с.Жекетал
7173;7170;316037107;с.Кокбулак
7174;7170;316037109;с.Илгерибас
7175;7169;316037200;с.Актогай
7176;7148;316038000;Игликский с.о.
7177;7176;316038100;с.Ондирис
7178;7177;316038105;с.Талас
7179;7176;316038400;с.Игилик
7180;7148;316039000;Камкалинский с.о.
7181;7180;316039100;с.Шыганак
7182;7180;316039200;с.Жайлауколь
7183;7180;316039300;с.Камкалы
7184;7148;316041000;Туркестанский с.о.
7185;7184;316041100;с.Ашира Буркитбаева
7186;7184;316041200;с.Арыстанды
7187;7184;316041400;с.Ушбас
7188;7148;316043000;Тогызкентский с.о.
7189;7188;316043100;с.Тогызкент
7190;7188;316043300;с.Майлыколь
7191;7188;316043400;с.Әбілда
7192;7148;316047000;Досболский с.о.
7193;7192;316047100;с.Досбол
7194;7192;316047300;с.Кокдала-киши
7195;7192;316047500;с.Кокдала-улкен
7196;7192;316047700;с.Шагалалы
7197;6733;316200000;Таласский район
7198;7197;316220100;г.Каратау
7199;7197;316231000;Аккольский с.о.
7200;7199;316231100;с.Акколь
7201;7197;316232000;Аккумский с.о.
7202;7201;316232100;с.Аккум
7203;7197;316235000;с.о.Берікқара
7204;7203;316235100;с.Майтобе
7205;7203;316235200;с.Кожагаппар
7206;7197;316237000;Кенесский с.о.
7207;7206;316237100;с.Болтирик шешен
7208;7206;316237200;с.Кошек батыра
7209;7197;316238000;Кокталский с.о.
7210;7209;316238100;с.Коктал
7211;7197;316239000;Каратауский с.о.
7212;7211;316239100;с.Есей би
7213;7211;316239200;с.Караой
7214;7197;316240000;Каскабулакский с.о.
7215;7214;316240100;с.Каскабулак
7216;7197;316241000;Кызылаутский с.о.
7217;7216;316241100;с.Кызылаут
7218;7216;316241200;с.Актобе
7219;7197;316243000;Ойыкский с.о.
7220;7219;316243100;с.Ойык
7221;7219;316243200;с.Турымкул
7222;7219;316243400;с.Сейлбек
7223;7197;316245000;Тамдинский с.о.
7224;7223;316245100;с.Тамды
7225;7224;316245105;с.Котырбулак
7226;7197;316247000;Ушаралский с.о.
7227;7226;316247100;с.Ушарал
7228;7226;316247200;с.Арал
7229;7226;316247300;с.Кайыр
7230;7197;316249000;Бостандыкский с.о.
7231;7230;316249100;с.Бостандык
7232;7230;316249400;с.Талапты
7233;7197;316259000;Шакировский с.о.
7234;7233;316259100;с.им.Шакирова
7235;7233;316259500;с.Тамабек
7236;6733;316600000;Шуский район
7237;7236;316621000;Шуская г.а.
7238;7237;316621100;г.Шу
7239;7236;316630000;Толебийский с.о.
7240;7239;316630100;с.Толе би
7241;7239;316630300;с.Кокжиек
7242;7236;316631000;Алгинский с.о.
7243;7242;316631100;с.Алга
7244;7243;316631107;уч.Караколь
7245;7243;316631180;с.Жайсан
7246;7242;316631200;с.Сауытбек
7247;7236;316632000;Бирликский с.о.
7248;7247;316632100;с.Бирлик
7249;7236;316633000;Далакайнарский с.о.
7250;7249;316633100;с.Далакайнар
7251;7236;316634000;Аксуский с.о.
7252;7251;316634100;с.Аксу
7253;7251;316634300;с.им.Оразалы батыра
7254;7236;316635000;Дулатский с.о.
7255;7254;316635100;с.Байдибек
7256;7254;316635400;с.Болтирик
7257;7256;316635402;с.Актасты
7258;7236;316636000;Бирликустемский с.о.
7259;7258;316636100;с.Бирликустем
7260;7236;316637000;Ескишуский с.о.
7261;7260;316637100;с.Бельбасар
7262;7260;316637300;с.Енбекши
7263;7260;316637500;с.Тасоткель
7264;7236;316638000;Жанажолский с.о.
7265;7264;316638100;с.Жанажол
7266;7236;316639000;Жанакогамский с.о.
7267;7266;316639100;с.Коктобе
7268;7236;316640000;Балуан Шолакский с.о.
7269;7268;316640100;с.им.Балуана Шолака
7270;7268;316640200;с.Жидели
7271;7236;316641000;Шокпарский с.о.
7272;7271;316641100;с.Шокпар
7273;7272;316641103;уч.Талапкер
7274;7271;316641200;ст.Алайгыр
7275;7271;316641300;ст.Эспе
7276;7271;316641400;ст.Кулакшино
7277;7271;316641500;ст.Шокпар
7278;7236;316643000;Коккайнарский с.о.
7279;7278;316643100;с.Коккайнар
7280;7236;316645000;Корагатинский с.о.
7281;7280;316645100;с.Мойынкум
7282;7280;316645300;с.Енбек
7283;7280;316645400;с.Жиенбет
7284;7236;316647000;с.о.Динмухамеда Кунаева
7285;7284;316647100;с.Динмухамеда Кунаева
7286;7236;316649000;Ондирисский с.о.
7287;7286;316649100;с.Абай
7288;7236;316651000;Тасоткелский с.о.
7289;7288;316651100;с.Тасоткель
7290;7288;316651200;ст.Аспара
7291;7288;316651300;рзд.Кумозек
7292;7236;316655000;Актобинский с.о.
7293;7292;316655100;с.Актобе
7294;0;330000000;область Жетісу
7295;7294;331000000;Талдыкорган Г.А.
7296;7295;331010000;г.Талдыкорган
7297;7295;331039000;Еркинский с.о.
7298;7297;331039100;с.Еркин
7299;7297;331039200;Отделение 3
7300;7295;331045000;Отенайский с.о.
7301;7300;331045100;с.Отенай
7302;7300;331045380;с.Енбек
7303;7300;331045500;с.Мойнак
7304;7300;331045780;уч.Ынтымак
7305;7300;331045800;с.Пригородное
7306;7294;331800000;Текели Г.А.
7307;7306;331810000;г.Текели
7308;7306;331833000;Рудничный с.о.
7309;7308;331833100;с.Рудничный
7310;7294;333200000;Аксуский район
7311;7310;333230000;Жансугуровский с.о.
7312;7311;333230100;с.Жансугуров
7313;7311;333230200;с.Алтынарык
7314;7311;333230300;с.Кокозек
7315;7310;333233000;Аксуский с.о.
7316;7315;333233100;с.Аксу
7317;7315;333233200;с.Казсельхозтехника
7318;7315;333233300;с.Кокжайдак
7319;7315;333233400;с.Казахстан
7320;7315;333233500;с.Оним
7321;7315;333233600;с.Шолакозек
7322;7310;333235000;Арасанский с.о.
7323;7322;333235100;с.Арасан
7324;7322;333235200;с.Арасан-Капал
7325;7322;333235300;с.Кызылжар
7326;7310;333237000;Егинсуский с.о.
7327;7326;333237100;с.Егинсу
7328;7326;333237200;ст.Кумтобе
7329;7310;333239000;Есеболатовский с.о.
7330;7329;333239100;с.Есеболатов
7331;7329;333239200;с.Кызылкайын
7332;7329;333239300;с.Энергетик
7333;7310;333245000;Жаналыкский с.о.
7334;7333;333245100;с.Жаналык
7335;7310;333247000;Кошкентальский с.о.
7336;7335;333247100;с.Кошкентал
7337;7335;333247200;с.Колтабан
7338;7310;333249000;Капальский с.о
7339;7338;333249100;с.Капал
7340;7310;333253000;Каракозский с.о.
7341;7340;333253100;с.Каракоз
7342;7340;333253200;с.Кенкарын
7343;7310;333255000;Карасуский с.о.
7344;7343;333255100;с.Кенжыра
7345;7343;333255200;с.Енбек
7346;7343;333255300;с.Тарас
7347;7310;333259000;Карашиликский с.о.
7348;7347;333259100;с.Сагабуйен
7349;7347;333259300;с.Карашилик
7350;7347;333259400;с.Сагакурес
7351;7310;333265000;Кызылагашский с.о.
7352;7351;333265100;с.Кызылагаш
7353;7351;333265200;с.Заречное
7354;7351;333265400;с.Копалы
7355;7310;333267000;с.о.Барлыбека Сырттанова
7356;7355;333267100;с.Барлыбека Сырттанова
7357;7355;333267200;с.Копа
7358;7310;333269000;Матайский с.о.
7359;7358;333269100;с.Матай
7360;7358;333269200;рзд.Акозек
7361;7358;333269300;рзд.Береке
7362;7358;333269400;рзд.Жасказах
7363;7358;333269600;с.Кураксу
7364;7310;333273000;Молалинский с.о.
7365;7364;333273100;с.Молалы
7366;7364;333273200;ст.Алажиде
7367;7364;333273400;рзд.Кайракты
7368;7364;333273500;рзд.Караой
7369;7310;333275000;Ойтоганский с.о.
7370;7369;333275100;с.Ойтоган
7371;7369;333275300;с.Улгили
7372;7310;333277000;Суыксайский с.о.
7373;7372;333277100;с.Суыксай
7374;7372;333277200;с.Актобе
7375;7372;333277300;с.Ащыбулак
7376;7372;333277400;с.Баласаз
7377;7294;333400000;Алакольский район
7378;7377;333420000;Ушаральская г.а.
7379;7378;333420100;г.Ушарал
7380;7378;333420200;МТФ 3
7381;7377;333433000;Акжарский с.о.
7382;7381;333433100;с.Акжар
7383;7381;333433200;с.Коныр
7384;7381;333433300;с.Майлышат
7385;7377;333435000;Актубекский с.о.
7386;7385;333435100;с.Актубек
7387;7377;333437000;Архарлинский с.о.
7388;7387;333437100;с.Архарлы
7389;7377;333439000;Бескольский с.о.
7390;7389;333439100;с.Булакты
7391;7389;333439200;с.Бесколь
7392;7389;333439300;рзд.Пятый
7393;7389;333439400;с.Каратума
7394;7389;333439500;рзд.13
7395;7389;333439600;рзд.Сайхан
7396;7377;333441000;с.о.Сапак
7397;7396;333441100;с.Сапак
7398;7396;333441200;с.Бибакан
7399;7377;333443000;Достыкский с.о.
7400;7399;333443100;с.Достык
7401;7399;333443200;ст.Жаланашколь
7402;7399;333443300;ст.Коктума
7403;7377;333445000;Екпендинский с.о.
7404;7403;333445100;с.Екпенди
7405;7403;333445200;с.Карлыгаш
7406;7403;333445300;с.Ушкаиын
7407;7377;333447000;Енбекшинский с.о.
7408;7407;333447100;с.Енбекши
7409;7377;333449000;Жагатальский с.о.
7410;7409;333449100;с.Казахстан
7411;7409;333449200;с.Бесагаш
7412;7377;333451000;Жанаминский с.о.
7413;7412;333451100;с.Жанама
7414;7412;333451200;с.Старая Жанама
7415;7412;333451300;с.Карабулак
7416;7377;333453000;Жайпакский с.о.
7417;7416;333453100;с.Жайпак
7418;7377;333455000;Жыландинский с.о.
7419;7418;333455100;с.Жыланды
7420;7418;333455200;с.Төңкеріс
7421;7418;333455300;с.Кокжар
7422;7418;333455400;с.Майкан
7423;7418;333455500;с.Шынжылы
7424;7377;333457000;Кольбайский с.о.
7425;7424;333457100;с.Кольбай
7426;7424;333457200;с.Алемды
7427;7424;333457300;с.Бұдыр
7428;7424;333457400;с.Кызылкайын
7429;7377;333459000;Кабанбайский с.о.
7430;7429;333459100;с.Кабанбай
7431;7429;333459200;с.Жамбыл
7432;7377;333461000;Кайнарский с.о.
7433;7432;333461100;с.Кайнар
7434;7377;333463000;Камыскалинский с.о.
7435;7434;333463100;с.Камыскала
7436;7434;333463200;с.Алаколь
7437;7377;333465000;Кызылащинский с.о.
7438;7437;333465100;с.Жумахан Балапанов
7439;7377;333467000;Лепсинский с.о.
7440;7439;333467100;с.Лепсинск
7441;7439;333467200;с.Байзерек
7442;7439;333467300;с.Жунжурек
7443;7439;333467400;с.Чимбулак
7444;7377;333469000;Теректинский с.о.
7445;7444;333469100;с.Теректы
7446;7444;333469200;с.Талдыбулак
7447;7377;333471000;Токжайлауский с.о.
7448;7447;333471100;с.Токжайлау
7449;7377;333473000;Ушбулакский с.о.
7450;7449;333473100;с.Ушбулак
7451;7449;333473200;с.Айпара
7452;7449;333473300;с.Кенес
7453;7377;333475000;Ынталинский с.о.
7454;7453;333475100;с.Ынталы
7455;7377;333477000;Ыргайтинский с.о.
7456;7455;333477100;с.Коктума
7457;7455;333477200;с.Акши
7458;7294;333600000;Ескельдинский район
7459;7458;333630000;Карабулакский с.о.
7460;7459;333630100;с.Карабулак
7461;7459;333630200;с.Абай
7462;7459;333630300;с.Матая Баисова
7463;7459;333630400;с.Ешкиольмес
7464;7459;333630500;с.Оркусак
7465;7459;333630600;с.Шымыр
7466;7458;333633000;Алдабергеновский с.о.
7467;7466;333633100;с.Алдабергеново
7468;7466;333633200;с.Жаналык
7469;7466;333633300;с.Жастар
7470;7458;333635000;с.о.им.Бактыбая Жолбарысулы
7471;7470;333635100;с.им.Бактыбая Жолбарысулы
7472;7470;333635200;с.Отенай
7473;7470;333635300;с.Ельтай
7474;7458;333637000;Жалгызагашский с.о.
7475;7474;333637100;с.Жалгызагаш
7476;7474;333637200;с.Бигаш
7477;7458;333639000;Кокжазыкский с.о.
7478;7477;333639100;с.Кокжазык
7479;7477;333639200;с.Боктерли
7480;7477;333639300;с.Тенлик
7481;7458;333643000;Кайнарлинский с.о.
7482;7481;333643100;с.Кайнарлы
7483;7481;333643200;с.Актасты
7484;7481;333643300;с.Коржымбай
7485;7458;333647000;Каратальский с.о.
7486;7485;333647100;с.Каратальское
7487;7485;333647200;с.Теректы
7488;7458;333649000;Конырский с.о.
7489;7488;333649100;с.Коныр
7490;7488;333649200;с.Алмалы
7491;7488;333649300;с.Коктобе
7492;7458;333653000;Сырымбетовский с.о.
7493;7492;333653100;с.Сырымбет
7494;7458;333655000;Туленгутский с.о.
7495;7494;333655100;с.Жетысу
7496;7494;333655200;с.Екпенди
7497;7494;333655300;с.Жендик
7498;7458;333657000;с.о. Акын Сара
7499;7498;333657100;с.Акын Сара
7500;7498;333657200;с.Акешки
7501;7498;333657300;с.Актума
7502;7498;333657400;с.Тамбала
7503;7294;334000000;Кербулакский район
7504;7503;334030000;Сарыозекский с.о.
7505;7504;334030100;с.Сарыозек
7506;7504;334030200;ст.Дос
7507;7504;334030300;ст.Койкырыккан
7508;7504;334030400;ст.Майтобе
7509;7503;334033000;Алтынемельский с.о.
7510;7509;334033100;с.Алтынемель
7511;7509;334033200;с.Байгазы
7512;7509;334033300;с.Карлыгаш
7513;7509;334033400;с.Кызылшкол
7514;7509;334033500;с.Тастыбастау
7515;7503;334035000;Басшийский с.о.
7516;7515;334035100;с.Басши
7517;7515;334035200;с.Актобе
7518;7515;334035400;с.Нурум
7519;7503;334037000;Жайнак батырский с.о.
7520;7519;334037100;с.Жайнак батыра
7521;7519;334037200;с.Акбастау
7522;7519;334037300;с.Доланалы
7523;7519;334037400;с.Жаналык
7524;7519;334037500;с.Карымсак
7525;7503;334039000;Жоламанский с.о.
7526;7525;334039100;с.Жоламан
7527;7525;334039200;ст.Алтындала
7528;7525;334039300;ст.Архарлы
7529;7525;334039400;ст.Дала
7530;7525;334039500;ст.Жоламан
7531;7525;334039600;ст.Сайлы
7532;7525;334039700;с.Самен
7533;7503;334041000;Талдыбулакский с.о.
7534;7533;334041100;с.Талдыбулак
7535;7533;334041200;с.Бостан
7536;7533;334041300;с.Терысаккан
7537;7503;334043000;Коксуский с.о.
7538;7537;334043100;с.Коксу
7539;7537;334043200;с.Бериктас
7540;7537;334043300;с.Коктал
7541;7537;334043400;с.Косагаш
7542;7503;334045000;Карашокинский с.о.
7543;7542;334045100;с.Карашокы
7544;7542;334045200;с.Архарлы
7545;7503;334047000;Каспанский с.о.
7546;7545;334047100;с.Каспан
7547;7545;334047200;с.Кайнарлы
7548;7545;334047300;с.Коксай
7549;7545;334047400;с.Сайлыколь
7550;7545;334047500;с.Шаган
7551;7503;334049000;Когалинский с.о.
7552;7551;334049100;с.Когалы
7553;7551;334049200;с.Коноваловка
7554;7551;334049300;с.Куренбел
7555;7551;334049400;с.Тастыозек
7556;7551;334049500;с.Шаган
7557;7503;334053000;Кызылжарский с.о.
7558;7557;334053100;с.Кызылжар
7559;7557;334053200;Дорожный участок Аксункар
7560;7557;334053300;с.Желдикара
7561;7557;334053400;с.Шилису
7562;7503;334055000;Сарыбастауский с.о.
7563;7562;334055100;с.Сарыбастау
7564;7562;334055200;с.Архарлы
7565;7562;334055300;ст.Балгалы
7566;7562;334055400;с.Малайсары
7567;7562;334055500;ст.Малайсары
7568;7562;334055600;ст.Тары
7569;7503;334057000;Сарыбулакский с.о.
7570;7569;334057100;с.Карагаш
7571;7569;334057200;Ферма 3 Казансу
7572;7569;334057300;Ферма 2 Сарыбулак
7573;7569;334057400;Ферма 1 Шилису
7574;7503;334063000;Шанханайский с.о.
7575;7574;334063100;с.Шанханай
7576;7574;334063200;с.Коянкоз
7577;7574;334063300;с.Майтобе
7578;7503;334067000;Шубарский с.о.
7579;7578;334067100;с.Шубар
7580;7578;334067200;с.Аралтобе
7581;7578;334067300;с.Онжас
7582;7294;334200000;Коксуский район
7583;7582;334230000;Балпыкский с.о.
7584;7583;334230100;с.Балпык би
7585;7583;334230200;с.Акшатоган
7586;7583;334230300;с.Теректы
7587;7582;334233000;Айнабулакский с.о.
7588;7587;334233100;ст.Айнабулак
7589;7587;334233200;рзд.Копир
7590;7587;334233300;Подхоз ПЧ-45
7591;7587;334233400;рзд.Тауарасы
7592;7582;334235000;Алгабасский с.о.
7593;7592;334235100;с.Алгабас
7594;7592;334235200;с.Кызылтоган
7595;7582;334239000;Енбекшинский с.о.
7596;7595;334239100;с.Зылихи Тамшыбай
7597;7595;334239200;с.Бескайнар
7598;7595;334239300;с.Кенарал
7599;7595;334239400;с.Каратал
7600;7582;334243000;с.о. Мусабек
7601;7600;334243100;с.Мусабек
7602;7600;334243200;ст.Бакша
7603;7600;334243300;ст.Быжы
7604;7600;334243400;с.Маулимбай
7605;7600;334243500;ст.Моинкум
7606;7582;334245000;с.о.Кабылиса
7607;7606;334245100;с.Актекше
7608;7606;334245200;с.Кокбастау
7609;7582;334247000;Лабасинский с.о.
7610;7609;334247100;с.Мамбет
7611;7609;334247200;с.Енбекшиказах
7612;7609;334247300;с.Жамбыл
7613;7609;334247400;с.Талапты
7614;7582;334249000;Муканшинский с.о.
7615;7614;334249100;ст.Коксу
7616;7614;334249200;с.Жетыжал
7617;7614;334249300;с.50 лет Казахстана
7618;7614;334249500;с.Муканши
7619;7614;334249600;с.Надиризбек
7620;7582;334253000;Мукринский с.о.
7621;7620;334253100;с.Мукры
7622;7621;334253102;уч.Алмалы
7623;7621;334253103;уч.Желдикора
7624;7621;334253104;уч.Точка
7625;7620;334253200;с.10 лет Казахстана
7626;7582;334255000;Жарлыозекский с.о.
7627;7626;334255100;с.Жарлыозек
7628;7626;334255200;с.Бозтоган
7629;7626;334255300;с.Муканшы
7630;7294;334400000;Каратальский район
7631;7630;334420000;Уштобинская г.а.
7632;7631;334420100;г.Уштобе
7633;7631;334420200;с.Ойсаз
7634;7631;334420300;с.Ушкомей
7635;7631;334420400;с.Достык
7636;7630;334433000;Балпыкский с.о.
7637;7636;334433100;с.Жанаталап
7638;7636;334433200;с.Оян
7639;7636;334433400;с.Умтул
7640;7630;334435000;Ельтайский с.о.
7641;7640;334435100;с.Каражиде
7642;7640;334435400;с.Сарыбулак
7643;7630;334437000;Ескельдинский с.о.
7644;7643;334437100;с.Ескельди би
7645;7643;334437200;с.Кызылжар
7646;7643;334437300;с.Кокдала
7647;7643;334437400;с.Кайнар
7648;7630;334439000;Байшегирский с.о.
7649;7648;334439100;с.Акжар
7650;7648;334439300;с.Алмалы
7651;7648;334439400;с.Дөңши
7652;7630;334443000;с.о.Жолбарыс батыра
7653;7652;334443100;с.Кальпе
7654;7652;334443200;с.Айдар
7655;7652;334443400;с.Канабек
7656;7652;334443500;с.Карашенгель
7657;7630;334445000;Кызылбалыкский с.о.
7658;7657;334445100;с.Копбирлик
7659;7657;334445200;с.Каракум
7660;7630;334447000;Бастобинский с.о.
7661;7660;334447100;с.Бастобе
7662;7660;334447300;с.Жылыбулак
7663;7660;334447400;с.Кішітөбе
7664;7660;334447500;рзд.Курышдаласы
7665;7660;334447800;с.Ортатобе
7666;7665;334447880;рзд.47
7667;7630;334449000;с.о.Айту би
7668;7667;334449100;с.Кокпекти
7669;7667;334449200;с.Айту
7670;7667;334449300;с.Жасталап
7671;7667;334449400;с.Кожбан
7672;7630;334453000;Тастобинский с.о.
7673;7672;334453100;с.Тастобе
7674;7672;334453200;с.Бесагаш
7675;7672;334453300;с.Бирлик
7676;7294;334600000;Панфиловский район
7677;7676;334620000;Жаркентская г.а.
7678;7677;334620100;г.Жаркент
7679;7676;334633000;Айдарлинский с.о.
7680;7679;334633100;с.Айдарлы
7681;7679;334633200;с.Дарбазакум
7682;7679;334633300;с.Сарпылдак
7683;7676;334635000;Баскунчинский с.о.
7684;7683;334635100;с.Баскунши
7685;7683;334635200;с.Алмалы
7686;7676;334637000;Бирликский с.о.
7687;7686;334637100;с.Алтыуй
7688;7686;334637200;с.Надек
7689;7686;334637300;с.Суптай
7690;7686;334637400;с.Шижин
7691;7690;334637402;уч.Хонахай
7692;7676;334639000;Коктальский с.о.
7693;7692;334639100;с.Коктал
7694;7692;334639200;с.Акжазык
7695;7692;334639300;с.Аккудык
7696;7676;334643000;Коныроленский с.о.
7697;7696;334643100;с.Коныролен
7698;7696;334643200;с.Кермеагаш
7699;7696;334643300;с.Сарытобе
7700;7696;334643400;с.Борибай би
7701;7696;334643500;с.Ынталы
7702;7676;334645000;с.о.Атамекен
7703;7702;334645100;с.Атамекен
7704;7702;334645200;с.Ават
7705;7702;334645300;с.Ынтымак
7706;7702;334645400;с.Хоргос
7707;7676;334647000;Сарыбельский с.о.
7708;7707;334647100;с.Сарыбель
7709;7707;334647200;с.Садыр
7710;7707;334647300;с.Турпан
7711;7676;334649000;Талдинский с.о.
7712;7711;334649100;с.Талды
7713;7711;334649200;с.Енбекши
7714;7676;334653000;Улкенагашский с.о.
7715;7714;334653100;с.Аулиеагаш
7716;7714;334653200;с.Жаркент-Арасан
7717;7714;334653300;с.Коктал-Арасан
7718;7676;334655000;Улкеншыганский с.о.
7719;7718;334655100;с.Улкеншыган
7720;7718;334655200;с.Аккент
7721;7718;334655300;с.Кырыккудык
7722;7718;334655400;с.Кішішыған
7723;7676;334657000;Ушаралский с.о.
7724;7723;334657100;с.Ушарал
7725;7723;334657200;с.Акарал
7726;7723;334657300;с.Кызылжиде
7727;7676;334659000;Чулакайский с.о.
7728;7727;334659100;с.Чулакай
7729;7727;334659200;с.Диханкайрат
7730;7727;334659300;с.Жидели
7731;7294;334800000;Сарканский район
7732;7731;334820000;Сарканская г.а.
7733;7732;334820100;г.Саркан
7734;7732;334820200;с.Бирлик
7735;7731;334833000;Аманбоктерский с.о.
7736;7735;334833100;с.Аманбоктер
7737;7735;334833200;с.Баянбай
7738;7731;334835000;Амангельдинский с.о.
7739;7738;334835100;с.Пограничник
7740;7738;334835200;с.Кокозек
7741;7738;334835400;с.Караултобе
7742;7731;334837000;Бакалинский с.о.
7743;7742;334837100;с.Бакалы
7744;7742;334837200;с.Какимжан
7745;7742;334837300;с.Таскудык
7746;7731;334839000;Екиашинский с.о.
7747;7746;334839100;с.Екиаша
7748;7746;334839200;с.Тополевка
7749;7731;334843000;Алмалинский с.о.
7750;7749;334843100;с.Алмалы
7751;7749;334843200;с.Абай
7752;7731;334847000;Коктерекский с.о.
7753;7752;334847100;с.Коктерек
7754;7731;334849000;Карабогетский с.о.
7755;7754;334849100;с.Карабогет
7756;7754;334849300;с.Еркин
7757;7731;334851000;Карашиганский с.о.
7758;7757;334851100;с.им.М.Тулебаева
7759;7757;334851200;с.Шубартубек
7760;7757;334851300;с.Ульга
7761;7731;334853000;Койлыкский с.о.
7762;7761;334853100;с.Койлык
7763;7731;334855000;Лепсинский с.о.
7764;7763;334855100;с.Лепсы
7765;7763;334855200;ст.Акбалык
7766;7763;334855300;ст.Арганаты
7767;7763;334855400;рзд.Керегетас
7768;7763;334855500;рзд.Кокшалгын
7769;7763;334855600;ст.Каратас
7770;7763;334855700;рзд.Сарыкурак
7771;7763;334855800;с.Кокжиде
7772;7731;334857000;Черкасский с.о.
7773;7772;334857100;с.Черкасск
7774;7772;334857200;с.Каргалы
7775;7772;334857300;с.Аккайын
7776;7772;334857400;с.Актума
7777;7772;334857500;с.Теректи
7778;7772;334857600;с.Ешкиолмес
7779;7731;334859000;Шатырбайский с.о.
7780;7779;334859100;с.Шатырбай
7781;0;350000000;Карагандинская область
7782;7781;351000000;Караганда Г.А.
7783;7782;351010000;г.Караганда
7784;7782;351011000;Әлихан Бөкейхан р.а.
7785;7784;351011100;район Әлихан Бөкейхан
7786;7782;351013000;р.а. им.Казыбек би
7787;7786;351013100;район им.Казыбек би
7788;7781;351600000;Балхаш Г.А.
7789;7788;351600200;п.Конырат
7790;7788;351610000;г.Балхаш
7791;7788;351635000;Гульшатская п.а.
7792;7791;351635100;п.Гульшат
7793;7788;351645000;Саякская п.а.
7794;7793;351645100;п.Саяк
7795;7781;352100000;Приозерск Г.А.
7796;7795;352110000;г.Приозерск
7797;7781;352200000;Сарань Г.А.
7798;7797;352210000;г.Сарань
7799;7797;352231000;Актасская п.а.
7800;7799;352231100;п.Актас
7801;7781;352400000;Темиртау Г.А.
7802;7801;352410000;г.Темиртау
7803;7801;352431000;Актауская п.а.
7804;7803;352431100;п.Актау
7805;7781;352800000;Шахтинск Г.А.
7806;7805;352810000;г.Шахтинск
7807;7805;352835000;Долинская п.а.
7808;7807;352835100;п.Долинка
7809;7805;352839000;Новодолинская п.а.
7810;7809;352839100;п.Новодолинский
7811;7805;352845000;Шаханская п.а.
7812;7811;352845100;п.Шахан
7813;7781;353200000;Абайский район
7814;7813;353220000;Абайская г.а.
7815;7814;353220100;г.Абай
7816;7813;353233000;Акбастауский с.о.
7817;7816;353233100;с.Акбастау
7818;7813;353237000;Дзержинский с.о.
7819;7818;353237100;с.Сарепта
7820;7818;353237200;с.Койбас
7821;7818;353237300;с.Коянды
7822;7813;353239000;Дубовский с.о.
7823;7822;353239100;с.Дубовка
7824;7813;353241000;Есенгельдинский с.о.
7825;7824;353241100;с.Есенгельды
7826;7824;353241200;с.Пахотное
7827;7813;353249000;Ильичевский с.о.
7828;7827;353249100;с.Юбилейное
7829;7827;353249200;с.Жон
7830;7827;353249500;с.Тасзаемка
7831;7813;353253000;Коксунский с.о.
7832;7831;353253100;с.Коксун
7833;7831;353253200;с.Жартас
7834;7831;353253400;с.Северное
7835;7831;353253500;с.Южное
7836;7813;353257000;Карабасская п.а.
7837;7836;353257100;п.Карабас
7838;7813;353259000;Карагандинский с.о.
7839;7838;353259100;с.Жартас
7840;7838;353259300;с.Восход
7841;7838;353259700;с.Поливное
7842;7813;353261000;Кулайгырский с.о.
7843;7842;353261100;с.Кулайгыр
7844;7842;353261200;с.Жаманжол
7845;7842;353261800;с.Ялта
7846;7813;353263000;Курминский с.о.
7847;7846;353263100;с.Курминское
7848;7846;353263200;с.Жумабек
7849;7846;353263300;с.Спасск
7850;7813;353267000;Мичуринский с.о.
7851;7850;353267100;с.Агрогородок
7852;7850;353267200;с.Садовое
7853;7850;353267800;с.Ягодное
7854;7813;353281000;Самарский с.о.
7855;7854;353281100;с.Самарка
7856;7854;353281400;с.Огороды
7857;7813;353285000;Топарская п.а.
7858;7857;353285100;п.Топар
7859;7813;353289000;Южная п.а.
7860;7859;353289100;п.Южный
7861;7781;353600000;Актогайский район
7862;7861;353630000;Актогайский с.о.
7863;7862;353630100;с.Актогай
7864;7863;353630105;зимовка Аксай
7865;7861;353631000;Абайский с.о.
7866;7865;353631100;с.Абай
7867;7866;353631105;зимовка Ақферма
7868;7866;353631107;зимовка Таскын
7869;7866;353631108;зимовка Айдын
7870;7866;353631109;зимовка Аксай
7871;7866;353631111;зимовка Аккора
7872;7866;353631112;Звероферма
7873;7866;353631113;зимовка Калкан
7874;7866;353631114;зимовка Орта Жолекен
7875;7866;353631115;зимовка Ортакора
7876;7866;353631116;зимовка Ошаган
7877;7866;353631117;зимовка Нижний Жолекен
7878;7866;353631118;зимовка Жапекен
7879;7865;353631300;с.Акшкол
7880;7879;353631303;зимовка Акатан
7881;7879;353631305;зимовка Бакалшы
7882;7879;353631306;зимовка Бидайык
7883;7879;353631313;зимовка Копелбай
7884;7879;353631315;зимовка Каркын
7885;7879;353631316;зимовка Койбагар
7886;7879;353631321;зимовка Сарыозек
7887;7861;353633000;Айыртасский с.о.
7888;7887;353633100;с.Айыртас
7889;7888;353633102;зимовка Аккора
7890;7888;353633103;зимовка Бесбулак
7891;7888;353633104;зимовка Аксай
7892;7888;353633106;зимовка Егиндыбулак 2
7893;7888;353633107;зимовка Азимбай
7894;7888;353633108;зимовка Би
7895;7888;353633109;зимовка Кабыргаши
7896;7888;353633111;зимовка Кызылтас
7897;7888;353633113;зимовка Куттымбет
7898;7888;353633115;зимовка Еспе
7899;7888;353633118;ЛСП
7900;7888;353633119;зимовка Маубас
7901;7888;353633121;зимовка Нурабай
7902;7888;353633123;зимовка Ойран
7903;7888;353633125;зимовка Огизтау
7904;7888;353633127;зимовка Садуакас
7905;7888;353633129;зимовка Туайт
7906;7888;353633131;зимовка Шубарайгыр
7907;7888;353633133;зимовка Шубаркудык
7908;7888;353633134;зимовка Амирсана
7909;7888;353633135;зимовка Асылбек
7910;7888;353633136;зимовка Ешкиолмес
7911;7888;353633137;зимовка Карабас
7912;7888;353633138;зимовка Караоба
7913;7888;353633139;зимовка Калыш
7914;7888;353633141;зимовка Кииксу
7915;7888;353633142;зимовка Куней
7916;7888;353633143;зимовка Таскызыл
7917;7888;353633144;зимовка Шубартау
7918;7888;353633145;зимовка Косшыбай
7919;7888;353633146;зимовка Раскол
7920;7888;353633147;зимовка Балтоккен
7921;7888;353633148;зимовка Долагай
7922;7888;353633149;зимовка Жакыпбек
7923;7888;353633151;зимовка Игенбай
7924;7888;353633152;зимовка Бойдак
7925;7888;353633153;зимовка Дарибек
7926;7888;353633154;зимовка Катпар
7927;7861;353641000;с.о.Жидебай
7928;7927;353641100;с.Сауле
7929;7928;353641105;МТС
7930;7928;353641107;зимовка Корпетай
7931;7928;353641111;зимовка Донгелекагаш
7932;7928;353641113;зимовка Карыагаш
7933;7928;353641114;зимовка Нуркей
7934;7928;353641117;зимовка Тесыктас
7935;7927;353641200;с.Жаланаш
7936;7935;353641202;зимовка Акбулак
7937;7935;353641203;зимовка Бозбие
7938;7935;353641206;зимовка Жанкел
7939;7935;353641211;зимовка Кашкынбай
7940;7935;353641212;зимовка Сарыарка
7941;7935;353641213;зимовка Теке
7942;7935;353641214;зимовка Тескенсу
7943;7927;353641300;с.Ушарал
7944;7943;353641305;зимовка Жиенбай
7945;7943;353641306;зимовка Жыланды
7946;7943;353641307;зимовка Канатбек
7947;7943;353641308;зимовка Киргиз
7948;7943;353641309;зимовка Нуртай
7949;7943;353641311;зимовка Сарыозек 1
7950;7943;353641312;зимовка Сарыозек 2
7951;7943;353641314;зимовка Ушарал
7952;7943;353641317;зимовка Сарыозек
7953;7927;353641400;с.Каракой
7954;7953;353641402;зимовка Айкай
7955;7953;353641406;зимовка Жаланаш
7956;7953;353641411;зимовка Мухаметжан
7957;7953;353641412;зимовка Тыналы
7958;7861;353643000;с.о. Кежек
7959;7958;353643100;с.Акший
7960;7959;353643103;зимовка Алмалы
7961;7959;353643105;зимовка Бакырбай
7962;7959;353643107;зимовка Карашын
7963;7959;353643109;зимовка Нура
7964;7959;353643111;зимовка Сарыозек
7965;7959;353643112;зимовка Саяхат
7966;7959;353643113;зимовка Сорша
7967;7959;353643115;зимовка Суртобе
7968;7959;353643117;зимовка Талдыбулак
7969;7959;353643118;зимовка Торак
7970;7959;353643119;зимовка Оралбай
7971;7959;353643121;зимовка Шомшек
7972;7861;353645000;Карабулакский с.о.
7973;7972;353645100;с.Нарманбет
7974;7973;353645102;зимовка Актоган
7975;7973;353645103;зимовка Алшынбек
7976;7973;353645104;зимовка Жанике
7977;7973;353645105;зимовка Заготскот
7978;7973;353645106;зимовка Иманбай
7979;7973;353645107;зимовка Иса
7980;7973;353645108;зимовка Киндик
7981;7973;353645109;зимовка Кажи
7982;7973;353645111;зимовка Капаш
7983;7973;353645112;зимовка Карабулак
7984;7973;353645113;зимовка Мектеп
7985;7973;353645114;зимовка Омарбек
7986;7973;353645115;зимовка Разах
7987;7973;353645116;зимовка Рахым
7988;7973;353645117;зимовка Сорелен
7989;7973;353645118;зимовка Стандарт
7990;7973;353645119;зимовка Хасен
7991;7973;353645121;зимовка Токал
7992;7973;353645122;зимовка 8 марта
7993;7973;353645123;зимовка Оспанкарын
7994;7973;353645124;зимовка Молалы су
7995;7973;353645125;зимовка Сандық тоған
7996;7973;353645126;зимовка Тастобе
7997;7973;353645127;зимовка Қызыл ту
7998;7973;353645128;зимовка Нілдібек
7999;7973;353645129;зимовка Арин
8000;7972;353645200;с.Дуаншы
8001;8000;353645202;зимовка Арын
8002;8000;353645203;зимовка Баскора
8003;8000;353645204;зимовка Бульдозер
8004;8000;353645205;зимовка Енбек
8005;8000;353645206;зимовка Мектеп
8006;8000;353645207;зимовка Туйекора
8007;8000;353645208;зимовка Думан
8008;7972;353645300;с.Карасу
8009;8008;353645302;зимовка Калыш
8010;8008;353645303;зимовка Кажы
8011;8008;353645304;зимовка Нарманбет
8012;8008;353645305;зимовка Сага
8013;8008;353645306;зимовка Сутбай
8014;8008;353645307;зимовка Телеуберли
8015;8008;353645308;зимовка Туйебай
8016;8008;353645309;зимовка Шолак
8017;8008;353645311;зимовка Шалкар
8018;8008;353645312;зимовка Ащықарын
8019;8008;353645313;зимовка Алдаберли
8020;8008;353645314;зимовка Карабузау
8021;7861;353647000;с.о. Караменде би
8022;8021;353647100;с.Актас
8023;8022;353647105;зимовка Бишай
8024;8022;353647106;зимовка Елубай
8025;8022;353647107;зимовка Жуанконыр
8026;8022;353647109;зимовка Карамола
8027;8022;353647111;зимовка Омар
8028;8022;353647112;зимовка Мустакай
8029;8022;353647113;зимовка Калпе
8030;8021;353647200;с.Куаныш
8031;8030;353647202;зимовка Акжарык
8032;8030;353647203;зимовка Кушколик
8033;8030;353647204;зимовка Кызыладыр
8034;8030;353647205;зимовка Кызылсенгир
8035;8030;353647206;зимовка Каражумак
8036;7861;353649000;Кусакский с.о.
8037;8036;353649100;с.Кошкар
8038;8037;353649102;зимовка Басжарасбай
8039;8037;353649103;зимовка Керегетас
8040;8037;353649104;зимовка Ортакора
8041;8037;353649105;зимовка Омиржан
8042;8037;353649106;зимовка Жана Омиржан
8043;8037;353649107;зимовка Байбори
8044;8037;353649109;зимовка Бесшокы
8045;8037;353649115;зимовка Орта-Сарман
8046;8037;353649116;зимовка Баскора
8047;8037;353649117;зимовка Белсенди
8048;8037;353649118;зимовка Кайыпкажи
8049;8037;353649119;зимовка Караагаш
8050;8037;353649121;зимовка Карашокы
8051;8037;353649122;зимовка Кызыладыр
8052;8037;353649123;зимовка Молак
8053;8037;353649124;зимовка Мынбулак
8054;8037;353649125;зимовка Ортакора
8055;8037;353649126;зимовка Рашид
8056;8037;353649127;зимовка Шалхар
8057;8037;353649128;зимовка Сорман
8058;8037;353649129;зимовка Байжасар
8059;8037;353649131;зимовка Екпин
8060;8037;353649132;зимовка Жасакбай
8061;8037;353649133;зимовка Карабас
8062;8037;353649134;зимовка Толбасы
8063;8037;353649135;зимовка Кызылбай
8064;8037;353649136;зимовка Ынтыкбай
8065;8037;353649137;зимовка Карашилик
8066;8037;353649138;зимовка Ортажарасбай
8067;8037;353649139;зимовка Сеитимхан
8068;7861;353651000;Кызыларайский с.о.
8069;8068;353651100;с.Акжарык
8070;8069;353651103;зимовка Амирхан
8071;8069;353651104;зимовка Денгельбай
8072;8069;353651105;зимовка Жазыбек
8073;8069;353651106;зимовка Кумис
8074;8069;353651107;зимовка Карасиыр
8075;8069;353651108;зимовка Каратумсык
8076;8069;353651111;зимовка Стандарт
8077;8069;353651112;зимовка Жунусбек
8078;8069;353651113;зимовка Алшынбек
8079;8069;353651114;зимовка Данбай
8080;8069;353651115;зимовка Кадырали
8081;8069;353651116;зимовка Кариган
8082;8069;353651117;зимовка Отей
8083;8069;353651118;зимовка Ыстык
8084;8069;353651119;зимовка Кенасу
8085;8069;353651121;зимовка Акбулак
8086;8069;353651123;зимовка Акбуйрат
8087;8069;353651125;зимовка Бек
8088;8069;353651127;зимовка Колденен
8089;8069;353651128;зимовка Кулмакан
8090;8069;353651129;зимовка Нагыман
8091;8069;353651131;зимовка Сарыжол
8092;8069;353651132;зимовка Сатай
8093;8069;353651133;зимовка Чабан
8094;8069;353651134;зимовка Кошке
8095;8069;353651135;зимовка Акбиик
8096;8069;353651136;зимовка Ермекбай
8097;8069;353651137;зимовка Домай
8098;8069;353651138;зимовка Сулейман
8099;8069;353651139;зимовка Сатай
8100;8069;353651141;зимовка Саржал
8101;8069;353651142;зимовка Жанабай-Мекебай
8102;8069;353651143;зимовка Омбай
8103;8069;353651144;зимовка Каригон
8104;8069;353651145;зимовка Каракойтас
8105;8069;353651146;зимовка Ордабек
8106;8069;353651147;зимовка Лиман
8107;8069;353651148;зимовка Ыскак
8108;8069;353651149;зимовка Урпек
8109;8069;353651151;зимовка Дамбай
8110;8069;353651152;зимовка Кенасу
8111;8069;353651153;зимовка Турсынбай
8112;7861;353655000;Нуркенский с.о.
8113;8112;353655100;с.Нуркен
8114;8113;353655102;зимовка Балгабек-Аксай
8115;8113;353655103;зимовка Жамбыл
8116;8113;353655104;зимовка Кокши
8117;8113;353655105;зимовка Кояншокы
8118;8113;353655106;зимовка Тастыапан
8119;8113;353655107;зимовка Китай
8120;8113;353655108;зимовка Малимбек
8121;8113;353655109;зимовка Соран
8122;8113;353655111;зимовка Шубарат
8123;8113;353655112;джайлау Керегетас
8124;8113;353655113;зимовка Айдарлы
8125;8113;353655114;зимовка Керегетас
8126;8112;353655200;с.Аксенгир
8127;8126;353655202;зимовка Каратумсык
8128;8126;353655203;зимовка Карыншы
8129;8126;353655204;зимовка Кояныштагай
8130;8126;353655205;зимовка Китай
8131;8126;353655206;зимовка Магазин
8132;8126;353655207;зимовка Орта Аксай
8133;8126;353655208;зимовка Талдыбулак
8134;8126;353655209;зимовка Талдыкезен
8135;8112;353655300;с.Жалантас
8136;8135;353655302;зимовка Айдай
8137;8135;353655303;зимовка Аксай
8138;8135;353655304;зимовка Акирек
8139;8135;353655305;зимовка Акши
8140;8135;353655306;зимовка Адилбай
8141;8135;353655307;зимовка Бакал
8142;8135;353655308;зимовка Жалпаккайын
8143;8135;353655309;зимовка Караагаш
8144;8135;353655311;зимовка Керуенбулак
8145;8135;353655313;зимовка Кызыл
8146;8135;353655314;зимовка Теректы
8147;8135;353655315;зимовка Адилбай
8148;8112;353655400;с.Жидебай
8149;8148;353655403;зимовка Донгал
8150;8148;353655405;зимовка Карашокы
8151;8148;353655406;зимовка Махамбет-Аксай
8152;8148;353655407;зимовка Сагындык
8153;8148;353655409;зимовка Уйрек
8154;8148;353655411;зимовка Шубарт
8155;8112;353655500;с.Каратал
8156;8155;353655503;зимовка Жамбыл
8157;8155;353655504;зимовка Караоба
8158;8155;353655505;зимовка Карашилик
8159;8155;353655506;зимовка Кызылкайын
8160;8155;353655507;зимовка Момын
8161;8155;353655508;зимовка Саран
8162;8155;353655511;зимовка Терешокы
8163;7861;353659000;Ортадересинский с.о.
8164;8163;353659100;с.Орта Дересин
8165;8164;353659102;с.Бас Дересин
8166;8164;353659103;Бригада 8
8167;8164;353659105;зимовка Каработа
8168;8164;353659106;зимовка Арнур
8169;8164;353659107;зимовка Саламат
8170;8164;353659108;зимовка Токен
8171;8164;353659111;зимовка Айтас
8172;8164;353659112;зимовка Азат
8173;8164;353659113;зимовка Нурбол
8174;8164;353659114;зимовка Шынгыс
8175;8164;353659115;зимовка Бектауата
8176;8164;353659116;зимовка Тик Шокы
8177;8164;353659117;зимовка Коныр Кулджа
8178;8163;353659200;с.Акжайдак
8179;8178;353659202;с.Акулен
8180;8163;353659500;ст.Орта Дересин
8181;7861;353663000;Сарытерекский с.о.
8182;8181;353663100;с.Сарытерек
8183;8182;353663103;зимовка Байкозы
8184;8182;353663104;зимовка Бескора
8185;8182;353663105;зимовка Каракозы
8186;8182;353663106;зимовка Карашилик
8187;8182;353663107;зимовка Койтас
8188;8182;353663108;зимовка Коске
8189;8182;353663109;зимовка Майбулак
8190;8182;353663111;зимовка Улкен Аксай
8191;8181;353663200;с.Актумсык
8192;8191;353663202;зимовка Аксай
8193;8191;353663203;зимовка Алибек
8194;8191;353663204;зимовка Достар
8195;8191;353663206;зимовка Койкелди
8196;8191;353663208;зимовка Самал
8197;8191;353663209;зимовка Узынбулак
8198;8191;353663211;зимовка Каракия
8199;8191;353663212;зимовка Карабауыр
8200;8181;353663300;с.Жетымшокы
8201;8200;353663302;зимовка Киши Аксай
8202;8200;353663303;зимовка Кунгей
8203;8200;353663304;зимовка Кызылжал
8204;8200;353663305;зимовка Каракемер
8205;8200;353663306;зимовка Карамула
8206;8200;353663307;зимовка Каратал
8207;8200;353663308;зимовка Карашилик
8208;8200;353663309;зимовка Карашокы
8209;8200;353663312;зимовка Ушимлик
8210;8200;353663315;зимовка Райымбек
8211;8200;353663316;зимовка Карагула
8212;8200;353663317;зимовка Ушшилик
8213;8200;353663318;зимовка Коянкоз
8214;8181;353663400;с.Кенели
8215;8214;353663402;зимовка Айыртас
8216;8214;353663403;зимовка Акшагыл
8217;8214;353663404;зимовка Акшокы
8218;8214;353663405;зимовка Жанат
8219;8214;353663406;зимовка Кособа
8220;8214;353663407;зимовка Кызыл
8221;8214;353663408;зимовка Майтас
8222;8214;353663409;зимовка Талдыбулак
8223;8214;353663411;зимовка Шанай
8224;8214;353663412;зимовка Жумагул
8225;8214;353663413;зимовка Шуленбай Аксайы
8226;8214;353663414;зимовка Шынырау
8227;7861;353667000;Сарышаганская п.а.
8228;8227;353667100;п.Сарышаган
8229;8228;353667102;ст.Весна
8230;8228;353667103;ст.Новалы
8231;8228;353667104;ст.Коктас
8232;8228;353667105;ст.Каражингил
8233;7861;353671000;Тасаралский с.о.
8234;8233;353671100;с.Тасарал
8235;8234;353671102;зимовка Акжолтай
8236;8234;353671103;зимовка Асыл
8237;8234;353671104;зимовка Байдаулет
8238;8234;353671105;зимовка Жолдан
8239;8234;353671106;зимовка Онбай
8240;7861;353677000;с.о. Шабанбай би
8241;8240;353677100;с.Шабанбай би
8242;8241;353677103;зимовка Керегетас
8243;8241;353677105;зимовка Байсокбан
8244;8241;353677106;зимовка Белтерек
8245;8241;353677107;зимовка Жинишке
8246;8241;353677108;зимовка Куйгенсай
8247;8241;353677109;зимовка Кунбет
8248;8241;353677111;зимовка Байсултан
8249;8241;353677112;зимовка Журымбай
8250;8241;353677113;зимовка Каражал
8251;8241;353677114;зимовка Кызылжал
8252;8240;353677200;с.Бегазы
8253;8252;353677202;зимовка Айыртас
8254;8252;353677203;зимовка Аколке
8255;8252;353677206;зимовка Каратал
8256;8252;353677207;зимовка Карашокы
8257;8252;353677208;зимовка Монша
8258;8252;353677209;зимовка Сарымантай
8259;8252;353677211;зимовка Серикбай
8260;8252;353677214;зимовка Шубарозек
8261;8240;353677400;с.Касабай
8262;8261;353677402;зимовка Аккора
8263;8261;353677403;зимовка Аксай
8264;8261;353677405;зимовка Кепели
8265;8261;353677406;зимовка Карагандыозек
8266;8261;353677408;зимовка Молдашилик
8267;8261;353677411;зимовка Шокпартас
8268;8240;353677500;с.Сона
8269;8268;353677507;зимовка Караша
8270;8268;353677512;зимовка Ракыш
8271;8268;353677513;зимовка Тогызбай
8272;8268;353677514;зимовка Шоладыр
8273;7861;353679000;Шашубайская п.а.
8274;8273;353679100;п.Шашубай
8275;7781;354000000;Бухар-Жырауский район
8276;8275;354030000;Ботакаринская п.а.
8277;8276;354030100;п.Ботакара
8278;8276;354030200;ст.Ботакара
8279;8275;354031000;Зеленобалковский с.о.
8280;8279;354031100;с.Доскей ауылы
8281;8280;354031102;с.Аккудук
8282;8279;354031400;с.Трудовое
8283;8275;354033000;Акоринская с.а.
8284;8283;354033100;с.Акоре
8285;8284;354033107;с.Косшокы
8286;8284;354033113;с.Шатан
8287;8275;354035000;Актобинский с.о.
8288;8287;354035100;с.Актобе
8289;8287;354035200;с.Интумак
8290;8275;354037000;Умуткерский с.о.
8291;8290;354037100;с.Умуткер
8292;8290;354037200;с.Тортколь
8293;8290;354037300;с.Ульга
8294;8275;354039000;Кызылкаинский с.о.
8295;8294;354039100;с.Кызылкайын
8296;8294;354039200;с.Саратовка
8297;8294;354039300;с.Тасаул
8298;8275;354041000;Ботакаринская с.а.
8299;8298;354041100;с.Ботакара
8300;8275;354043000;Бухар-Жырау с.о.
8301;8300;354043100;с.Бухар-Жырау
8302;8300;354043200;с.Семизбуга
8303;8300;354043300;с.Шалкар
8304;8275;354045000;Гагаринский с.о.
8305;8304;354045100;с.Гагаринское
8306;8304;354045200;с.Садовое
8307;8275;354047000;с.о.Керней
8308;8307;354047100;с.Керней
8309;8307;354047200;с.Акжар
8310;8307;354047300;с.Алгабас
8311;8275;354051000;Молодецкая с.а.
8312;8311;354051100;с.Жанаталап
8313;8275;354053000;Кокпектинский с.о.
8314;8313;354053100;с.Кокпекты
8315;8313;354053200;с.Байкадам
8316;8313;354053300;с.Сарытобе
8317;8275;354055000;Тогузкудукский с.о.
8318;8317;354055100;с.Тогызкудук
8319;8317;354055300;с.Тасшокы
8320;8319;354055305;с.Плотинное
8321;8275;354057000;Каражарский с.о.
8322;8321;354057100;с.Каражар
8323;8321;354057200;с.Асыл
8324;8321;354057300;с.Волковское
8325;8321;354057400;с.Геологическое
8326;8275;354059000;Каракудукская с.а.
8327;8326;354059100;с.Каракудук
8328;8327;354059105;с.Жалгызкудук
8329;8327;354059107;с.Кумыскудук
8330;8275;354061000;Кушокынская п.а.
8331;8330;354061100;п.Кушокы
8332;8275;354063000;Самаркандский с.о.
8333;8332;354063100;с.Самарканд
8334;8332;354063200;с.Тегизжол
8335;8332;354063300;с.Чкалово
8336;8275;354065000;Новоузенский с.о.
8337;8336;354065100;с.Новоузенка
8338;8337;354065103;ст.Тегисжол
8339;8336;354065200;с.Севан
8340;8336;354065300;с.Стан
8341;8275;354067000;Петровский с.о.
8342;8341;354067100;с.Петровка
8343;8342;354067107;с.Чайлы
8344;8341;354067200;с.Жанакала
8345;8341;354067300;с.Жастилек
8346;8275;354069000;с.о. Баймырза
8347;8346;354069100;с.Баймырза
8348;8346;354069200;с.Астаховка
8349;8275;354071000;Шешенкаринский с.о.
8350;8349;354071100;с.Шешенкара
8351;8350;354071105;с.Уштау
8352;8349;354071200;с.Ашису
8353;8275;354073000;Акбелский с.о.
8354;8353;354073100;с.Акбел
8355;8353;354073200;с.Алабас
8356;8353;354073300;с.Курама
8357;8275;354075000;Ростовский с.о.
8358;8357;354075100;с.Ростовка
8359;8357;354075200;с.Красная Нива
8360;8357;354075300;с.Кызылжар
8361;8275;354077000;Центральный с.о.
8362;8361;354077100;с.Центральное
8363;8361;354077200;с.Урожайное
8364;8275;354079000;Суыксуская с.а.
8365;8364;354079100;с.Суыксу
8366;8275;354081000;Габиден Мустафинская п.а.
8367;8366;354081100;п.Габидена Мустафина
8368;8275;354083000;с.о. Тузды
8369;8368;354083100;с.Тузды
8370;8368;354083200;с.Старая Тузда
8371;8368;354083300;с.Первое Мая
8372;8368;354083400;с.Жанаауыл
8373;8275;354087000;Уштобинский с.о.
8374;8373;354087100;с.Уштобе
8375;8373;354087300;с.Сарыарқа
8376;8373;354087400;с.Курылус
8377;8376;354087403;с.Акжар
8378;8373;354087500;с.Сокурское
8379;8373;354087600;с.Атамекен
8380;8275;354089000;Белагашский с.о.
8381;8380;354089100;с.Белагаш
8382;8381;354089107;с.Ташик
8383;8380;354089200;с.Аюлы
8384;7781;354800000;Каркаралинский район
8385;8384;354820100;г.Каркаралинск
8386;8384;354831000;Абайский с.о.
8387;8386;354831100;с.Айнабулак
8388;8387;354831102;зимовка Айыртас
8389;8387;354831103;зимовка Иманкуль
8390;8387;354831104;зимовка Кулшыагаш
8391;8387;354831106;зимовка Ракымжан
8392;8387;354831109;зимовка Ортабаз
8393;8387;354831111;зимовка Узынбулак
8394;8387;354831115;зимовка Шынтемир
8395;8387;354831119;зимовка Шынтемир-2
8396;8387;354831121;с.Токай
8397;8386;354831300;с.Мыржык
8398;8384;354833000;с.о. Мади
8399;8398;354833100;с.Айрык
8400;8399;354833102;зимовка Азберген
8401;8399;354833114;зимовка Тайшабазы
8402;8398;354833300;с.Едрей
8403;8402;354833305;зимовка Жанабаз
8404;8384;354837000;Аманжоловский с.о.
8405;8404;354837100;с.Талды
8406;8405;354837102;Кордон Болпан
8407;8405;354837103;Бригада 9
8408;8405;354837104;Кордон Жанган
8409;8405;354837106;зимовка Жылысай
8410;8405;354837107;Кордон Караагаш
8411;8405;354837115;зимовка Айнабулак
8412;8404;354837200;с.Акбай-Кызылбай
8413;8412;354837203;зимовка Есдаулет
8414;8412;354837206;зимовка Кенсай
8415;8412;354837208;зимовка Койтас
8416;8412;354837209;зимовка Котыр
8417;8412;354837211;зимовка Кусмурын
8418;8412;354837212;зимовка Омирбек
8419;8412;354837213;зимовка Сарытумсык
8420;8412;354837215;зимовка Трагай
8421;8404;354837300;с.Аккора
8422;8421;354837303;зимовка Алиаскар
8423;8421;354837304;зимовка Бабеке
8424;8421;354837307;зимовка Кокбет
8425;8421;354837308;зимовка Комекбай
8426;8421;354837311;зимовка Никанбай
8427;8421;354837314;зимовка Туяк
8428;8421;354837315;зимовка Уштобе
8429;8421;354837316;зимовка Шатагаш
8430;8404;354837400;с.Белдеутас
8431;8430;354837402;зимовка Айтжан
8432;8430;354837406;зимовка Майлы
8433;8430;354837409;зимовка Тындыбай
8434;8404;354837500;с.Сарыобалы
8435;8434;354837503;зимовка Калактас
8436;8434;354837504;зимовка Карагунгей
8437;8434;354837506;зимовка Косбулак
8438;8434;354837507;зимовка Курылыс
8439;8434;354837508;зимовка Кызылсоран
8440;8434;354837509;зимовка Озен
8441;8434;354837511;зимовка Сиыркетпес
8442;8434;354837512;зимовка Тайыр
8443;8434;354837513;зимовка Тленши
8444;8434;354837514;зимовка Карамола
8445;8434;354837515;зимовка Конырат
8446;8384;354839000;с.о.Таттимбет
8447;8446;354839100;с.Актасты
8448;8447;354839105;с.Тасшокы
8449;8447;354839106;зимовка Амре
8450;8447;354839107;зимовка Бапалак
8451;8447;354839108;зимовка Баубек
8452;8447;354839109;зимовка Колбулак
8453;8447;354839111;зимовка Кирбай
8454;8447;354839112;зимовка Майтан
8455;8447;354839113;зимовка Мусиреп
8456;8447;354839114;зимовка Рахимбай
8457;8447;354839115;зимовка Сарсенбай
8458;8447;354839116;зимовка Сарыолен
8459;8447;354839117;зимовка Сарытобе
8460;8447;354839118;зимовка Шалакыз
8461;8447;354839119;зимовка Шубарбулак
8462;8446;354839300;с.Шилдебай
8463;8462;354839302;зимовка Абден
8464;8462;354839303;зимовка Абдрахман
8465;8462;354839304;зимовка Атеби
8466;8462;354839307;зимовка Карабулак
8467;8462;354839311;зимовка Кулмаганбет
8468;8462;354839312;зимовка Нурсейт
8469;8462;354839313;зимовка Омирбек
8470;8462;354839314;зимовка Тогизжигит
8471;8384;354843000;Бактинский с.о.
8472;8471;354843100;с.Бакты
8473;8472;354843103;зимовка Азыхан
8474;8472;354843111;зимовка Ешкиолмес
8475;8472;354843112;с.Талдыбай
8476;8472;354843113;зимовка Батылхан
8477;8472;354843114;зимовка Бейсеке
8478;8472;354843115;зимовка Бессары
8479;8472;354843116;зимовка Болемес
8480;8472;354843117;зимовка Кененбай
8481;8472;354843118;зимовка Казахстан
8482;8472;354843119;зимовка Копплан
8483;8472;354843121;зимовка Махмет
8484;8472;354843122;зимовка Молдахан
8485;8472;354843123;зимовка Моншак
8486;8472;354843124;зимовка Сарт
8487;8472;354843125;зимовка Талдыбай 2
8488;8471;354843200;с.Абыз
8489;8488;354843215;зимовка Айнабулак
8490;8488;354843219;зимовка Бопы
8491;8488;354843222;зимовка Казанбас
8492;8488;354843224;зимовка Конакай
8493;8488;354843229;зимовка Мейрамбай
8494;8488;354843235;зимовка Шалжан
8495;8471;354843400;с.Шолаккайын
8496;8495;354843403;зимовка Аралбай
8497;8495;354843404;зимовка Аркалык
8498;8495;354843405;зимовка Богенбай
8499;8495;354843407;зимовка Кара
8500;8495;354843409;кр.хоз Максат
8501;8495;354843411;зимовка Мейирхан
8502;8495;354843413;зимовка Рымхан
8503;8495;354843416;кр.хоз Шунгултай
8504;8384;354845000;с.о.Балкантау
8505;8504;354845100;с.Карабулак
8506;8505;354845102;зимовка Акбиик
8507;8505;354845106;зимовка Акын
8508;8505;354845111;зимовка Жумагуль
8509;8505;354845113;зимовка Конеккара
8510;8505;354845115;зимовка Каратулки
8511;8505;354845117;зимовка Онак
8512;8505;354845119;зимовка Суржал
8513;8505;354845121;зимовка Центр 1
8514;8505;354845123;Бригада 4
8515;8505;354845125;с.Талды
8516;8505;354845126;зимовка Алтай
8517;8505;354845127;зимовка Кызылколь
8518;8505;354845128;зимовка Талды
8519;8505;354845129;зимовка Шоткара
8520;8505;354845131;зимовка Атибай
8521;8505;354845132;зимовка Асылбек
8522;8505;354845133;зимовка Карабулак
8523;8504;354845200;с.Айнабулак
8524;8523;354845202;зимовка Айдарлы
8525;8523;354845203;зимовка Айнабулак
8526;8523;354845204;зимовка Буркитты
8527;8523;354845207;зимовка Жырыккудук
8528;8523;354845209;зимовка Кызылкайын
8529;8523;354845213;зимовка Майдан
8530;8523;354845217;зимовка Тасоткель
8531;8523;354845218;зимовка Бирман
8532;8523;354845219;зимовка Койтас
8533;8384;354847000;Бесобинский с.о.
8534;8533;354847100;с.Бесоба
8535;8534;354847103;зимовка Аксары
8536;8534;354847105;зимовка Досан
8537;8534;354847106;с.Камкор
8538;8534;354847109;зимовка Акжал
8539;8534;354847111;зимовка Сарыжал
8540;8534;354847113;зимовка Сенгир
8541;8534;354847115;зимовка Туменбай
8542;8533;354847300;с.Карашокы
8543;8542;354847303;зимовка Бекшокы
8544;8542;354847307;зимовка Мыншурык
8545;8533;354847400;с.Кызылту
8546;8545;354847404;зимовка Дон
8547;8545;354847406;зимовка Толеубай
8548;8545;354847407;зимовка Тулкили 1
8549;8545;354847408;зимовка Акпан
8550;8545;354847409;зимовка Тулкили 2
8551;8545;354847411;зимовка Ушбулак
8552;8545;354847412;зимовка Тулкили
8553;8384;354851000;Егиндыбулакский с.о.
8554;8553;354851100;с.Егиндыбулак
8555;8554;354851104;зимовка Базкей
8556;8554;354851107;зимовка Тортуй
8557;8384;354853000;с.о.Нуркена Абдирова
8558;8557;354853100;с.Жарлы
8559;8557;354853200;с.Акшокы
8560;8559;354853202;зимовка старый Нуркен
8561;8559;354853204;зимовка Сарыжайлау
8562;8559;354853205;зимовка Шотбай
8563;8557;354853300;с.Жекежал
8564;8563;354853302;зимовка Актопырак
8565;8563;354853303;зимовка Аршалы
8566;8563;354853304;зимовка Караби
8567;8563;354853305;зимовка Кондыбай
8568;8563;354853306;зимовка Копа
8569;8563;354853307;зимовка Нокеш
8570;8563;354853308;зимовка Шонай
8571;8563;354853312;зимовка Бакытбулак
8572;8563;354853313;зимовка Кузеуадыр
8573;8563;354853314;зимовка Кызылсиыр
8574;8563;354853315;зимовка Торкора
8575;8384;354855000;Жанатоганский с.о.
8576;8575;354855100;с.Жанатоган
8577;8576;354855103;зимовка Балташ
8578;8576;354855104;зимовка Ботабай
8579;8576;354855105;зимовка Дагар
8580;8576;354855106;зимовка Жанибек
8581;8576;354855108;зимовка Тунгат
8582;8576;354855109;зимовка Конысбай 2
8583;8576;354855111;зимовка Кызылагаш
8584;8576;354855112;зимовка Кызылшокы
8585;8576;354855113;зимовка Огизтау
8586;8576;354855114;зимовка Смагул
8587;8576;354855115;зимовка Сыбай
8588;8576;354855123;зимовка Казанбай
8589;8576;354855125;зимовка Кестелитас 1
8590;8576;354855126;зимовка Кестелитас 2
8591;8575;354855200;с.Ежебай
8592;8591;354855202;зимовка Абылай
8593;8591;354855203;зимовка Аккезен
8594;8591;354855204;зимовка Байдалы
8595;8591;354855206;зимовка Жылысай
8596;8591;354855207;зимовка Кенестас
8597;8591;354855209;зимовка Каратумсык
8598;8591;354855212;зимовка Елтолган
8599;8591;354855214;зимовка Букаш
8600;8384;354861000;Кайнарбулакский с.о.
8601;8600;354861100;с.Аппаз
8602;8601;354861102;зимовка Иза
8603;8601;354861103;зимовка Айыртас
8604;8601;354861104;зимовка Акшолак
8605;8601;354861105;зимовка Байбосын
8606;8601;354861106;зимовка Бекиш
8607;8601;354861107;зимовка Кулатай
8608;8601;354861108;зимовка Карабулак
8609;8601;354861109;зимовка Карашокы
8610;8601;354861111;зимовка Отеу
8611;8601;354861112;зимовка Станса 1
8612;8601;354861113;зимовка Станса 2
8613;8601;354861115;зимовка Токберген 1
8614;8601;354861116;зимовка Токберген 2
8615;8601;354861117;зимовка Ази
8616;8600;354861200;с.Жалпакшилик
8617;8616;354861202;зимовка Акдонгал
8618;8616;354861203;зимовка Актай
8619;8616;354861204;зимовка Бауыр
8620;8616;354861205;зимовка Коз
8621;8616;354861206;зимовка Койтас
8622;8616;354861207;зимовка Турманбет
8623;8616;354861209;зимовка Карсенбай
8624;8616;354861211;зимовка Егиз-Булак
8625;8616;354861213;зимовка Сарыадыр
8626;8616;354861215;зимовка Шанты
8627;8600;354861300;с.Милыбулак
8628;8627;354861302;зимовка Айнабулак
8629;8627;354861303;зимовка Аттама
8630;8627;354861304;зимовка Байгоншек
8631;8627;354861305;зимовка Байке
8632;8627;354861306;зимовка Бокан
8633;8627;354861307;зимовка Буркитши
8634;8627;354861308;зимовка Канкай
8635;8627;354861309;зимовка Караолке
8636;8627;354861311;зимовка Мусабай
8637;8627;354861312;зимовка Сарышокы
8638;8627;354861313;зимовка Тай
8639;8627;354861315;зимовка Шайнекбай
8640;8627;354861317;зимовка Бижан
8641;8627;354861319;зимовка Волжанка
8642;8600;354861400;с.Саз
8643;8642;354861402;зимовка Бекжан
8644;8642;354861403;зимовка Бестамак
8645;8642;354861405;зимовка Елші 1
8646;8642;354861406;зимовка Елші 2
8647;8642;354861407;зимовка Жанаауыл 1
8648;8642;354861408;зимовка Жанаауыл 2
8649;8642;354861411;зимовка Калибек
8650;8642;354861412;зимовка Каражал
8651;8642;354861413;зимовка Килыбай
8652;8642;354861414;зимовка Койта
8653;8642;354861415;зимовка Мукалы
8654;8642;354861416;зимовка Садуакас
8655;8642;354861417;зимовка Шаматай
8656;8384;354863000;Карагайлинская п.а.
8657;8656;354863100;п.Карагайлы
8658;8656;354863300;с.Актерек
8659;8384;354865000;Каракольский с.о.
8660;8659;354865100;с.Караколь
8661;8660;354865103;зимовка Борлыбулак
8662;8660;354865105;зимовка Рахимбай 1
8663;8384;354867000;Каршигалинский с.о.
8664;8663;354867100;с.Коктас
8665;8664;354867103;зимовка Родилка
8666;8664;354867104;Молочная ферма
8667;8664;354867105;Ферма 3
8668;8664;354867106;зимовка Керегетас
8669;8663;354867200;с.Новый Путь
8670;8663;354867300;ст.Саумалколь
8671;8384;354869000;Киргизский с.о.
8672;8671;354869100;с.Буркутты
8673;8672;354869102;Кордон Айтбай
8674;8672;354869103;зимовка Акбалаган 1
8675;8672;354869105;зимовка Аукей
8676;8672;354869108;Кордон Комиссаровка
8677;8672;354869109;зимовка Карашокы
8678;8672;354869111;зимовка Косбулак
8679;8672;354869112;Кордон Кызылкенши
8680;8672;354869114;зимовка Сарыбулак
8681;8672;354869115;зимовка Сарытау
8682;8672;354869116;зимовка Ушбулак
8683;8672;354869117;зимовка Инкарбай
8684;8672;354869121;зимовка Кешубай
8685;8672;354869122;зимовка Акбалаган 2
8686;8671;354869200;с.Борлыбулак
8687;8671;354869300;с.Жанибек
8688;8671;354869400;с.Кент
8689;8671;354869600;ст.Буркитты
8690;8384;354871000;с.о. Коянды
8691;8690;354871100;с.Коянды
8692;8691;354871105;зимовка Актубек 3
8693;8691;354871116;зимовка Токпан
8694;8691;354871119;зимовка Корык
8695;8690;354871200;с.Атантай
8696;8384;354873000;с.о. Мартбек Мамыраев
8697;8696;354873100;с.Акжол
8698;8697;354873102;зимовка Айтыш
8699;8697;354873103;зимовка Акбайпак
8700;8697;354873104;зимовка Батпакбай
8701;8697;354873106;зимовка Жанаконыс
8702;8697;354873109;зимовка Каражал
8703;8697;354873111;зимовка Карасу
8704;8697;354873112;зимовка Копа
8705;8697;354873114;зимовка Макай-Такай
8706;8697;354873116;зимовка Сарытау
8707;8697;354873117;зимовка Сиырлы
8708;8697;354873118;с.Беталыс
8709;8697;354873121;зимовка Баятар
8710;8697;354873123;зимовка Коспак
8711;8697;354873124;зимовка Кызылмола
8712;8697;354873125;зимовка Шанкоз
8713;8696;354873300;с.Жананегиз
8714;8713;354873302;зимовка Абиш
8715;8713;354873303;зимовка Бабайбек
8716;8713;354873304;зимовка Болекбай
8717;8713;354873306;зимовка Жыланды
8718;8713;354873307;зимовка Карагайлы
8719;8713;354873308;зимовка Каскырын
8720;8713;354873309;зимовка Кожахмет
8721;8713;354873311;зимовка Кызылагаш
8722;8713;354873312;зимовка Макаш
8723;8713;354873313;зимовка Чкалов
8724;8713;354873314;зимовка Шегебай
8725;8713;354873316;зимовка Шунгултай
8726;8384;354875000;с.о.Ныгмет Нурмаков
8727;8726;354875100;с.Осибай
8728;8727;354875105;зимовка Жанабаз
8729;8727;354875107;зимовка Сага
8730;8727;354875108;зимовка Сауыт
8731;8727;354875109;с.Догалан
8732;8726;354875300;с.Бастал
8733;8732;354875302;зимовка Ахмет
8734;8732;354875307;зимовка Айнабулак
8735;8732;354875309;зимовка Бекет
8736;8732;354875311;зимовка Имангали
8737;8732;354875312;зимовка Карабиик
8738;8732;354875317;зимовка Коки
8739;8732;354875327;зимовка Муздыбай
8740;8726;354875500;с.Колбасы
8741;8740;354875508;зимовка Ахмет
8742;8384;354877000;Тегисшилдикский с.о.
8743;8742;354877100;с.Тегисшилдик
8744;8743;354877104;зимовка Иманкул
8745;8743;354877105;Кордон Кендара
8746;8743;354877106;зимовка Карасу
8747;8743;354877107;зимовка Колдасан
8748;8743;354877108;зимовка Таскотан
8749;8743;354877111;Кордон Тонкерис
8750;8743;354877112;зимовка Шокпартас
8751;8743;354877113;зимовка Шортанды
8752;8743;354877114;с.Шункуркудук
8753;8743;354877115;зимовка Актопырак
8754;8742;354877200;с.Жарлы
8755;8754;354877203;зимовка Жанабет
8756;8754;354877204;Кордон Жанабет
8757;8754;354877206;зимовка Жалгызтерек
8758;8742;354877300;с.Калинино
8759;8758;354877302;зимовка Баглан
8760;8758;354877305;зимовка Отирикшы
8761;8758;354877306;зимовка Сарыжал
8762;8758;354877307;зимовка Ошатай
8763;8758;354877308;зимовка Ушкора
8764;8384;354879000;Темиршинский с.о.
8765;8764;354879100;с.Татан
8766;8765;354879104;зимовка Жырыксу
8767;8765;354879105;зимовка Татан 1
8768;8765;354879106;зимовка Татан 2
8769;8765;354879107;зимовка Татан 3
8770;8765;354879108;зимовка Татан 4
8771;8765;354879109;зимовка Татан 5
8772;8765;354879111;зимовка Татан 6
8773;8765;354879112;зимовка Татан 7
8774;8765;354879121;зимовка Кокшетау
8775;8765;354879122;зимовка Татан 10
8776;8765;354879123;зимовка Кулабие
8777;8764;354879200;с.Айнабулак
8778;8777;354879202;зимовка Жарбастау
8779;8777;354879203;зимовка Аршалы
8780;8777;354879204;зимовка Босей
8781;8777;354879207;зимовка Копкара 1
8782;8777;354879208;зимовка Копкара 2
8783;8777;354879209;зимовка Каракуыс
8784;8777;354879211;зимовка Каракудук
8785;8777;354879212;зимовка Курманбек
8786;8777;354879213;зимовка Ортакара
8787;8777;354879214;зимовка Ушбай
8788;8777;354879215;зимовка Шангайбек
8789;8777;354879219;зимовка Ажибек
8790;8764;354879300;с.Караагаш
8791;8790;354879302;зимовка Аблан
8792;8790;354879303;зимовка Айтак
8793;8790;354879304;зимовка Акбулак
8794;8790;354879306;зимовка Жанатай
8795;8790;354879307;зимовка Кузеу
8796;8790;354879308;зимовка Карашокы
8797;8790;354879309;зимовка Мереке
8798;8790;354879312;зимовка Сарышокы
8799;8790;354879313;зимовка Темирши
8800;8790;354879314;зимовка Узынбулак
8801;8790;354879315;зимовка Жанатай-2
8802;8384;354881000;Томарский с.о.
8803;8802;354881100;с.Томар
8804;8803;354881103;с.Акжарык
8805;8803;354881105;зимовка Борли
8806;8803;354881107;зимовка Жокебай
8807;8803;354881111;зимовка Ошан
8808;8803;354881117;зимовка Уйтас
8809;8803;354881121;зимовка Ыргайлы
8810;8803;354881122;с.Токылдак
8811;8803;354881123;зимовка Айыртас
8812;8803;354881124;зимовка Акбулак
8813;8803;354881125;зимовка Актобе
8814;8803;354881126;зимовка Асылбек
8815;8803;354881127;зимовка Борке
8816;8803;354881128;зимовка Букир
8817;8803;354881129;зимовка Жаппар
8818;8803;354881131;зимовка Естек
8819;8803;354881132;зимовка Жумабай
8820;8803;354881133;зимовка Кемеш
8821;8803;354881134;зимовка Калдаман
8822;8803;354881135;зимовка Косым
8823;8803;354881137;зимовка Кусайн
8824;8803;354881138;зимовка Сарыадыр
8825;8803;354881139;зимовка Сартбай
8826;8384;354883000;Угарский с.о.
8827;8826;354883100;с.Матак
8828;8827;354883105;с.Акбулак
8829;8827;354883106;зимовка Кайракты
8830;8827;354883107;зимовка Омархан
8831;8827;354883108;рзд.6
8832;8384;354887000;Шарыктинский с.о.
8833;8832;354887100;с.Теректы
8834;8833;354887103;зимовка Балагазы
8835;8833;354887105;зимовка Бейсенбай
8836;8833;354887109;зимовка Карибай
8837;8833;354887112;зимовка Майшокы
8838;8833;354887113;зимовка Наби
8839;8833;354887115;зимовка Тукыш
8840;8833;354887116;зимовка Тумсыкнияк
8841;8833;354887119;зимовка Азимбек
8842;8833;354887121;зимовка Улкенбаз
8843;8833;354887180;с.Айыр
8844;8832;354887200;с.Кызылшилик
8845;8844;354887207;зимовка Коргадыр
8846;8832;354887300;с.Шоптыколь
8847;8846;354887304;зимовка Акын
8848;8846;354887305;зимовка Коктас
8849;8846;354887306;зимовка Канай
8850;8846;354887307;зимовка Караауыл
8851;8846;354887309;зимовка Курлыс
8852;8846;354887311;зимовка Опырмалы
8853;8846;354887314;зимовка Койшыбай
8854;8384;354889000;Ынталинский с.о.
8855;8854;354889100;с.Ынталы
8856;8855;354889103;зимовка Караоба
8857;8855;354889104;зимовка Коянды
8858;8855;354889109;зимовка Дубовка
8859;8855;354889111;зимовка Жарыкмола
8860;8855;354889115;зимовка Жаппас
8861;8855;354889117;зимовка Карабике
8862;8855;354889121;рзд №5
8863;7781;355200000;Нуринский район
8864;8863;355230000;п.а.Нура
8865;8864;355230100;п.Нура
8866;8863;355235000;Балыктыкольский с.о.
8867;8866;355235100;с.Балыктыколь
8868;8867;355235111;Скважина 24
8869;8867;355235112;Скважина 46
8870;8867;355235113;зимовка Кенсай
8871;8863;355237000;Баршинский с.о.
8872;8871;355237100;с.Баршино
8873;8872;355237105;с.Каракаска
8874;8872;355237106;с.Старое Баршино
8875;8871;355237200;с.Бестамак
8876;8875;355237206;зимовка Жанажартас
8877;8875;355237212;зимовка Кызылжар
8878;8875;355237215;зимовка Тати
8879;8863;355241000;с.о.Құлан
8880;8879;355241100;с.Куланотпес
8881;8880;355241105;с.Оразалы
8882;8863;355243000;Жараспайский с.о.
8883;8882;355243100;с.Жараспай
8884;8883;355243105;с.Малайкудук
8885;8863;355247000;Заречный с.о.
8886;8885;355247100;с.Заречное
8887;8863;355249000;Акмешитский с.о.
8888;8887;355249100;с.Акмешит
8889;8888;355249105;с.Кобыкол
8890;8887;355249200;с.Кантай
8891;8863;355251000;Индустриальный с.о.
8892;8891;355251100;с.Тассуат
8893;8863;355253000;Кенжарыкский с.о.
8894;8893;355253100;с.Изенды
8895;8894;355253102;зимовка Изенды
8896;8894;355253103;зимовка Каракудык
8897;8894;355253104;зимовка Каратомар
8898;8894;355253107;зимовка База 3
8899;8894;355253108;зимовка Остемир
8900;8893;355253200;с.Кенжарык
8901;8893;355253300;с.Топаркол
8902;8863;355255000;Каройский с.о.
8903;8902;355255100;с.Карой
8904;8863;355257000;с.о.Егінді
8905;8904;355257100;с.Егінді
8906;8863;355259000;Каракоинский с.о.
8907;8906;355259100;с.Жанбобек
8908;8907;355259102;зимовка Бектлес
8909;8907;355259103;зимовка Бижан
8910;8907;355259106;зимовка Тасмола 1
8911;8907;355259107;зимовка Тасмола 2
8912;8907;355259109;с.Керей
8913;8907;355259111;зимовка Аубакир
8914;8907;355259113;зимовка Бурматай
8915;8907;355259114;зимовка Кусмурун
8916;8907;355259115;зимовка Мамбет
8917;8907;355259117;зимовка Шаймерден
8918;8906;355259200;с.Акколка
8919;8918;355259203;зимовка Казаншункур
8920;8918;355259204;зимовка Карабие
8921;8918;355259207;зимовка Шахман
8922;8918;355259215;зимовка Дос
8923;8918;355259216;зимовка Торебай
8924;8863;355261000;Корганжарский с.о.
8925;8924;355261100;с. Карим Мынбаев
8926;8925;355261105;с.Кызылшилик
8927;8863;355263000;Куланутпесский с.о.
8928;8927;355263100;с.Куланутпес
8929;8928;355263105;с.Отарбай
8930;8928;355263106;зимовка Кызылунгир
8931;8927;355263200;с.Актубек
8932;8927;355263300;с.Ныгман
8933;8863;355265000;Кызылталский с.о.
8934;8933;355265100;с.Кертинди
8935;8933;355265200;с.Алгабас
8936;8863;355267000;Байтуганский с.о.
8937;8936;355267100;с.Байтуган
8938;8936;355267200;с.Жанакурылыс
8939;8863;355269000;с.о.Мұзбел
8940;8939;355269100;с.Мұзбел
8941;8863;355271000;Сарыозенский с.о.
8942;8941;355271100;с.Ткенекты
8943;8942;355271105;зимовка Ажике
8944;8942;355271106;зимовка Бакей
8945;8942;355271107;зимовка Жидели
8946;8942;355271108;с.Жукей
8947;8863;355273000;Соналинский с.о.
8948;8947;355273100;с.Соналы
8949;8948;355273103;с.Косарал
8950;8948;355273105;зимовка Тасты
8951;8948;355273106;с.Баянбай
8952;8948;355273107;зимовка Егизгара
8953;8948;355273108;зимовка Кызылкент
8954;8948;355273109;с.Казыкурт
8955;8863;355275000;Ахметский с.о.
8956;8955;355275100;с.Ахмет
8957;8863;355277000;Талдысайский с.о.
8958;8957;355277100;с.Талдысай
8959;8958;355277103;зимовка Бекет
8960;8958;355277105;зимовка Бузаутобе
8961;8958;355277107;зимовка Муса
8962;8958;355277108;зимовка Шортан
8963;8958;355277109;зимовка Карасу
8964;8958;355277111;зимовка Кылыш
8965;8863;355279000;Тассуатский с.о.
8966;8965;355279100;с.Кайнар
8967;8966;355279105;с.Амантау
8968;8966;355279106;зимовка Жылысай
8969;8863;355283000;Кобетейский с.о.
8970;8969;355283100;с.Кобетей
8971;8970;355283105;с.Кызылжулдыз
8972;8969;355283300;с.Ондирис
8973;8969;355283400;с.Первое Мая
8974;8863;355287000;Шахтерский с.о.
8975;8974;355287100;с.Шахтерское
8976;8863;355289000;Шубаркольская п.а.
8977;8976;355289100;п.Шубарколь
8978;7781;355600000;Осакаровский район
8979;8978;355630000;Осакаровская п.а.
8980;8979;355630100;п.Осакаровка
8981;8978;355633000;Батпактинский с.о.
8982;8981;355633100;с.Батпакты
8983;8981;355633300;с.Ошаганды
8984;8981;355633400;с.Сарыозен
8985;8981;355633500;с.Акпан
8986;8978;355635000;с.о.Сарыозек
8987;8986;355635100;с.Сарыозек
8988;8986;355635200;с.Русская Ивановка
8989;8986;355635300;с.Шокай
8990;8986;355635400;ст.Шокай
8991;8978;355637000;с.о.Жансары
8992;8991;355637100;с.Аманконыр
8993;8991;355637200;с.Жуантобе
8994;8991;355637300;с.Кызылтасское
8995;8991;355637400;с.Баскорык
8996;8991;355637500;с.Юго-Восток
8997;8978;355643000;с.о.Жұлдыз
8998;8997;355643100;с.Жұлдыз
8999;8978;355645000;Иртышский с.о.
9000;8999;355645100;с.Иртышское
9001;8978;355647000;с.о.Есиль
9002;9001;355647100;с.Есиль
9003;9001;355647200;с.Колхозное
9004;8978;355649000;Каратомарский с.о.
9005;9004;355649100;с.Қаратомар
9006;9005;355649105;с.Откормочное
9007;8978;355651000;Кундуздинский с.о.
9008;9007;355651100;с.Шункыркол
9009;8978;355653000;Маржанкольский с.о.
9010;9009;355653100;с.Маржанкөл
9011;9009;355653200;с.Куркопа
9012;8978;355655000;Мирный с.о.
9013;9012;355655100;с.Мирное
9014;9013;355655105;с.Первомайское
9015;8978;355657000;Молодежная п.а.
9016;9015;355657100;п.Молодежный
9017;8978;355659000;Николаевский с.о.
9018;9017;355659100;с.Николаевка
9019;9017;355659200;с.Қайыңды
9020;9017;355659400;с.Топан
9021;8978;355661000;Озерный с.о.
9022;9021;355661100;с.Озерное
9023;9021;355661200;с.Ералы
9024;8978;355663000;с.о.Карагайлы
9025;9024;355663100;с.Карагайлы
9026;9024;355663200;с.Коллективное
9027;9024;355663300;с.Крещеновка
9028;9024;355663400;с.Окольное
9029;9024;355663500;с.Святогоровка
9030;8978;355669000;Пионерский с.о.
9031;9030;355669100;с.Пионерское
9032;9030;355669200;с.Приишимское
9033;9030;355669300;с.Центральное
9034;8978;355671000;с.о.Акбулак
9035;9034;355671100;с.Акбулак
9036;9035;355671107;с.Майбулак
9037;9034;355671300;с.Роднички
9038;8978;355673000;Родниковский с.о.
9039;9038;355673100;с.Родниковское
9040;9038;355673200;с.Карасу
9041;9040;355673204;с.Торткудук
9042;8978;355675000;Садовый с.о.
9043;9042;355675100;с.Садовое
9044;9042;355675200;с.Жаңатоған
9045;8978;355677000;с.о.Сункар
9046;9045;355677100;с.Сункар
9047;9045;355677200;с.Коянды
9048;9045;355677300;с.Сельстрой
9049;8978;355679000;с.о.Нияз
9050;9049;355679100;с.Қаракөл
9051;9049;355679200;с.Ахметаул
9052;9049;355679300;с.Кутумсук
9053;8978;355681000;Трудовой с.о.
9054;9053;355681100;с.Трудовое
9055;9053;355681200;с.Степное
9056;8978;355689000;Шидертинский с.о.
9057;9056;355689100;с.Шидерты
9058;7781;356400000;Шетский район
9059;9058;356430000;Аксу-Аюлинский с.о.
9060;9059;356430100;с.Аксу-Аюлы
9061;9060;356430102;зимовка Аршалы
9062;9060;356430103;зимовка Былкылдак
9063;9060;356430104;зимовка Жылыказ
9064;9060;356430106;зимовка Сарыозек
9065;9059;356430200;с.Аксу
9066;9059;356430300;с.Актобе
9067;9066;356430302;зимовка Тасбаз
9068;9059;356430400;с.Енбекшил
9069;9068;356430402;зимовка Кабанбай
9070;9068;356430403;зимовка Караозек
9071;9068;356430404;зимовка Орыс олген
9072;9059;356430500;с.Кайракты
9073;9058;356431000;Агадырьская п.а.
9074;9073;356431100;п.Агадырь
9075;9074;356431103;зимовка Босага
9076;9074;356431104;зимовка Едиге
9077;9074;356431105;с.Подхоз
9078;9074;356431106;зимовка Аксенгир
9079;9074;356431107;зимовка Былкылдак
9080;9074;356431108;зимовка Каракудук
9081;9074;356431109;зимовка Кызылкесик
9082;9074;356431111;зимовка Майлыбай
9083;9074;356431112;зимовка Кенказган
9084;9074;356431113;зимовка Караеспе
9085;9074;356431114;зимовка Сарыбас
9086;9074;356431115;зимовка Мапа
9087;9074;356431116;зимовка Сырлытам
9088;9074;356431117;зимовка Талды-Еспе
9089;9073;356431500;с.Сарыши
9090;9089;356431502;зимовка Айнабулак
9091;9089;356431503;зимовка Акбаз
9092;9089;356431504;зимовка Аксарлы
9093;9089;356431505;зимовка Аксоран 1
9094;9089;356431506;зимовка Байдаулет
9095;9089;356431507;зимовка Байташ
9096;9089;356431508;зимовка Баякожа
9097;9089;356431509;зимовка Бесапан
9098;9089;356431511;зимовка Боранколь
9099;9089;356431512;зимовка Домалак
9100;9089;356431513;зимовка Донгал
9101;9089;356431514;зимовка Жумабай
9102;9089;356431516;зимовка Караоба
9103;9089;356431518;зимовка Кызылтас
9104;9089;356431519;зимовка Мангель
9105;9089;356431525;зимовка Мектеп
9106;9089;356431526;зимовка Мектеп ІІ
9107;9089;356431527;зимовка Мукаш
9108;9089;356431529;зимовка Сарышокы
9109;9089;356431531;зимовка Сиыркон
9110;9089;356431533;зимовка Шоладыр
9111;9089;356431535;зимовка Донгал ІІ
9112;9058;356435000;Акжалская п.а.
9113;9112;356435100;п.Акжал
9114;9112;356435200;с.Акжартас
9115;9114;356435202;зимовка Айжан
9116;9114;356435203;зимовка Акшокы
9117;9114;356435204;зимовка Ансакыр
9118;9114;356435205;зимовка Ахмедиев
9119;9114;356435206;зимовка Ахмет
9120;9114;356435207;зимовка Бабас
9121;9114;356435208;зимовка Башин
9122;9114;356435209;зимовка Бокай
9123;9114;356435211;зимовка Есенкуль
9124;9114;356435212;зимовка Ескиаша
9125;9114;356435213;зимовка Ескиорталык
9126;9114;356435214;зимовка Старая школа
9127;9114;356435215;зимовка Комек
9128;9114;356435216;зимовка Карасу
9129;9114;356435217;зимовка Карашан
9130;9114;356435218;зимовка Кумжан
9131;9114;356435219;зимовка Мусагажи
9132;9114;356435221;зимовка Нурбек
9133;9114;356435222;зимовка Ортакон
9134;9114;356435223;зимовка Сарыши
9135;9114;356435224;зимовка Сембай
9136;9114;356435225;зимовка Суанбек
9137;9114;356435226;зимовка Жетимекн
9138;9114;356435227;зимовка Тулкили
9139;9114;356435228;зимовка Уйтас
9140;9114;356435229;зимовка Шенгельды
9141;9114;356435231;зимовка Шошакуй
9142;9114;356435233;зимовка Жайлау №82
9143;9114;356435235;зимовка Мейрам
9144;9114;356435236;зимовка Абдир
9145;9114;356435237;зимовка Кумола
9146;9114;356435238;зимовка Мухтар
9147;9114;356435239;зимовка Сарыоба
9148;9114;356435241;зимовка Серге
9149;9114;356435242;зимовка Тастак
9150;9114;356435243;зимовка Туяк
9151;9114;356435244;зимовка Шурык
9152;9114;356435245;зимовка Мыржикбай
9153;9112;356435300;с.Аякши
9154;9058;356437000;Акчатауская п.а.
9155;9154;356437100;п.Акчатау
9156;9058;356438000;Акчатауский с.о.
9157;9156;356438100;с. Жарылгап батыр
9158;9157;356438102;зимовка Аксай
9159;9157;356438105;зимовка Бокай
9160;9157;356438107;зимовка Жунди
9161;9157;356438109;зимовка Каратас
9162;9157;356438111;зимовка Карашилик
9163;9157;356438112;зимовка Махор
9164;9157;356438114;зимовка Сарыадыр
9165;9157;356438115;зимовка Тастыкудук
9166;9157;356438117;зимовка Акозек
9167;9156;356438200;с.Каргалы
9168;9167;356438202;зимовка Жартас
9169;9167;356438203;зимовка Карасай
9170;9167;356438204;зимовка Сарыозек
9171;9167;356438205;зимовка Сулушокы
9172;9167;356438206;зимовка Тоганбай
9173;9167;356438209;зимовка Жосабай
9174;9058;356439000;Акшокинский с.о.
9175;9174;356439100;с.Кызылтау
9176;9175;356439102;с.Акшокы
9177;9175;356439103;зимовка Кожа
9178;9175;356439104;зимовка Сарыозек
9179;9175;356439105;зимовка Тулкили
9180;9175;356439106;зимовка Жансая
9181;9174;356439300;с.Акбауыр
9182;9181;356439302;зимовка Акбастау
9183;9181;356439303;зимовка Заимка
9184;9181;356439304;зимовка Курама
9185;9058;356441000;Батыкский с.о.
9186;9185;356441100;с.Батык
9187;9186;356441102;зимовка Аптека
9188;9186;356441103;зимовка Нижний Нарбак
9189;9058;356443000;Босагинский с.о.
9190;9189;356443100;с.Босага
9191;9190;356443103;зимовка Мангел
9192;9190;356443105;зимовка Карашокы
9193;9190;356443106;с.Жуманбулак
9194;9190;356443107;зимовка Аксоран
9195;9190;356443108;зимовка Аркалык
9196;9190;356443109;зимовка Ашы
9197;9190;356443111;зимовка Бориктал
9198;9190;356443112;зимовка Каракудук
9199;9190;356443113;зимовка Кашкынбай
9200;9190;356443114;зимовка Узынбулак
9201;9190;356443115;зимовка Шалтас
9202;9190;356443116;зимовка Талап
9203;9190;356443117;с.Жылыбулак
9204;9190;356443118;зимовка Баба
9205;9190;356443119;зимовка Бошан
9206;9190;356443121;зимовка Кособа
9207;9190;356443122;зимовка Караша
9208;9190;356443123;зимовка Карашилык
9209;9190;356443124;зимовка Кызылагаш
9210;9190;356443125;зимовка Жалгызтал
9211;9190;356443126;зимовка Сарыозен
9212;9190;356443127;зимовка Тулкили
9213;9190;356443128;зимовка Токен
9214;9190;356443129;зимовка Жалгызтал
9215;9190;356443131;с.Бестамак
9216;9190;356443132;зимовка Айыртау
9217;9190;356443133;зимовка Али
9218;9190;356443134;зимовка Бастау
9219;9190;356443135;зимовка Ешкиолмес
9220;9190;356443136;зимовка Касымбек
9221;9190;356443137;зимовка Омар
9222;9190;356443138;зимовка Туматай
9223;9190;356443139;зимовка Ушбулак
9224;9190;356443141;зимовка Караунгир
9225;9058;356445000;Бурминский с.о.
9226;9225;356445100;с.Бурма
9227;9225;356445300;с.Мухтар
9228;9058;356447000;Дарьинская п.а.
9229;9228;356447100;п.Дарьинский
9230;9058;356451000;С.Сейфуллинская п.а.
9231;9230;356451100;п.С.Сейфуллин
9232;9058;356455000;Кеншокинский с.о.
9233;9232;356455100;с.Нура
9234;9233;356455103;зимовка Акатан
9235;9233;356455106;зимовка Амантай
9236;9233;356455107;зимовка Байназар
9237;9233;356455108;зимовка Жайсан
9238;9233;356455109;зимовка Жасканат
9239;9233;356455111;зимовка Кулеке
9240;9233;356455112;зимовка Какпантас
9241;9233;356455113;зимовка Муздыбулак
9242;9233;356455114;зимовка Мынкауга
9243;9233;356455115;зимовка Орташокы
9244;9233;356455116;зимовка Сарыколь
9245;9233;356455117;зимовка Сарыозек 1
9246;9233;356455118;зимовка Сарыозек 2
9247;9233;356455119;зимовка Сасыкбулак
9248;9233;356455121;зимовка Тайлак
9249;9233;356455122;с.Батыстау
9250;9233;356455123;зимовка Акирек
9251;9233;356455124;зимовка Донгелек
9252;9233;356455125;зимовка Караш
9253;9233;356455126;зимовка Каскар
9254;9233;356455127;зимовка Койтас
9255;9233;356455128;зимовка Кунанбай
9256;9233;356455129;зимовка Узынбулак
9257;9058;356459000;Талдинский с.о.
9258;9257;356459100;с.Талды
9259;9257;356459200;с.Берекеши
9260;9257;356459300;с.Жанажурт
9261;9260;356459302;зимовка Байбала
9262;9058;356461000;Коктенкольский с.о.
9263;9262;356461100;с.Коктенколь
9264;9263;356461102;зимовка Актайлак
9265;9263;356461103;Водокачка
9266;9263;356461104;зимовка Керегетас
9267;9262;356461200;с.Алихан
9268;9267;356461202;рзд.43
9269;9262;356461300;с.Жыланды
9270;9262;356461400;ст.Коктинколи
9271;9262;356461700;с.Акжол
9272;9058;356463000;Нижнекайрактинский с.о.
9273;9272;356463100;с.Нижние Кайракты
9274;9272;356463300;с.Верхние Кайракты
9275;9058;356467000;Краснополянский с.о.
9276;9275;356467100;с.Красная Поляна
9277;9275;356467200;с.Бекет
9278;9275;356467300;с.Дерипсал
9279;9275;356467400;с.Карамурун
9280;9279;356467407;с.Байгара
9281;9279;356467411;с.Сулумадине
9282;9058;356469000;с.о. Карима Мынбаева
9283;9282;356469100;с.Кызылтау
9284;9283;356469102;зимовка Аксоран
9285;9283;356469104;зимовка Едиге
9286;9283;356469106;зимовка Комсомольское
9287;9283;356469107;зимовка Караматак
9288;9283;356469108;зимовка Казансынган
9289;9283;356469109;зимовка Кызылтас
9290;9283;356469111;зимовка Сарыматак
9291;9283;356469112;Отделение 1
9292;9283;356469113;зимовка Дальный
9293;9283;356469114;зимовка Завод
9294;9283;356469115;зимовка Жылкыбай
9295;9283;356469116;зимовка Караунгир
9296;9283;356469117;зимовка Кожажал
9297;9283;356469118;зимовка Коныртобе
9298;9283;356469119;зимовка Отделение 2
9299;9283;356469121;зимовка Студент
9300;9283;356469122;зимовка Тырнакты
9301;9283;356469123;зимовка Шолак-Еспе
9302;9058;356471000;Мойынтынская п.а.
9303;9302;356471100;п.Мойынты
9304;9303;356471103;зимовка Кос-кудук
9305;9303;356471104;зимовка Коян-Ак
9306;9303;356471105;рзд.Сары-кум
9307;9303;356471106;зимовка Тас-кудук
9308;9302;356471200;с.Акбулак
9309;9308;356471202;зимовка Аксай
9310;9308;356471209;зимовка Жыланды
9311;9058;356473000;Нураталдинский с.о.
9312;9311;356473100;с.Кошкарбай
9313;9312;356473102;Молзавод
9314;9312;356473103;зимовка Толегенбаз
9315;9311;356473200;с.Аккияк
9316;9311;356473300;с.Аксу
9317;9316;356473307;зимовка Тесиктас
9318;9311;356473400;с.Кызылкой
9319;9318;356473405;зимовка Бабан
9320;9311;356473500;с.Шопа
9321;9058;356475000;Ортауский с.о.
9322;9321;356475100;с.Ортау
9323;9322;356475102;зимовка Аксай
9324;9322;356475103;зимовка Аманбай
9325;9322;356475104;зимовка Кара оба
9326;9322;356475105;зимовка Кооператив
9327;9322;356475106;зимовка Аккезен
9328;9322;356475107;зимовка Даулетбек
9329;9322;356475108;зимовка Оспан
9330;9322;356475109;зимовка Рахимбек
9331;9321;356475200;с.Босага
9332;9331;356475202;зимовка Бирназар
9333;9331;356475203;зимовка Ержан
9334;9331;356475204;зимовка Досал
9335;9331;356475206;зимовка Копыроба
9336;9331;356475207;зимовка Тазоба
9337;9321;356475400;с.Сарыбулак
9338;9337;356475402;зимовка Кантарбай
9339;9337;356475403;зимовка Каргабай
9340;9337;356475404;зимовка Койтас
9341;9337;356475405;зимовка Курманапа
9342;9337;356475406;зимовка Сарыжал
9343;9337;356475407;с.Жартас
9344;9337;356475408;зимовка Алабас малая
9345;9337;356475409;зимовка Мечеть
9346;9337;356475411;зимовка Узынжол
9347;9337;356475412;зимовка Шаппан кажы
9348;9058;356477000;Успенский с.о.
9349;9348;356477100;с.Успенское
9350;9348;356477200;с.Айгыржал
9351;9348;356477300;ст.Айса
9352;9348;356477400;с.Еркиндык
9353;9058;356479000;Акойский с.о.
9354;9353;356479100;с.Акой
9355;9354;356479102;зимовка Аксу
9356;9354;356479103;зимовка Байшегир
9357;9058;356481000;Кийктинский с.о.
9358;9357;356481100;с.Кийкти
9359;9358;356481102;с.Аркарлы
9360;9358;356481104;с.Акшагыл
9361;9058;356483000;Тагылинский с.о.
9362;9361;356483100;с.Жумыскер
9363;9362;356483102;зимовка Акмаганбет
9364;9362;356483103;зимовка Ескібидайик
9365;9362;356483104;зимовка Жанабидайик
9366;9362;356483108;зимовка Караоба
9367;9362;356483109;зимовка Кулак
9368;9362;356483111;зимовка Мынкауга
9369;9362;356483112;зимовка Сельтей
9370;9362;356483113;зимовка Шетшокы
9371;9362;356483114;зимовка Караганды
9372;9361;356483200;с.Койтас
9373;9372;356483202;с.Карасаз
9374;9372;356483203;с.Костам
9375;9361;356483300;с.Кызылту
9376;9375;356483302;зимовка Аякала
9377;9058;356487000;Шетский с.о.
9378;9377;356487100;с.Унрек
9379;9378;356487102;кр.хоз Акбереке
9380;9378;356487103;кр.хоз Береке
9381;9377;356487200;с.Карамыс
9382;9377;356487300;с.Куттыбай
9383;9377;356487400;с.Тумсык
9384;0;390000000;Костанайская область
9385;9384;391000000;Костанай Г.А.
9386;9385;391010000;г.Костанай
9387;9384;391600000;Аркалык Г.А.
9388;9387;391610000;г.Аркалык
9389;9387;391639000;Ангарский с.о.
9390;9389;391639100;с.Ангарское
9391;9387;391643000;Ашутастинский с.о.
9392;9391;391643100;с.Ашутасты
9393;9391;391643200;с.Аккошкар
9394;9393;391643203;с.Айтбеке
9395;9393;391643205;с.Жаксыбай
9396;9393;391643206;с.Карасай
9397;9393;391643208;с.Оспан
9398;9387;391645000;Восточный с.о.
9399;9398;391645100;с.Восточное
9400;9387;391646000;Екидинская с.а.
9401;9400;391646100;с.Екидин
9402;9401;391646114;с.Байдильда
9403;9401;391646115;с.Жуман
9404;9401;391646117;с.Саугабай
9405;9401;391646118;с.Шотаяк
9406;9401;391646121;с.Кабыл
9407;9401;391646122;с.Кокей
9408;9401;391646123;с.Рыскелды
9409;9401;391646124;с.Маятас
9410;9387;391647000;Жалгызталский с.о.
9411;9410;391647100;с.Жалгызтал
9412;9387;391648000;Жанакалинский с.о.
9413;9412;391648100;с.Әбдіғаппар хан
9414;9413;391648102;с.Абиш
9415;9413;391648105;с.Бектас
9416;9413;391648109;с.Казыбек
9417;9413;391648112;с.Кылышбай
9418;9413;391648116;с.Токкожа
9419;9413;391648118;с.Шалтай
9420;9387;391649000;Коктауский с.о.
9421;9420;391649100;с.Коктау
9422;9387;391653000;Кайындинский с.о.
9423;9422;391653100;с.Кайынды
9424;9423;391653104;уч.Боксы
9425;9422;391653200;с.Кызылжулдуз
9426;9425;391653205;уч.Кога
9427;9422;391653300;с.Алуа
9428;9387;391659000;Молодежный с.о.
9429;9428;391659100;с.Молодежное
9430;9428;391659200;с.Матросово
9431;9387;391661000;Родининский с.о.
9432;9431;391661100;с.Родина
9433;9432;391661103;с.Айдар
9434;9431;391661200;с.Мирное
9435;9387;391663000;Уштобинский с.о.
9436;9435;391663100;с.Уштобе
9437;9387;391665000;Фурмановский с.о.
9438;9437;391665100;с.Фурманово
9439;9387;391667000;Целинная с.а.
9440;9439;391667100;с.Целинное
9441;9384;392000000;Лисаковск Г.А.
9442;9441;392010000;г.Лисаковск
9443;9441;392035000;Октябрьская п.а.
9444;9443;392035100;п.Октябрьский
9445;9384;392400000;Рудный Г.А.
9446;9445;392410000;г.Рудный
9447;9445;392433000;Горняцкая п.а.
9448;9447;392433100;п.Горняцкий
9449;9447;392433200;с.Перцевка
9450;9445;392435000;Качарская п.а.
9451;9450;392435100;п.Качар
9452;9384;393200000;Алтынсаринский район
9453;9452;393230000;Убаганский с.о.
9454;9453;393230100;с.Убаганское
9455;9453;393230200;с.Силантьевка
9456;9453;393230300;с.Бирюковка
9457;9453;393230400;с.Зуевка
9458;9453;393230500;с.Малая Чураковка
9459;9452;393235000;Большечураковский с.о.
9460;9459;393235100;с.Большая Чураковка
9461;9459;393235200;с.Новониколаевка
9462;9459;393235300;с.Осиповка
9463;9459;393235400;с.Приозерное
9464;9459;393235500;с.Кубековка
9465;9452;393237000;Димитровский с.о.
9466;9465;393237100;с.Танабаевское
9467;9465;393237200;с.Воробьевское
9468;9452;393241000;с.о.Красный Кордон
9469;9468;393241100;с.Красный Кордон
9470;9452;393243000;с.о.им.Ильяса Омарова
9471;9470;393243100;с.им.Ильяса Омарова
9472;9471;393243105;с.Степное
9473;9470;393243200;с.Жанасу
9474;9470;393243300;с.Докучаевка
9475;9470;393243400;с.Шокай
9476;9452;393245000;с.о.имени Омара Шипина
9477;9476;393245100;с.Первомайское
9478;9476;393245300;с.Темир Казык
9479;9478;393245302;с.Кызылагаш
9480;9452;393247000;Новоалексеевская с.а.
9481;9480;393247100;с.Новоалексеевка
9482;9481;393247101;с.Анновка
9483;9452;393255000;Свердловский с.о.
9484;9483;393255100;с.Свердловка
9485;9452;393259000;с.о.имени Мариям Хәкімжановой
9486;9485;393259100;с.Щербаково
9487;9485;393259200;с.Басбек
9488;9485;393259300;с.Сатай
9489;9485;393259400;с.Коскудук
9490;9384;393400000;Амангельдинский район
9491;9490;393430000;Амангельдинский с.о.
9492;9491;393430100;с.Амангельды
9493;9491;393430200;с.Аккиси
9494;9491;393430300;с.Есир
9495;9494;393430305;с.Мукур
9496;9491;393430400;с.Кемер
9497;9491;393430500;с.Когалыколь
9498;9490;393433000;Аксайский с.о.
9499;9498;393433100;с.Аксай
9500;9490;393437000;Амантогайский с.о.
9501;9500;393437100;с.Амантогай
9502;9501;393437104;с.Макат
9503;9501;393437105;с.Каражар
9504;9500;393437280;с.Жалдама
9505;9500;393437500;с.Каракудук
9506;9500;393437700;с.Шакпак
9507;9506;393437703;с.Аксуат
9508;9506;393437704;с.Балгабай
9509;9506;393437705;с.Бесбай
9510;9506;393437706;с.Тобе
9511;9490;393443000;Байгабылский с.о.
9512;9511;393443100;с.Байгабыл
9513;9512;393443104;с.Смаил
9514;9512;393443105;с.Алембай
9515;9512;393443106;с.Кокпектиколь
9516;9511;393443200;с.Жанатурмыс
9517;9516;393443203;с.Катон
9518;9516;393443204;с.Мыкантубек
9519;9516;393443205;с.Таскора
9520;9516;393443206;с.Шитубек
9521;9511;393443300;с.Жетибай
9522;9521;393443302;с.Айткул
9523;9521;393443303;с.Байдос
9524;9521;393443304;станция
9525;9490;393453000;Кабыргинский с.о.
9526;9525;393453100;с.Кабырга
9527;9526;393453102;с.Алаколь
9528;9525;393453400;с.Жанатай
9529;9490;393459000;Карасуский с.о.
9530;9529;393459100;с.Карасу
9531;9530;393459103;Маш.двор
9532;9530;393459180;с.им.Абу Сыздыкова
9533;9529;393459200;с.Агайдар
9534;9533;393459202;с.Аккорга
9535;9533;393459203;с.Жасбуын
9536;9533;393459204;с.Катон
9537;9529;393459400;с.Есенбаев
9538;9537;393459402;с.Айкожа
9539;9490;393461000;Кумкешуский с.о.
9540;9539;393461100;с.Кумкешу
9541;9540;393461104;с.Кустобе
9542;9539;393461200;с.Айтбай
9543;9490;393465000;Урпекский с.о.
9544;9543;393465100;с.Урпек
9545;9543;393465200;с.Агаштыколь
9546;9545;393465202;с.Байдаулет 1
9547;9543;393465300;с.Карашатобе
9548;9543;393465400;с.Косжан
9549;9548;393465403;с.Комсомол
9550;9548;393465404;с.Кызылтас
9551;9490;393475000;Тастинский с.о.
9552;9551;393475100;с.Тасты
9553;9551;393475200;с.Горняк
9554;9551;393475300;с.Карынсалды
9555;9490;393477000;Уштогайский с.о.
9556;9555;393477100;с.Уштогай
9557;9555;393477200;с.Степняк
9558;9384;393600000;Аулиекольский район
9559;9558;393630000;Аулиекольский с.о.
9560;9559;393630100;с.Аулиеколь
9561;9558;393631000;Аманкарагайский с.о.
9562;9561;393631100;с.Аманкарагай
9563;9562;393631105;с.Жилгородок
9564;9561;393631300;с.Лесное
9565;9564;393631307;с.Тургайский пролив
9566;9561;393631400;с.Озерное
9567;9558;393633000;Кушмурун п.а.
9568;9567;393633100;п.Кушмурун
9569;9568;393633105;с.Кирова
9570;9568;393633107;с.Речное
9571;9558;393635000;Диевский с.о.
9572;9571;393635100;с.Диевка
9573;9571;393635200;с.Косколь
9574;9571;393635300;с.Ушкарасу
9575;9571;393635400;с.Косагал
9576;9571;393635500;с.К.Тургумбаева
9577;9558;393637000;Казанбасский с.о.
9578;9577;393637100;с.Октябрьское
9579;9577;393637200;с.Баганалы
9580;9577;393637300;с.Дангербай
9581;9577;393637400;с.Казанбасы
9582;9577;393637500;с.Каракалпак
9583;9558;393641000;Москалевский с.о.
9584;9583;393641100;с.Москалевка
9585;9584;393641102;Сторож дома отдыха
9586;9583;393641300;с.Жалтырколь
9587;9558;393643000;Новонежинский с.о.
9588;9587;393643100;с.Новонежинка
9589;9587;393643200;с.Калинин
9590;9589;393643205;с.Миалы
9591;9589;393643280;с.Жосалы
9592;9558;393645000;Новоселовский с.о.
9593;9592;393645100;с.Новоселовка
9594;9592;393645200;с.Аккудук
9595;9592;393645300;с.Кургуус
9596;9592;393645400;с.Сосновка
9597;9558;393647000;Сулыкольский с.о.
9598;9597;393647100;с.Юльевка
9599;9597;393647200;с.Федосеевка
9600;9597;393647300;с.Чили
9601;9558;393649000;с.а.Тимофеевка
9602;9601;393649100;с.Тимофеевка
9603;9602;393649103;с.Булаксор
9604;9558;393651000;Черниговский с.о.
9605;9604;393651100;с.Черниговка
9606;9605;393651104;с.Жаргатыз
9607;9604;393651300;с.Дузбай
9608;9604;393651400;с.Харьковка
9609;9558;393653000;Первомайская с.а.
9610;9609;393653100;с.Первомайское
9611;9558;393656000;с.а.Коктал
9612;9611;393656100;с.Коктал
9613;9612;393656105;с.Карагансай
9614;9612;393656109;с.Шагала
9615;9384;394000000;Денисовский район
9616;9615;394030000;Денисовский с.о.
9617;9616;394030100;с.Денисовка
9618;9617;394030102;с.Калиновка
9619;9617;394030103;с.Целинное
9620;9616;394030200;с.Некрасовка
9621;9616;394030300;с.Гришенка
9622;9615;394033000;Архангельский с.о.
9623;9622;394033100;с.Жалтырколь
9624;9622;394033200;с.Архангельское
9625;9615;394035000;Аршалинский с.о.
9626;9625;394035100;с.Аршалы
9627;9626;394035101;с.Алаколь
9628;9625;394035300;с.Георгиевка
9629;9625;394035400;с.Набережное
9630;9625;394035500;с.Комаровка
9631;9630;394035502;с.Первомайское
9632;9615;394037000;Аятский с.о.
9633;9632;394037100;с.Аятское
9634;9633;394037103;с.Аксу
9635;9633;394037106;с.Синегорск
9636;9633;394037107;с.Тастыколь
9637;9632;394037300;с.Зааятское
9638;9637;394037303;с.Караоба
9639;9615;394045000;Красноармейский с.о.
9640;9639;394045100;с.Фрунзенское
9641;9639;394045200;с.Кочержиновка
9642;9639;394045300;с.Красноармейское
9643;9642;394045303;с.Тавриченка
9644;9615;394047000;с.а.Крымское
9645;9644;394047100;с.Крымское
9646;9615;394055000;с.о.Перелески
9647;9646;394055100;с.Перелески
9648;9615;394057000;Покровский с.о.
9649;9648;394057100;с.Покровка
9650;9648;394057200;с.Досовка
9651;9615;394059000;Приреченский с.о.
9652;9651;394059100;с.Приреченка
9653;9651;394059200;с.Окраинка
9654;9615;394063000;Свердловский с.о.
9655;9654;394063100;с.Свердловка
9656;9654;394063300;с.Подгорное
9657;9654;394063400;с.Приречное
9658;9615;394065000;Тельманский с.о.
9659;9658;394065100;с.Антоновка
9660;9659;394065103;с.Чебендовка
9661;9659;394065104;с.Шункырколь
9662;9658;394065200;с.Алчановка
9663;9615;394067000;Глебовская с.а.
9664;9663;394067100;с.Глебовка
9665;9664;394067102;с.Шукубай
9666;9384;394200000;Жангельдинский район
9667;9666;394230000;Торгайский с.о.
9668;9667;394230100;с.Торгай
9669;9666;394233000;Аккольская с.а.
9670;9669;394233100;с.Акколь
9671;9666;394237000;Акшиганакский с.о.
9672;9671;394237100;с.Акшиганак
9673;9672;394237105;с.Акмедия
9674;9672;394237106;с.Казасалган
9675;9672;394237107;с.Байкуат
9676;9672;394237108;с.Олжа
9677;9671;394237500;с.Туйемойнак
9678;9677;394237502;с.Айтуган
9679;9666;394239000;Албарбогетский с.о.
9680;9679;394239100;с.Кокалат
9681;9679;394239500;с.Колкамыс
9682;9681;394239502;с.Аксуат
9683;9666;394243000;Шегенская с.а.
9684;9683;394243100;с.Шеген
9685;9684;394243102;с.Каргалы
9686;9684;394243103;с.Аккорга
9687;9684;394243104;с.Жынгылды
9688;9684;394243105;с.Кумколь
9689;9666;394247000;Аралбайская с.а.
9690;9689;394247100;с.Аралбай
9691;9690;394247102;с.Алаконыз
9692;9690;394247108;с.Босага
9693;9690;394247111;с.Каратугай
9694;9690;394247114;с.Талдыколь
9695;9690;394247115;с.Шуакбай
9696;9690;394247121;с.Куат
9697;9666;394249000;Жаркольский с.о.
9698;9697;394249100;с.Тауыш
9699;9698;394249102;с.Борлы
9700;9697;394249200;с.Сарысу
9701;9700;394249202;с.Абилда
9702;9700;394249203;с.Алкасор
9703;9697;394249300;с.Тентексай
9704;9703;394249304;с.Естек
9705;9697;394249400;с.Токанай
9706;9705;394249405;с.Шынтемир
9707;9666;394253000;Каламкарасуский с.о.
9708;9707;394253100;с.Каламкарасу
9709;9708;394253105;с.Олмес
9710;9708;394253106;с.Шукыркопа
9711;9707;394253300;с.Шубалан
9712;9666;394255000;с.а.Ахмета Байтұрсынұлы
9713;9712;394255100;с.Ахмета Байтұрсынұлы
9714;9666;394259000;Кызбельский с.о.
9715;9714;394259100;с.Сага
9716;9714;394259300;с.Ошаганды
9717;9716;394259307;с.Кумшик
9718;9716;394259308;с.Шолаккарасу
9719;9714;394259400;с.Узынкарасу
9720;9719;394259403;с.Ток
9721;9714;394259600;с.Бидайык
9722;9666;394263000;Сужарганская с.а.
9723;9722;394263100;с.Сужарган
9724;9723;394263105;с.Байтемир
9725;9666;394265000;Шилинский с.о.
9726;9725;394265100;с.Шили
9727;9725;394265200;с.Милисай
9728;9384;394400000;Житикаринский район
9729;9728;394420100;г.Житикара
9730;9728;394431000;Пригородная с.а.
9731;9730;394431100;с.Пригородное
9732;9728;394435000;Большевистский с.о.
9733;9732;394435100;с.Тургеновка
9734;9732;394435300;с.Кусакан
9735;9732;394435400;с.Хозрет
9736;9732;394435500;с.Тасыбай
9737;9732;394435600;с.Шевченковка
9738;9728;394443000;Забеловский с.о.
9739;9738;394443100;с.Забеловка
9740;9728;394445000;Милютинский с.о.
9741;9740;394445100;с.Милютинка
9742;9728;394447000;Муктикольский с.о.
9743;9742;394447100;с.Муктиколь
9744;9743;394447102;с.Жалтырколь
9745;9743;394447103;с.Кондыбай
9746;9742;394447300;с.Волгоградское
9747;9728;394452000;Приречный с.о.
9748;9747;394452100;с.Приречное
9749;9728;394455000;Степной с.о.
9750;9749;394455100;с.Степное
9751;9749;394455200;с.Аккарга
9752;9728;394457000;Тохтаровский с.о.
9753;9752;394457100;с.Тохтарово
9754;9752;394457300;с.Львовка
9755;9728;394459000;Чайковская с.а.
9756;9755;394459100;с.Чайковское
9757;9728;394465000;Ырсайский с.о.
9758;9757;394465100;с.Ырсай
9759;9384;394800000;Камыстинский район
9760;9759;394830000;Камыстинский с.о.
9761;9760;394830100;с.Камысты
9762;9760;394830200;с.Мечетное
9763;9760;394830300;с.Ливановка
9764;9760;394830500;с.Фрунзе
9765;9764;394830502;с.Богдановка
9766;9759;394831000;Адаевский с.о.
9767;9766;394831100;с.Адаевка
9768;9767;394831105;с.Целинное
9769;9766;394831300;с.Жаилма
9770;9769;394831303;с.Сахаровка
9771;9769;394831305;с.Туфановка
9772;9766;394831500;с.Пушкино
9773;9759;394833000;Алтынсаринская с.а.
9774;9773;394833100;с.Алтынсарино
9775;9774;394833106;с.Филипповка
9776;9774;394833107;с.Свободное
9777;9774;394833108;с.Попович
9778;9759;394835000;Аралкольский с.о.
9779;9778;394835100;с.Аралколь
9780;9778;394835200;с.Уркаш
9781;9780;394835203;с.Тауксор
9782;9759;394836000;Аркинский с.о.
9783;9782;394836100;с.Арка
9784;9782;394836300;с.Красногорское
9785;9759;394837000;Бестобинская с.а.
9786;9785;394837100;с.Бестобе
9787;9786;394837111;с.Оразкопа
9788;9759;394845000;Дружбинская с.а.
9789;9788;394845100;с.Дружба
9790;9759;394849000;Клочковский с.о.
9791;9790;394849100;с.Клочково
9792;9790;394849200;с.Талдыколь
9793;9759;394853000;Карабатырский с.о.
9794;9793;394853100;с.Карабатыр
9795;9384;395000000;Карабалыкский район
9796;9795;395030000;Карабалыкская п.а.
9797;9796;395030100;п.Карабалык
9798;9795;395033000;Белоглинский с.о.
9799;9798;395033100;с.Белоглинка
9800;9798;395033200;с.Научное
9801;9798;395033300;с.Святославка
9802;9795;395035000;с.а.Босколь
9803;9802;395035100;с.Босколь
9804;9795;395037000;с.а.Бурли
9805;9804;395037100;с.Бурли
9806;9795;395039000;с.а.Лесное
9807;9806;395039100;с.Лесное
9808;9807;395039102;с.Есенколь
9809;9807;395039103;с.Славянка
9810;9795;395046000;Кособинский с.о.
9811;9810;395046100;с.Славенка
9812;9811;395046102;с.Кызылту
9813;9811;395046103;Лесхоз
9814;9811;395046104;Подстанция
9815;9810;395046500;с.Кособа
9816;9815;395046502;с.Березовское
9817;9810;395046700;с.Октябрьское
9818;9817;395046704;с.Шингиль
9819;9795;395047000;Михайловский с.о.
9820;9819;395047100;с.Михайловка
9821;9819;395047200;с.Лесное
9822;9819;395047400;с.Терентьевка
9823;9795;395049000;Новотроицкий с.о.
9824;9823;395049100;с.Новотроицкое
9825;9823;395049200;с.Аккудук
9826;9823;395049600;с.Магнай
9827;9826;395049603;с.Жамбыл
9828;9826;395049605;с.Магнай
9829;9823;395049700;с.Подгородка
9830;9829;395049703;с.Каерак
9831;9795;395053000;Урнекский с.о.
9832;9831;395053100;с.Приречное
9833;9831;395053500;с.Урнек
9834;9795;395055000;Побединская с.а.
9835;9834;395055100;с.Победа
9836;9795;395059000;Смирновский с.о.
9837;9836;395059100;с.Смирновка
9838;9837;395059103;с.Приозерное
9839;9836;395059400;с.Рыбкино
9840;9795;395063000;Станционый с.о.
9841;9840;395063100;с.Станционное
9842;9841;395063103;с.Дальнее
9843;9840;395063300;с.Приуральское
9844;9840;395063400;с.Фадеевка
9845;9840;395063500;с.Шадыксаевка
9846;9795;395065000;Тогузакский с.о.
9847;9846;395065100;с.Тогузак
9848;9846;395065200;с.Веренка
9849;9846;395065300;с.Ворошиловка
9850;9846;395065400;с.Гурьяновское
9851;9846;395065500;с.Ельшанское
9852;9846;395065600;с.Котлованное
9853;9846;395065700;с.Надеждинка
9854;9846;395065800;с.Сарыколь
9855;9846;395065900;с.Целинное
9856;9384;395200000;Карасуский район
9857;9856;395230000;Карасуский с.о.
9858;9857;395230100;с.Карасу
9859;9857;395230200;с.Восток
9860;9859;395230201;с.Алыкпаш
9861;9857;395230300;с.Жумагул
9862;9857;395230500;с.Майское
9863;9857;395230700;с.Тюнтюгур
9864;9863;395230702;с.Козубай
9865;9856;395231000;Айдарлинский с.о.
9866;9865;395231100;с.Айдарлы
9867;9865;395231200;с.Дружба
9868;9865;395231300;с.Герцено
9869;9865;395231500;с.Степное
9870;9856;395241000;Жамбылский с.о.
9871;9870;395241100;с.Жамбыл
9872;9871;395241107;с.Западное
9873;9870;395241300;с.Павловское
9874;9856;395247000;Ильичевский с.о.
9875;9874;395247100;с.Комсомольское
9876;9875;395247105;с.Байганколь
9877;9874;395247300;с.Кызкеткен
9878;9874;395247400;с.Новоселовка
9879;9856;395251000;Карамырзинский с.о.
9880;9879;395251100;с.Карамырза
9881;9880;395251102;с.Суйгенсай
9882;9879;395251300;с.Кошевое
9883;9882;395251302;с.Молодежное
9884;9856;395253000;Койбагарский с.о.
9885;9884;395253100;с.Койбагар
9886;9884;395253200;с.Амангельды
9887;9886;395253202;с.Целинное
9888;9856;395255000;Люблинский с.о.
9889;9888;395255100;с.Люблинка
9890;9889;395255102;с.Носовка
9891;9888;395255300;с.Корниловка
9892;9891;395255305;с.Зареченка
9893;9888;395255500;с.Симферополь
9894;9856;395261000;Новопавловский с.о.
9895;9894;395261100;с.Новопавловка
9896;9856;395265000;Жалгысканский с.о.
9897;9896;395265100;с.Жалгыскан
9898;9856;395267000;Октябрьский с.о.
9899;9898;395267100;с.Октябрьское
9900;9898;395267200;с.Железнодорожное
9901;9900;395267203;с.Братское
9902;9898;395267400;с.Теректы
9903;9902;395267403;с.Куленсай
9904;9856;395281000;Ушаковский с.о.
9905;9904;395281100;с.Ушаково
9906;9904;395281300;с.Заря
9907;9904;395281500;с.Панфилово
9908;9856;395285000;Челгашинский с.о.
9909;9908;395285100;с.Челгаши
9910;9908;395285200;с.Жаныспай
9911;9908;395285300;с.Прогресс
9912;9908;395285400;с.Целинное
9913;9856;395287000;Черняевский с.о.
9914;9913;395287100;с.Ленино
9915;9913;395287200;с.Белозерка
9916;9913;395287300;с.Зеленовка
9917;9913;395287500;с.Маршановка
9918;9913;395287600;с.Тучковка
9919;9913;395287700;с.Черняевка
9920;9384;395400000;Костанайский район
9921;9920;395420000;Тобылская г.а.
9922;9921;395420100;г.Тобыл
9923;9920;395431000;Заречный с.о.
9924;9923;395431100;Заречное с.
9925;9923;395431200;с.Абай
9926;9923;395431300;с.Новоселовка
9927;9923;395431400;с.Осиновка
9928;9923;395431500;с.Рыспай
9929;9923;395431600;с.Талапкер
9930;9920;395433000;Александровский с.о.
9931;9930;395433100;с.Александровка
9932;9930;395433200;с.Еңбек
9933;9930;395433300;с.Жуковка
9934;9930;395433500;с.имени И.Ф.Павлова
9935;9920;395435000;Белозерский с.о.
9936;9935;395435100;с.Белозерка
9937;9935;395435200;с.Балыкты
9938;9935;395435300;с.Сергеевка
9939;9920;395439000;Владимировский с.о.
9940;9939;395439100;с.Владимировка
9941;9940;395439103;с.Янушевка
9942;9939;395439200;с.Сормовка
9943;9920;395443000;Айсаринский с.о.
9944;9943;395443100;с.Айсары
9945;9943;395443200;с.Қостомар
9946;9943;395443300;с.Степное
9947;9943;395443500;с.Половниковка
9948;9947;395443502;с.Жаксылык
9949;9920;395445000;Ждановский с.о.
9950;9949;395445100;с.Ждановка
9951;9950;395445101;с.Аккабак
9952;9949;395445400;с.Васильевка
9953;9949;395445600;с.Кировка
9954;9949;395445800;с.Семилетка
9955;9920;395447000;Майкольский с.о.
9956;9955;395447100;с.Майколь
9957;9955;395447200;с.Арман
9958;9955;395447400;с.Рязановка
9959;9955;395447500;с.Шеминовское
9960;9920;395449000;Московский с.о.
9961;9960;395449100;с.Московское
9962;9960;395449300;с.Светлый Жарколь
9963;9920;395451000;Мичуринский с.о.
9964;9963;395451100;с.Мичуринское
9965;9964;395451102;Полевой стан Госсортучастка
9966;9963;395451200;с.Алтынсарино
9967;9963;395451300;с.Садовое
9968;9920;395453000;Надеждинский с.о.
9969;9968;395453100;с.Надеждинка
9970;9968;395453200;с.Майалап
9971;9968;395453300;с.Воскресеновка
9972;9920;395455000;Озерный с.о.
9973;9972;395455100;с.Озерное
9974;9972;395455300;с.Суриковка
9975;9972;395455500;с.Шишкинское
9976;9920;395459000;Жамбылский с.о.
9977;9976;395459100;с.Жамбыл
9978;9976;395459200;с.Алтын дала
9979;9976;395459300;с.Самир
9980;9920;395463000;Садчиковский с.о.
9981;9980;395463100;с.Садчиковка
9982;9980;395463200;с.Константиновка
9983;9920;395465000;Октябрьский с.о.
9984;9983;395465100;с.Октябрьское
9985;9983;395465200;с.Лиманное
9986;9983;395465300;с.Молокановка
9987;9983;395465400;с.Нечаевка
9988;9983;395465500;с.Рыбное
9989;9983;395465600;с.Шоккарагай
9990;9920;395467000;Ульяновский с.о.
9991;9990;395467100;с.Ульяновское
9992;9991;395467105;с.Ломоносовка
9993;9990;395467200;с.Бегежан
9994;9384;395600000;Мендыкаринский район
9995;9994;395630000;Боровской с.о.
9996;9995;395630100;с.Боровской
9997;9994;395633000;Алешинский с.о.
9998;9997;395633100;с.Молодежное
9999;9997;395633200;с.Алешинка
10000;9997;395633300;с.Алкау
10001;9994;395639000;Буденновский с.о.
10002;10001;395639100;с.Буденновка
10003;10002;395639105;с.Маковка
10004;10001;395639200;с.Кызыл Ту
10005;9994;395643000;Введенский с.о.
10006;10005;395643100;с.Введенка
10007;10006;395643105;с.Каренинка
10008;10006;395643107;с.Милютинка
10009;10005;395643200;с.Загаринка
10010;9994;395647000;Краснопресненский с.о.
10011;10010;395647100;с.Красная Пресня
10012;10011;395647106;с.Целинное
10013;10010;395647200;с.Балыкты
10014;10010;395647300;с.Лоба
10015;10010;395647400;с.Молодежное
10016;9994;395649000;Каракогинский с.о.
10017;10016;395649100;с.Узынагаш
10018;10017;395649103;с.Жаркайын
10019;10016;395649200;с.Байгожа
10020;10016;395649600;с.Кульчукай
10021;10016;395649700;с.Туленгут
10022;9994;395653000;Ломоносовский с.о.
10023;10022;395653100;с.Каскат
10024;10023;395653102;с.Каражар
10025;10023;395653107;с.Лютинка
10026;10022;395653200;с.Коктерек
10027;10022;395653600;с.Шиели
10028;9994;395655000;Михайловский с.о.
10029;10028;395655100;с.Михайловка
10030;10028;395655200;с.Архиповка
10031;10028;395655300;с.Степановка
10032;10028;395655400;с.Борки
10033;10032;395655405;с.Новоборковское
10034;9994;395657000;Первомайский с.о.
10035;10034;395657100;с.Первомайское
10036;10035;395657109;с.Русское
10037;10034;395657200;с.Долбушка
10038;10034;395657300;с.Ивановка
10039;10034;395657500;с.Лесное
10040;10034;395657800;с.Чернышевка
10041;10040;395657803;с.Красносельское
10042;9994;395659000;Сосновский с.о.
10043;10042;395659100;с.Харьковское
10044;10042;395659300;с.Приозерное
10045;10042;395659400;с.Сосна
10046;10042;395659500;с.Каменскуральское
10047;10046;395659502;с.Жусалы
10048;10042;395659600;с.Аксуат
10049;9994;395663000;с.а.Тенизовское
10050;10049;395663100;с.Тенизовское
10051;10050;395663106;с.Талапкер
10052;9384;395800000;Наурзумский район
10053;10052;395830000;Карамендинский с.о.
10054;10053;395830100;с.Караменды
10055;10054;395830103;Кордон Сад
10056;10054;395830104;Кордон Сарымойын
10057;10054;395830105;с.Киевка
10058;10054;395830106;с.Новостройка
10059;10053;395830300;с.Жамбыл
10060;10059;395830302;Бригада Каракурай
10061;10052;395833000;Буревестнинская с.а.
10062;10061;395833100;с.Буревестник
10063;10062;395833101;с.Акбулак
10064;10052;395837000;Дамдинский с.о.
10065;10064;395837100;с.Дамды
10066;10065;395837107;с.Каракудук
10067;10064;395837200;с.Мереке
10068;10064;395837300;с.Кайга
10069;10052;395847000;Кожинская с.а.
10070;10069;395847100;с.Кожа
10071;10070;395847105;с.Наурзум
10072;10070;395847107;с.Октябрь
10073;10070;395847109;с.Сарышиганак
10074;10052;395849000;Улендинская с.а.
10075;10074;395849100;с.Уленды
10076;10075;395849103;Маш.двор
10077;10075;395849107;с.Каракудук
10078;10075;395849108;Бригада 3
10079;10075;395849109;с.Урожайное
10080;10075;395849111;Бригада 1
10081;10075;395849112;с.Шолаккопа
10082;10052;395851000;Раздольный с.о.
10083;10082;395851100;с.Раздольное
10084;10083;395851103;Бригада 1
10085;10083;395851104;Бригада 2
10086;10083;395851105;Бригада 3
10087;10052;395857000;Шолаксайская с.а.
10088;10087;395857100;с.Шолаксай
10089;10052;395859000;Шилинский с.о.
10090;10089;395859100;с.Шили
10091;9384;396200000;Сарыкольский район
10092;10091;396230000;Сарыкольская п.а.
10093;10092;396230100;п.Сарыколь
10094;10091;396233000;Барвиновская с.а.
10095;10094;396233100;с.Барвиновка
10096;10095;396233103;с.Новобарвиновка
10097;10091;396235000;Веселоподольский с.о.
10098;10097;396235100;с.Веселый Подол
10099;10097;396235200;с.Ананьевка
10100;10091;396237000;Златоустовская с.а.
10101;10100;396237100;с.Златоуст
10102;10101;396237103;с.Кунтимес
10103;10091;396239000;Комсомольский с.о.
10104;10103;396239100;с.Комсомольское
10105;10103;396239200;с.Косколь
10106;10103;396239300;с.Ленинское
10107;10103;396239400;с.Чапаевка
10108;10091;396247000;с.а.Большие Дубравы
10109;10108;396247100;с.Большие Дубравы
10110;10109;396247105;с.Аксу
10111;10109;396247106;с.Енбек
10112;10109;396247107;с.Ковалевка
10113;10091;396249000;с.а. Маяк
10114;10113;396249100;с.Маяк
10115;10114;396249103;с.Басагаш
10116;10091;396253000;Севастопольский с.о.
10117;10116;396253100;с.Севастополь
10118;10116;396253200;с.Дубинка
10119;10091;396255000;Сорочинский с.о.
10120;10119;396255100;с.Сорочинка
10121;10119;396255200;с.Крыловка
10122;10119;396255400;с.Островное
10123;10119;396255500;с.Новое
10124;10119;396255600;с.Караоба
10125;10091;396257000;Тагильский с.о.
10126;10125;396257100;с.Тагильское
10127;10126;396257103;с.Дудаковка
10128;10126;396257105;с.Новодудаковка
10129;10125;396257300;с.Ермаковка
10130;10125;396257500;с.Соналы
10131;10091;396259000;Тимирязевская с.а.
10132;10131;396259100;с.Тимирязевка
10133;10132;396259105;с.Павлыш Спасское
10134;10132;396259107;с.Целинное
10135;10091;396263000;с.а.Урожайное
10136;10135;396263100;с.Урожайное
10137;10136;396263102;с.Акчаколь
10138;10136;396263103;с.Анновка
10139;9384;396400000;район Беимбета Майлина
10140;10139;396430000;с.о.Әйет
10141;10140;396430100;с.Әйет
10142;10141;396430102;с.Воронежское
10143;10140;396430400;с.Оренбургское
10144;10140;396430500;с.Красносельское
10145;10144;396430502;с.Аятское
10146;10140;396430600;с.Журавлевка
10147;10140;396430700;с.Шербиновка
10148;10139;396435000;Асенкритовский с.о.
10149;10148;396435100;с.Асенкритовка
10150;10148;396435200;с.Баталы
10151;10148;396435300;с.Варваринка
10152;10148;396435400;с.Кызылжар
10153;10148;396435500;с.Николаевка
10154;10148;396435600;с.Майлин
10155;10139;396439000;Белинский с.о.
10156;10155;396439100;с.Кайындыколь
10157;10155;396439300;с.Смайловка
10158;10155;396439400;с.Максут
10159;10158;396439402;с.Достияр
10160;10139;396445000;Калининский с.о.
10161;10160;396445100;с.Береговое
10162;10160;396445300;с.Нагорное
10163;10160;396445500;с.Юбилейное
10164;10139;396453000;Майский с.о.
10165;10164;396453100;с.Майское
10166;10164;396453200;с.Приреченское
10167;10139;396455000;с.о.Байшуақ
10168;10167;396455100;с.Набережное
10169;10167;396455300;с.Байшуақ
10170;10139;396459000;Новоильинский с.о.
10171;10170;396459100;с.Новоильиновка
10172;10170;396459200;с.Аксуатское
10173;10170;396459300;с.Богородское
10174;10170;396459400;с.Валерьяновка
10175;10170;396459500;с.Козыревка
10176;10170;396459600;с.Мирное
10177;10170;396459700;с.Притобольское
10178;10170;396459800;с.Увальное
10179;10178;396459802;с.Ленинское
10180;10139;396463000;Павловский с.о.
10181;10180;396463100;с.Павловка
10182;10181;396463102;с.Барсуковка
10183;10181;396463103;с.Нелюбинка
10184;10180;396463200;с.Апановка
10185;10180;396463600;с.Евгеновка
10186;10139;396473000;Тобольская п.а.
10187;10186;396473100;п.Тобол
10188;10186;396473200;с.Приозерное
10189;9384;396600000;Узункольский район
10190;10189;396630000;Узункольский с.о.
10191;10190;396630100;с.Узунколь
10192;10190;396630300;с.Есмырза
10193;10190;396630400;с.Павловка
10194;10193;396630403;с.Вершковое
10195;10189;396633000;Бауманская с.а.
10196;10195;396633100;с.Бауманское
10197;10196;396633103;с.Королевка
10198;10189;396635000;Ершовский с.о.
10199;10198;396635100;с.Ершовка
10200;10199;396635102;Лесхоз
10201;10198;396635200;с.Отынагаш
10202;10198;396635300;с.Абай
10203;10198;396635500;с.Миролюбовка
10204;10203;396635503;с.Долинка
10205;10203;396635504;с.Косколь
10206;10189;396641000;Кировский с.о.
10207;10206;396641100;с.Кировское
10208;10206;396641200;с.Иваноровное
10209;10206;396641300;с.Ксеньевка
10210;10206;396641400;с.Моховое
10211;10189;396647000;Новопокровский с.о.
10212;10211;396647100;с.Новопокровка
10213;10212;396647103;с.Нововасильевка
10214;10211;396647200;с.Воскресеновка
10215;10214;396647203;с.Уйкескен
10216;10211;396647300;с.Варваровка
10217;10216;396647303;с.Каратал
10218;10189;396651000;Пресногорьковский с.о.
10219;10218;396651100;с.Пресногорьковка
10220;10218;396651200;с.Волна
10221;10220;396651203;с.Гренадерка
10222;10218;396651400;с.Крутоярка
10223;10222;396651403;с.Октябрьское
10224;10218;396651500;с.Белоглинка
10225;10224;396651503;с.Починовка
10226;10224;396651505;с.Комендантское
10227;10218;396651700;с.Первомайка
10228;10218;396651800;с.Песчанка
10229;10218;396651900;с.Красный Борок
10230;10229;396651903;с.Борки
10231;10229;396651905;с.Камышловка
10232;10189;396653000;с.о.Обаған
10233;10232;396653100;с.Тайсойган
10234;10233;396653103;с.Березово
10235;10232;396653300;с.Убаган
10236;10189;396655000;Ряжский с.о.
10237;10236;396655100;с.Ряжское
10238;10236;396655200;с.Речное
10239;10238;396655202;с.Амречье
10240;10238;396655203;с.Каратомар
10241;10238;396655205;с.Огузбалык
10242;10189;396657000;с.а.Сатай
10243;10242;396657100;с.Сатай
10244;10243;396657103;с.Казанка
10245;10243;396657105;с.Пилкино
10246;10189;396659000;Троебратский с.о.
10247;10246;396659100;с.Троебратский
10248;10189;396663000;Федоровский с.о.
10249;10248;396663100;с.Федоровка
10250;10248;396663200;с.Укаткан
10251;10248;396663300;с.Сокол
10252;10251;396663303;с.Карла Маркса
10253;10248;396663500;с.Сибирка
10254;9384;396800000;Федоровский район
10255;10254;396830000;Федоровский с.о.
10256;10255;396830100;с.Федоровка
10257;10255;396830200;с.Александрополь
10258;10255;396830400;с.Владыкинка
10259;10258;396830405;с.Целинное
10260;10255;396830500;с.Затышенка
10261;10255;396830600;с.Копыченка
10262;10255;396830700;с.Жарколь
10263;10255;396830800;с.Приозерное
10264;10254;396835000;Банновский с.о.
10265;10264;396835100;с.Банновка
10266;10264;396835200;с.Каракопа
10267;10264;396835300;с.Цабелевка
10268;10264;396835400;с.Чеховка
10269;10254;396837000;Вишневый с.о.
10270;10269;396837100;с.Вишневое
10271;10269;396837200;с.Балыкты
10272;10269;396837300;с.Белояровка
10273;10269;396837500;с.Усаковка
10274;10254;396839000;Воронежский с.о.
10275;10274;396839100;с.Придорожное
10276;10274;396839300;с.Лысановка
10277;10274;396839400;с.Успеновка
10278;10254;396845000;Камышинский с.о.
10279;10278;396845100;с.Чистый Чандак
10280;10278;396845200;с.Алабутала
10281;10278;396845300;с.Дорожное
10282;10278;396845400;с.Камышный Чандак
10283;10278;396845700;с.Мирное
10284;10254;396847000;Костряковский с.о.
10285;10284;396847100;с.Костряковка
10286;10284;396847200;с.Волковка
10287;10284;396847400;с.Запасное
10288;10287;396847405;с.Новоукраинка
10289;10284;396847600;с.Курское
10290;10289;396847605;с.Ивангородское
10291;10289;396847607;с.Грачевка
10292;10254;396849000;Коржинкольский с.о.
10293;10292;396849100;с.Лесное
10294;10293;396849105;с.Костычевка
10295;10292;396849200;с.Березовка
10296;10292;396849300;с.Малороссийка
10297;10292;396849400;с.Дубровка
10298;10254;396851000;Косаралский с.о.
10299;10298;396851100;с.Кенарал
10300;10299;396851107;с.Турагаш
10301;10298;396851200;с.Жыланды
10302;10254;396853000;Ленинский с.о.
10303;10302;396853100;с.Ленино
10304;10302;396853300;с.Жанакой
10305;10302;396853400;с.Заозерное
10306;10254;396855000;Новошумная с.а.
10307;10306;396855100;с.Новошумное
10308;10307;396855105;с.Старошумное
10309;10307;396855107;с.Тогузак
10310;10254;396857000;Первомайский с.о.
10311;10310;396857100;с.Первомайское
10312;10311;396857105;с.Дружба
10313;10310;396857400;с.Трактовое
10314;10254;396859000;Пешковский с.о.
10315;10314;396859100;с.Пешковка
10316;10314;396859200;с.Большое
10317;10314;396859400;с.Калиновка
10318;10314;396859500;с.Кравцово
10319;10314;396859700;с.Полтавка
10320;0;430000000;Кызылординская область
10321;10320;431000000;Кызылорда Г.А.
10322;10321;431010000;г.Кызылорда
10323;10321;431033000;Акжарминский с.о.
10324;10323;431033100;с.Баймурат
10325;10323;431033400;с.Талдыарал
10326;10321;431035000;Аксуатский с.о.
10327;10326;431035100;с.Ж.Маханбетова
10328;10321;431037000;Белкольская п.а.
10329;10328;431037100;п.Белколь
10330;10328;431037200;с.Бирказан
10331;10321;431039000;Косшынырауский с.о.
10332;10331;431039100;с.Абай
10333;10331;431039200;с.Досан
10334;10321;431041000;Караултобинский с.о.
10335;10334;431041100;с.Караултобе
10336;10321;431043000;Кызылжарминский с.о.
10337;10336;431043100;с.Кызылжарма
10338;10321;431045000;Кызылозекский с.о.
10339;10338;431045100;с.Караозек
10340;10338;431045200;с.Айнаколь
10341;10338;431045300;ст.Караозек
10342;10321;431046000;Талсуатский с.о.
10343;10342;431046100;с.Талсуат
10344;10321;431047000;Тасбугетская п.а.
10345;10344;431047100;п.Тасбугет
10346;10344;431047200;с.Ирколь
10347;10320;431900000;Байконыр Г.А.
10348;10347;431910000;г.Байконыр
10349;10320;433200000;Аральский район
10350;10349;433220000;Аральская г.а.
10351;10350;433220100;г.Аральск
10352;10349;433231000;Акирекский с.о.
10353;10352;433231100;с.Акбай
10354;10349;433232000;Атаншинский с.о.
10355;10354;433232100;с.Жинишкекум
10356;10349;433233000;Аманоткельский с.о.
10357;10356;433233100;с.Аманоткель
10358;10356;433233300;с.Аккулак
10359;10356;433233400;с.Акшатау
10360;10356;433233700;с.Хан
10361;10349;433234000;Аралкумский с.о.
10362;10361;433234100;ст.Аралкум
10363;10361;433234400;с.Мойнак
10364;10361;433234700;ст.Шомиш
10365;10349;433235000;Богенский с.о.
10366;10365;433235100;с.Боген
10367;10365;433235300;с.Карашалан
10368;10349;433236000;Жанакурылысский с.о.
10369;10368;433236100;с.Жанакурылыс
10370;10349;433237000;Жаксыкылышский с.о.
10371;10370;433237100;п.Жаксыкылыш
10372;10349;433238000;Бекбауылский с.о.
10373;10372;433238100;ст.Бекбауыл
10374;10372;433238500;с.Кумбазар
10375;10372;433238700;рзд.93 Укулисай
10376;10349;433239000;Камыстыбасский с.о.
10377;10376;433239100;ст.Камыстыбас
10378;10376;433239880;рзд.92
10379;10349;433241000;Жинишкекумский с.о.
10380;10379;433241100;с.Токабай
10381;10349;433242000;с.о. Жетес би
10382;10381;433242100;с.Раим
10383;10381;433242500;с.Ескиура
10384;10349;433243000;Каракумский с.о.
10385;10384;433243100;с.Абай
10386;10384;433243300;с.Еримбетжага
10387;10349;433244000;Беларанский с.о.
10388;10387;433244100;с.Куланды
10389;10349;433245000;Каратеренский с.о.
10390;10389;433245100;с.Каратерен
10391;10389;433245300;с.Жанаконыс
10392;10389;433245400;с.Тастак
10393;10349;433246000;Косаманский с.о.
10394;10393;433246100;с.Косаман
10395;10393;433246200;с.Акеспе
10396;10349;433247000;Куландинский с.о.
10397;10396;433247100;с.Акбасты
10398;10349;433248000;Косжарский с.о.
10399;10398;433248100;с.Косжар
10400;10349;433249000;Мергенсайский с.о.
10401;10400;433249100;с.Жаланаш
10402;10400;433249200;с.Тастубек
10403;10349;433253000;с.о.Аккум
10404;10403;433253100;с.Шижага
10405;10349;433255000;Раимский с.о.
10406;10405;433255100;с.Кызылжар
10407;10405;433255600;с.Шомишколь
10408;10349;433256000;Саздинский с.о.
10409;10408;433256100;с.Сазды
10410;10349;433257000;Саксаульский с.о.
10411;10410;433257100;п.Саксаульск
10412;10410;433257400;ст.Конту
10413;10410;433257600;рзд.82 Курылык
10414;10413;433257680;рзд.83 Тербенбес
10415;10410;433257700;рзд.84 Кумсагиз
10416;10410;433257800;рзд.85 Сарышыганак
10417;10410;433257900;рзд.86 Жалгызагаш
10418;10349;433259000;Сапакский с.о.
10419;10418;433259100;ст.Сапак
10420;10418;433259300;рзд.87 Алтыкудык
10421;10418;433259500;с.Коктем
10422;10418;433259700;рзд.88 Тасбогет
10423;10320;433600000;Жалагашский район
10424;10423;433630000;Жалагашский с.о.
10425;10424;433630100;п.Жалагаш
10426;10423;433633000;Аккумский с.о.
10427;10426;433633100;с.Аккум
10428;10423;433635000;Аккырский с.о.
10429;10428;433635100;с.Аккыр
10430;10423;433636000;Аксуский с.о.
10431;10430;433636100;с.Аксу
10432;10423;433637000;Аламесекский с.о.
10433;10432;433637100;с.Есет Батыр
10434;10423;433639000;им.Бухарбай батыра с.о.
10435;10434;433639100;с.им.Бухарбай батыра
10436;10423;433643000;Енбекский с.о.
10437;10436;433643100;с.Енбек
10438;10423;433644000;Жанадарьинский с.о.
10439;10438;433644100;с.Жанадарья
10440;10423;433645000;Каракеткенский с.о.
10441;10440;433645100;с.Каракеткен
10442;10440;433645300;с.Далдабай
10443;10423;433646000;Жанаталапский с.о.
10444;10443;433646100;с.Жанаталап
10445;10423;433647000;Макпалкольский с.о.
10446;10445;433647100;с.Темірбек Жүргенов
10447;10423;433649000;Мадениетский с.о.
10448;10447;433649100;с.Мадениет
10449;10423;433651000;с.о.Мырзабай ахуна
10450;10449;433651100;с.Мырзабай ахуна
10451;10423;433653000;Танский с.о.
10452;10451;433653100;с.Тан
10453;10451;433653200;с.Жанаконыс
10454;10423;433655000;Шаменова с.о
10455;10454;433655100;с.Шаменов
10456;10320;434000000;Жанакорганский район
10457;10456;434030000;Жанакорганский с.о.
10458;10457;434030100;п.Жанакорган
10459;10456;434031000;с.о.им.Машбека Налибаева
10460;10459;434031100;с.Акжол
10461;10456;434033000;Аккорганский с.о.
10462;10461;434033100;с.Тугискен
10463;10456;434035000;Аккуикский с.о.
10464;10463;434035100;с.Бирлик
10465;10456;434037000;Байкенженский с.о.
10466;10465;434037100;с.Байкенже
10467;10465;434037200;с.Билибай
10468;10456;434039000;с.о. Жаманбай батыр
10469;10468;434039100;с.Бесарык
10470;10468;434039400;с.Кенес
10471;10456;434040000;Екпиндинский с.о.
10472;10471;434040100;с.Екпинди
10473;10456;434041000;Жайылминский с.о.
10474;10473;434041100;с.Жайылма
10475;10456;434042000;Жанарыкский с.о.
10476;10475;434042100;с.Жанарык
10477;10456;434043000;Кейденский с.о.
10478;10477;434043100;с.Кейден
10479;10477;434043200;с.Аккум
10480;10456;434045000;Келинтобинский с.о.
10481;10480;434045100;с.Келинтобе
10482;10456;434046000;Коктобинский с.о.
10483;10482;434046100;с.Коктобе
10484;10456;434047000;Кандозский с.о.
10485;10484;434047100;с.Кандоз
10486;10484;434047300;с.Калгансыр
10487;10484;434047400;с.Кашканколь
10488;10456;434049000;Каратобинский с.о.
10489;10488;434049100;с.Баспакколь
10490;10456;434051000;Кожамбердинский с.о.
10491;10490;434051100;с.Кожамберди
10492;10456;434053000;Кожакентский с.о.
10493;10492;434053100;с.Кожакент
10494;10456;434054000;с.о. Косуйенки
10495;10494;434054100;с.Косуйенки
10496;10456;434055000;Кыркенсеский с.о.
10497;10496;434055100;с.Абдигаппар
10498;10456;434056000;Кырашский с.о.
10499;10498;434056100;с.Кызылмакташы
10500;10456;434057000;Озгентский с.о.
10501;10500;434057100;с.Озгент
10502;10500;434057300;с.Аксуат
10503;10456;434059000;Сунакатинский с.о.
10504;10503;434059100;с.Сунаката
10505;10503;434059200;с.Енбек
10506;10456;434061000;Суттыкудыкский с.о.
10507;10506;434061100;с.Такырколь
10508;10456;434062000;Талапский с.о.
10509;10508;434062100;ст.Бесарык
10510;10456;434063000;Томенарыкский с.о.
10511;10510;434063100;с.Томенарык
10512;10456;434065000;Шалкинский с.о.
10513;10512;434065100;п.Шалкия
10514;10512;434065300;с.Куттыкожа
10515;10456;434067000;Манапский с.о.
10516;10515;434067100;с.Манап
10517;10515;434067500;ст.Талап
10518;10320;434400000;Казалинский район
10519;10518;434423000;Казалинская г.а.
10520;10519;434423100;г.Казалинск
10521;10518;434430000;Айтеке би п.а.
10522;10521;434430100;п.Айтеке би
10523;10518;434431000;Акжонский с.о.
10524;10523;434431100;с.Майдаколь
10525;10518;434432000;Алгинский с.о.
10526;10525;434432100;с.Туктибаев
10527;10518;434433000;Арандинский с.о.
10528;10527;434433100;с.Кожабахы
10529;10527;434433200;с.Аранды
10530;10518;434435000;Арыкбалыкский с.о.
10531;10530;434435100;с.им.Жанкожа батыра
10532;10518;434436000;Басыкаринский с.о.
10533;10532;434436100;с.Басыкара
10534;10518;434437000;Бозкольский с.о.
10535;10534;434437100;с.Бозколь
10536;10518;434439000;Бирликский с.о.
10537;10536;434439100;с.Бирлик
10538;10518;434441000;Карашенгельский с.о.
10539;10538;434441100;с.Жалантос батыр
10540;10538;434441300;с.Шитубек
10541;10538;434441500;ст.Кубек
10542;10538;434441600;с.Уйрек
10543;10538;434441700;рзд.Алтай
10544;10538;434441800;рзд.Ойынды
10545;10518;434442000;Кольарыкский с.о.
10546;10545;434442100;с.им.Актан батыра
10547;10518;434443000;Кумжиекский с.о.
10548;10547;434443100;с.Пиримов
10549;10547;434443480;с.Кожаказган
10550;10547;434443600;с.Мадениет
10551;10547;434443880;с.Тапа
10552;10518;434445000;Кызылкумский с.о.
10553;10552;434445100;с.Каукей
10554;10552;434445200;с.Ажар
10555;10518;434447000;Майдакольский с.о.
10556;10555;434447100;с.Бекарыстан би
10557;10518;434449000;Майлыбасский с.о.
10558;10557;434449100;с.Аксуат
10559;10557;434449280;с.Майлыбас
10560;10557;434449300;с.Байкожа
10561;10560;434449380;с.Бирлик
10562;10557;434449680;рзд.99
10563;10557;434449700;рзд.101
10564;10557;434449800;рзд.102
10565;10518;434450000;Муратбаевский с.о.
10566;10565;434450100;с.Муратбаев
10567;10518;434451000;Уркендеуский с.о.
10568;10567;434451100;с.Жанкент
10569;10518;434453000;Сарбулакский с.о.
10570;10569;434453100;с.Сарбулак
10571;10518;434455000;Сарыкольский с.о.
10572;10571;434455100;с.Абай
10573;10571;434455300;с.Жубан
10574;10518;434459000;Тасарыкский с.о.
10575;10574;434459100;с.Тасарык
10576;10574;434459400;с.Лакалы
10577;10574;434459700;с.Тасөткел
10578;10518;434465000;Шакенский с.о.
10579;10578;434465100;с.Шакен
10580;10578;434465400;с.Шили
10581;10578;434465500;с.Шолкум
10582;10320;434600000;Кармакшинский район
10583;10582;434630000;Жосалинский с.о.
10584;10583;434630100;п.Жосалы
10585;10583;434630200;ст.Дирментобе
10586;10583;434630600;ст.Коркыт
10587;10583;434630700;с.Ордазы
10588;10582;434633000;Акайский с.о.
10589;10588;434633100;с.Акай
10590;10582;434635000;Акжарский с.о.
10591;10590;434635100;с.Акжар
10592;10582;434637000;Актобинский с.о.
10593;10592;434637100;с.Актобе
10594;10582;434638000;с.о.им.Алдашбай Ахуна
10595;10594;434638100;с.им.Алдашбай Ахуна
10596;10582;434639000;Дауылкольский с.о.
10597;10596;434639100;с.Турмаганбет
10598;10582;434643000;Жанажолский с.о.
10599;10598;434643100;с.Дур Онгар
10600;10582;434645000;Жосалинский с.о.
10601;10600;434645100;с.Торебай би
10602;10582;434653000;Иркольский с.о.
10603;10602;434653100;с.Иркольское
10604;10582;434655000;Комекбаевский с.о
10605;10604;434655100;с.им.Комекбаева
10606;10604;434655200;с.Кекирели
10607;10604;434655700;с.Шобанказган
10608;10582;434657000;Кармакшинский с.о.
10609;10608;434657100;с.Абыла
10610;10608;434657300;с.Анаколь
10611;10608;434657400;с.Кызылтам
10612;10582;434659000;Куандарьинский с.о.
10613;10612;434659100;с.Куандария
10614;10582;434663000;Торетамский с.о.
10615;10614;434663100;с.Торетам
10616;10582;434665000;3 интернациональный с.о.
10617;10616;434665100;с.3 интернационал
10618;10320;434800000;Сырдарьинский район
10619;10618;434830000;Теренозекский с.о.
10620;10619;434830100;с.Теренозек
10621;10618;434833000;Айдарлинский с.о.
10622;10621;434833100;с.Айдарлы
10623;10618;434835000;Акжарминский с.о.
10624;10623;434835100;с.Акжарма
10625;10624;434835102;с.Абай
10626;10618;434837000;Амангельдинский с.о.
10627;10626;434837100;с.Амангельды
10628;10618;434839000;Бесарыкский с.о.
10629;10628;434839100;с.Бесарык
10630;10618;434841000;Жетикольский с.о.
10631;10630;434841100;с.Жетиколь
10632;10618;434843000;с.о.им.Ильясова
10633;10632;434843100;с.им.Н.Ильясова
10634;10618;434844000;с.о.им.Калжан Ахуна
10635;10634;434844100;с.им.Калжан Ахуна
10636;10618;434845000;Когалыкольский с.о.
10637;10636;434845100;с.Когалыколь
10638;10618;434847000;Сейфуллинский с.о.
10639;10638;434847100;с.Сейфуллин
10640;10618;434849000;с.о.им.Токмаганбетова
10641;10640;434849100;с.им.А.Токмаганбетова
10642;10618;434853000;Шаганский с.о.
10643;10642;434853100;с.Шаган
10644;10618;434855000;Ширкейлийский с.о.
10645;10644;434855100;с.Ширкейли
10646;10618;434857000;Инкардарьинский с.о.
10647;10646;434857100;с.Инкардарья
10648;10320;435200000;Шиелийский район
10649;10648;435230000;Шиелийский с.о.
10650;10649;435230100;п.Шиели
10651;10648;435233000;Акмаянский с.о.
10652;10651;435233100;с.Акмая
10653;10651;435233500;с.Косарык
10654;10648;435234000;Актоганский с.о.
10655;10654;435234100;с.Досбол би
10656;10648;435235000;Алмалинский с.о.
10657;10656;435235100;с.Алмалы
10658;10656;435235400;с.Тогайлы
10659;10656;435235600;рзд.21
10660;10648;435237000;Байгекумский с.о.
10661;10660;435237100;с.Байгекум
10662;10648;435238000;Бестамский с.о.
10663;10662;435238100;с.Бестам
10664;10648;435239000;с.о.Байтерек
10665;10664;435239100;с.Бидайколь
10666;10664;435239300;рзд.22
10667;10648;435241000;Жанатурмысский с.о.
10668;10667;435241100;с.Байсын
10669;10648;435243000;Енбекшинский с.о.
10670;10669;435243100;с.Енбекши
10671;10669;435243200;с.Косуйенки
10672;10648;435244000;Жиделиарыкский с.о.
10673;10672;435244100;с.Жиделиарык
10674;10648;435245000;Жолекский с.о.
10675;10674;435245100;с.Жолек
10676;10674;435245200;с.Жуантобе
10677;10648;435247000;Жуантобинский с.о.
10678;10677;435247100;с.Алгабас
10679;10648;435249000;Иркольский с.о.
10680;10679;435249100;с.им.И.Жакаева
10681;10679;435249300;с.Жансеит
10682;10648;435253000;Керделинский с.о.
10683;10682;435253100;с.им.Н.Бекежанова
10684;10648;435255000;Каргалинский с.о.
10685;10684;435255100;с.Буланбайбауы
10686;10648;435256000;Майлытогайский с.о.
10687;10686;435256100;с.Майлытогай
10688;10648;435257000;Сулутюбинский с.о.
10689;10688;435257100;с.Сулутюбе
10690;10688;435257200;с.1 Мамыр
10691;10688;435257300;с.Жаназар батыр
10692;10648;435258000;Когалинский с.о.
10693;10692;435258100;с.Тұрсынбай датқа
10694;10648;435259000;Талаптанский с.о.
10695;10694;435259100;с.Бала би
10696;10648;435261000;Тартогайский с.о.
10697;10696;435261100;с.Тартогай
10698;10648;435262000;Теликольский с.о.
10699;10698;435262100;с.Абдильда Тажибаева
10700;10648;435263000;с.о.Туран
10701;10700;435263100;с.Ш.Кодаманова
10702;10648;435267000;Ортакшылский с.о.
10703;10702;435267100;с.Ортакшыл
10704;10702;435267500;с.Кызылкаин
10705;0;470000000;Мангистауская область
10706;10705;471000000;Актау Г.А.
10707;10706;471010000;г.Актау
10708;10706;471043000;Умирзакский с.о.
10709;10708;471043100;с.Умирзак
10710;10705;471800000;Жанаозен Г.А.
10711;10710;471810000;г.Жанаозен
10712;10710;471835000;Кызылсайский с.о.
10713;10712;471835100;с.Кызылсай
10714;10710;471836000;с.а.Рахат
10715;10714;471836100;с.Рахат
10716;10710;471837000;Тенгеский с.о.
10717;10716;471837100;с.Тенге
10718;10710;471838000;с.а.Кендерли
10719;10718;471838100;с.Кендерли
10720;10705;473600000;Бейнеуский район
10721;10720;473630000;Бейнеуский с.о.
10722;10721;473630100;с.Бейнеу
10723;10720;473633000;Акжигитская с.а.
10724;10723;473633100;с.Акжигит
10725;10724;473633102;с.Айтжан
10726;10724;473633103;с.Амантай
10727;10724;473633104;с.Аязбай
10728;10724;473633105;с.Байжан
10729;10724;473633106;с.Боранкуль
10730;10724;473633107;с.Бектурган
10731;10724;473633108;с.Бердихан
10732;10724;473633109;с.Есберген
10733;10724;473633111;с.Жалгас
10734;10724;473633112;с.Жубат
10735;10724;473633113;с.Жылкы
10736;10724;473633115;с.Конлимкос
10737;10724;473633117;с.Калмырза
10738;10724;473633118;с.Комти
10739;10724;473633119;с.Кызылту
10740;10724;473633121;с.Майлы
10741;10724;473633123;с.Мендибай
10742;10724;473633125;с.Оазис разъезд
10743;10724;473633127;с.Сакен
10744;10724;473633128;с.Серик
10745;10724;473633129;с.Сабигат
10746;10724;473633131;с.Сулукара
10747;10724;473633133;с.Толеу
10748;10724;473633135;с.Тогызбай
10749;10724;473633137;с.Толеубай
10750;10724;473633139;с.Умбет
10751;10724;473633141;с.Шанытбай
10752;10720;473637000;Саргинская с.а.
10753;10752;473637100;с.Сарга
10754;10753;473637103;с.Байкушик
10755;10753;473637105;с.Жанбике
10756;10753;473637107;с.Жаркудук
10757;10753;473637109;с.Комсомол
10758;10753;473637111;с.Теректи
10759;10753;473637113;с.Шиликудук
10760;10720;473639000;Боранкульская с.а.
10761;10760;473639100;с.Боранкул
10762;10761;473639105;зимовка Бугабай
10763;10720;473641000;Есетская с.а.
10764;10763;473641100;с.Есет
10765;10720;473643000;Сынгырлауская с.а.
10766;10765;473643100;с.Сынгырлау
10767;10766;473643102;с.Абдигул
10768;10766;473643103;с.Акорпа 1
10769;10766;473643104;с.Али
10770;10766;473643105;с.Акорпа 2
10771;10766;473643106;с.Акжар
10772;10766;473643107;рзд.Коктекти
10773;10766;473643108;с.Булактыколь
10774;10766;473643109;с.Сарыкеткен
10775;10766;473643111;с.Шинкелдек
10776;10766;473643112;с.Жанайтыс
10777;10766;473643113;с.Ждан 1
10778;10766;473643115;с.Ждан 2
10779;10766;473643117;с.Каршлыкон
10780;10766;473643119;с.Кокбулак
10781;10766;473643121;с.Кызаулие
10782;10766;473643123;с.Кенколтык
10783;10766;473643125;с.Кызылту
10784;10766;473643127;с.Мансур
10785;10766;473643128;с.Сарша
10786;10766;473643129;с.Избасар
10787;10720;473644000;Самский с.о.
10788;10787;473644100;с.Сам
10789;10788;473644103;с.Аккудык
10790;10788;473644105;с.Ауылдыколь
10791;10788;473644107;с.Бакытжан
10792;10788;473644109;с.Баршакум 1
10793;10788;473644111;с.Баршакум 2
10794;10788;473644113;с.Жанбике
10795;10788;473644115;с.Карагайлы
10796;10788;473644117;с.Каскырбулак
10797;10788;473644119;с.Каракога
10798;10788;473644121;с.Картбай
10799;10788;473644123;с.Киякты
10800;10788;473644125;с.Коскудык
10801;10788;473644127;с.Копа
10802;10788;473644129;Найзакора
10803;10788;473644131;Онгаркора
10804;10788;473644133;с.Реш
10805;10788;473644135;с.Уялы
10806;10788;473644137;с.Теректи
10807;10788;473644139;с.Шукыр
10808;10787;473644200;с.Ногайты
10809;10808;473644203;с.Амантурлы
10810;10808;473644205;с.Каскыришкен
10811;10808;473644207;с.Кызылжулдыз
10812;10808;473644209;с.Коншымырау
10813;10808;473644211;с.Килтан
10814;10808;473644213;с.Мамырык
10815;10808;473644215;с.Таскудык
10816;10808;473644219;с.Терискенди
10817;10720;473645000;Толепская с.а.
10818;10817;473645100;с.Толеп
10819;10720;473646000;Таженский с.о.
10820;10819;473646100;с. Тажен
10821;10720;473647000;Турышская с.а.
10822;10821;473647100;с.Турыш
10823;10822;473647103;с.Абай
10824;10822;473647105;с.Алуадинов
10825;10822;473647107;с.Акши
10826;10822;473647109;с.Асаубарак
10827;10822;473647111;с.Кошербай
10828;10822;473647113;с.Коблан
10829;10822;473647115;с.Котыр
10830;10822;473647119;с.Кулыбек
10831;10822;473647121;с.Кылыш
10832;10822;473647123;с.Тузелов
10833;10705;474200000;Каракиянский район
10834;10833;474230000;Курыкский с.о.
10835;10834;474230100;с.Курык
10836;10835;474230107;с.Жаксы Кызыладыр
10837;10835;474230113;с.Кызыладыр
10838;10835;474230115;Мешиттикора
10839;10833;474233000;Бостанский с.о.
10840;10839;474233100;с.Бостан
10841;10840;474233103;с.Борсымурын
10842;10840;474233105;с.Бостанкум
10843;10840;474233107;с.Карамандыбас
10844;10840;474233108;с.Кызылсу
10845;10840;474233109;зимовка Аспай
10846;10840;474233111;зимовка Дармен 1
10847;10840;474233112;зимовка Дармен 2
10848;10840;474233113;зимовка Ербасан 1
10849;10840;474233114;зимовка Ербасан 2
10850;10840;474233115;зимовка Ербасан 3
10851;10840;474233116;зимовка Жанасу 1
10852;10840;474233117;зимовка Жанасу 2
10853;10840;474233118;зимовка Жосалы
10854;10840;474233119;с.Озенойы
10855;10840;474233121;зимовка Кундик
10856;10840;474233122;зимовка Каракудык
10857;10840;474233123;зимовка Шиферли
10858;10840;474233124;зимовка Шолтобе
10859;10840;474233125;зимовка Акпан 1
10860;10840;474233126;зимовка Акпан 2
10861;10840;474233127;зимовка Акпан 3
10862;10840;474233128;зимовка Алтыналы
10863;10840;474233129;зимовка Аккора
10864;10840;474233131;зимовка Акшагыл
10865;10840;474233132;зимовка Андижан
10866;10840;474233133;зимовка Безжузген
10867;10840;474233134;зимовка Кызылсай
10868;10840;474233135;зимовка Куйеутам
10869;10840;474233136;зимовка Колтык
10870;10840;474233137;зимовка Кожаказган
10871;10840;474233138;зимовка Машырык
10872;10840;474233139;зимовка Сайын 1
10873;10840;474233141;зимовка Сайын 2
10874;10840;474233142;зимовка Сахар
10875;10840;474233143;зимовка Сарытобе
10876;10840;474233144;зимовка Сиырсу
10877;10840;474233145;зимовка Сокыр
10878;10840;474233146;зимовка Тастысай
10879;10840;474233147;зимовка Туйесу
10880;10840;474233148;зимовка Тузбасы
10881;10833;474235000;с.о.Болашак
10882;10881;474235100;с.Болашак
10883;10882;474235102;рзд.Бесторткул
10884;10882;474235103;рзд.Курмаш
10885;10882;474235104;рзд.Тайгыр
10886;10881;474235200;с.Бопай
10887;10886;474235201;рзд.Акбобек
10888;10886;474235202;рзд.Бастау
10889;10833;474239000;Жетыбайский с.о.
10890;10889;474239100;с.Жетыбай
10891;10890;474239109;с.Конайкора
10892;10833;474241000;Куландинский с.о.
10893;10892;474241100;с.Куланды
10894;10893;474241102;с.Ботагоз
10895;10893;474241103;с.Карабаракты
10896;10893;474241105;с.Саксорка
10897;10893;474241107;с.Сарытакыр
10898;10893;474241108;с.Фетисово
10899;10893;474241109;с.Шынжыр
10900;10893;474241111;с.Шапалак
10901;10893;474241112;с.Толеп
10902;10893;474241113;с.Аяк Караган
10903;10893;474241114;с.Бас Караган
10904;10893;474241115;с.Орта Караган
10905;10893;474241116;с.Сарымыс
10906;10893;474241117;с.Уйсин
10907;10833;474245000;Мунайшинский с.о.
10908;10907;474245100;с.Мунайшы
10909;10833;474249000;Сенекский с.о.
10910;10909;474249100;с.Сенек
10911;10910;474249103;с.Ашысай
10912;10910;474249105;с.Бесокты
10913;10910;474249107;с.Бурма
10914;10910;474249109;с.Жанасу
10915;10910;474249111;с.Кайгылы
10916;10910;474249113;с.Карашык
10917;10910;474249115;с.Келенди
10918;10910;474249117;с.Мурынаул
10919;10910;474249119;с.Сарыкез
10920;10910;474249121;с.Сарыой
10921;10909;474249200;с.Аккудук
10922;10921;474249203;с.Бесшокы
10923;10921;474249205;с.Дауыл
10924;10921;474249207;с.Жинишкесор
10925;10921;474249209;с.Кадырберди
10926;10921;474249211;с.Кансу
10927;10921;474249213;с.Канбактысай
10928;10921;474249215;с.Кызылсенсир
10929;10921;474249217;с.Макышбай
10930;10921;474249219;Мойынкора
10931;10921;474249221;с.Сайлаутюбе
10932;10921;474249223;с.Туйесинирли
10933;10705;474600000;Мангистауский район
10934;10933;474630000;Шетпинский с.о.
10935;10934;474630100;с.Шетпе
10936;10933;474633000;Актюбинский с.о.
10937;10936;474633100;с.Уштаган
10938;10937;474633103;Кормоцех
10939;10937;474633104;с.Саускан
10940;10937;474633105;Скважина 26
10941;10936;474633200;с.Жарма
10942;10941;474633203;Абукора
10943;10941;474633205;с.Бокеже
10944;10941;474633207;с.Дармен
10945;10941;474633209;с.Есалы
10946;10941;474633211;с.Жалпакторткул
10947;10941;474633213;с.Жарма 1
10948;10941;474633215;с.Кебиршокы
10949;10941;474633219;Кезкора
10950;10941;474633221;Кесеккора
10951;10941;474633223;с.Кандык
10952;10941;474633225;с.Магзам
10953;10941;474633227;с.Масат
10954;10941;474633229;с.Тынысбай
10955;10936;474633300;с.Сазды
10956;10955;474633303;Айнектикора
10957;10955;474633305;с.Айгыржал
10958;10955;474633307;с.Алатюбе
10959;10955;474633309;с.Еламан
10960;10955;474633311;с.Жамансаз
10961;10955;474633313;с.Жанаша 1
10962;10955;474633315;с.Жанаша
10963;10955;474633319;с.Камысшокы
10964;10955;474633321;с.Космаганбет
10965;10955;474633323;с.Куртты 2
10966;10955;474633325;ЛСП
10967;10955;474633327;с.Малибек
10968;10955;474633329;с.Шаштыазим
10969;10955;474633331;с.Шолакказган
10970;10955;474633333;с.Шолактам
10971;10955;474633335;с.Шолтюбе
10972;10933;474634000;с.а.Акшымырау
10973;10972;474634100;с.Акшымырау
10974;10973;474634103;с.Акжол
10975;10973;474634105;с.Акшагыл
10976;10973;474634107;с.Балта
10977;10973;474634109;с.Исатай
10978;10973;474634111;с.Коктобе
10979;10973;474634113;с.Кунес
10980;10973;474634115;с.Куйылыс
10981;10973;474634117;с.Карабатыр
10982;10973;474634119;с.Кошманбет
10983;10973;474634121;с.Кызык
10984;10973;474634123;с.Макпал
10985;10973;474634125;с.Нарсойган
10986;10973;474634127;с.Сейт
10987;10973;474634129;с.Суйекши
10988;10973;474634131;с.Торат
10989;10973;474634133;с.Шаган
10990;10933;474635000;Жармышский с.о.
10991;10990;474635100;с.Жармыш
10992;10991;474635103;с.Аманкызымет
10993;10991;474635105;с.Ауыздыбасты
10994;10991;474635107;с.Жапыракты
10995;10991;474635109;с.Жетикул
10996;10991;474635111;с.Кенсай
10997;10991;474635113;с.Курша
10998;10991;474635115;с.Кошкар
10999;10991;474635117;с.Кудайберген
11000;10991;474635119;с.Кызылсай
11001;10991;474635121;с.Накбай
11002;10991;474635123;рзд.11
11003;10991;474635125;рзд.12
11004;10991;474635127;рзд.13
11005;10991;474635129;с.Сарынияз
11006;10991;474635131;Сарытастыкора
11007;10991;474635133;с.Сарыой
11008;10991;474635135;с.Сердалы
11009;10991;474635137;с.Тасым
11010;10991;474635139;с.Ушкоз
11011;10991;474635141;с.Узынкузе
11012;10991;474635143;с.Шакей
11013;10991;474635145;с.Шиликти
11014;10991;474635147;с.Донгелексор
11015;10991;474635149;с.Жузгенсай
11016;10991;474635151;с.Кургапы 1
11017;10991;474635153;с.Кургапы 2
11018;10991;474635154;с.Огизореули
11019;10991;474635155;с.Сарытобе
11020;10991;474635157;с.Тамды
11021;10991;474635159;с.Тузбаир
11022;10991;474635161;с.Инта
11023;10933;474637000;с.а.Жынгылды
11024;11023;474637100;с.Жынгылды
11025;11024;474637103;с.Акбас
11026;11024;474637105;Аккора
11027;11024;474637107;с.Акмая
11028;11024;474637109;с.Акшоймак
11029;11024;474637111;с.Балта
11030;11024;474637113;с.Биркарын
11031;11024;474637115;ДСУ
11032;11024;474637119;с.Жылыбауыр
11033;11024;474637121;с.Кабиналы
11034;11024;474637123;с.Кенколтык
11035;11024;474637125;с.Кокала
11036;11024;474637127;с.Копдерел
11037;11024;474637129;с.Караеспе
11038;11024;474637131;с.Караколка
11039;11024;474637133;Коскора
11040;11024;474637135;с.Куылыс
11041;11024;474637137;Кызылкора
11042;11024;474637139;Ортакора
11043;11024;474637141;с.Сарытобе
11044;11024;474637143;с.Токпак
11045;11024;474637145;с.Тущыкуй
11046;11024;474637147;с.Уланак
11047;11024;474637149;Шагылкора
11048;11024;474637151;с.Шат 1
11049;11024;474637153;с.Шат 2
11050;11024;474637155;Шеткикора
11051;11024;474637157;с.Шукырой
11052;10933;474639000;с.а.Кызан
11053;11052;474639100;с.Кызан
11054;11053;474639103;с.Айыртобе
11055;11053;474639105;с.Аласиыр
11056;11053;474639107;с.Жидели
11057;11053;474639109;с.Жолкудук
11058;11053;474639111;с.Калнияз
11059;11053;474639113;с.Карабатыр
11060;11053;474639115;с.Караш
11061;11053;474639117;с.Конай
11062;11053;474639119;с.Конырорпа
11063;11053;474639121;с.Мадияр
11064;11053;474639123;с.Намаз
11065;11053;474639125;с.Сарымай
11066;11053;474639127;с.Сазды
11067;11053;474639129;с.Сарытобе
11068;11053;474639131;с.Тарколка
11069;10933;474643000;Ондынский с.о.
11070;11069;474643100;с.Онды
11071;11070;474643103;с.Агашты
11072;11070;474643105;Пионерлагерь Каратау
11073;11069;474643200;с.Баскудук
11074;11073;474643203;с.Бакыт
11075;11073;474643205;с.Желтимес
11076;11073;474643207;с.Кориктитобе 1
11077;11073;474643209;с.Кориктитобе 2
11078;11073;474643211;с.Салменбогет
11079;11073;474643213;с.Сарыкуп
11080;11073;474643215;с.Тасбас
11081;11073;474643217;с.Тажибай
11082;11073;474643219;с.Торибас
11083;11073;474643221;с.Ушан
11084;11073;474643223;с.Шукырой
11085;11069;474643300;с.Беки
11086;11085;474643303;с.Акташ
11087;11085;474643305;с.Айлек
11088;11085;474643307;с.Байкаска
11089;11085;474643309;с.Гулшат
11090;11085;474643311;с.Есената
11091;11085;474643313;с.Ешкиолген
11092;11085;474643315;с.Желдимурын
11093;11085;474643317;с.Зайыр
11094;11085;474643319;с.Келимберди
11095;11085;474643321;с.Конкаев
11096;11085;474643323;с.Калдыбас
11097;11085;474643325;с.Кумшокы
11098;11085;474643327;с.Кызылтуран
11099;11085;474643329;с.Майкомген
11100;11085;474643331;Максимкора
11101;11085;474643333;с.Саубет
11102;11085;474643335;с.Таубай
11103;10933;474644000;с.о.Отпан
11104;11103;474644100;с.Тущыбек
11105;11103;474644200;с.15 бекет
11106;10933;474645000;Сайотесский с.о.
11107;11106;474645100;с.Сайотес
11108;11107;474645103;рзд.10
11109;11106;474645400;с.Боздак
11110;10933;474647000;Тущыкудукский с.о.
11111;11110;474647100;с.Тущыкудук
11112;11111;474647103;с.Кесикмурын
11113;11111;474647105;с.Соркудук
11114;11110;474647200;с.Киякты
11115;11114;474647203;с.Досалы
11116;11114;474647205;с.Шагылорпа
11117;10933;474649000;Шайырский с.о.
11118;11117;474649100;с.Шайыр
11119;11118;474649103;с.Аккорган
11120;11118;474649105;с.Ащыеспе
11121;11118;474649107;с.Боздак
11122;11118;474649109;с.Боктысай
11123;11118;474649111;с.Жалган
11124;11118;474649113;с.Иер
11125;11118;474649115;с.Карабас
11126;11118;474649117;с.Териссай
11127;11118;474649119;с.Токпак
11128;11118;474649121;с.Торыш
11129;11118;474649123;с.Шагылсай
11130;11118;474649125;с.Шокай
11131;11117;474649200;с.Тасмурын
11132;11117;474649300;с.Тиген
11133;11132;474649303;с.Аксай
11134;11132;474649305;Андыкора
11135;11132;474649307;с.Дагдущы
11136;11132;474649309;с.Даулетащы
11137;11132;474649311;Жырыккора
11138;11132;474649313;с.Керимды
11139;11132;474649315;с.Кабак
11140;11132;474649317;с.Какпакты
11141;11132;474649319;с.Каранар
11142;11132;474649321;с.Киян
11143;11132;474649323;Кумаккора
11144;11132;474649325;с.Кумыра
11145;11132;474649327;с.Кызылит
11146;11132;474649329;с.Кызылеспе
11147;11132;474649331;с.Кызылауз
11148;11132;474649333;с.Кырыкбасан
11149;11132;474649335;с.Сарыкул
11150;11132;474649337;с.Селеули
11151;11132;474649339;с.Терисбауыр
11152;11132;474649341;с.Узынбас
11153;11132;474649343;Шаршыкора
11154;11132;474649345;Шеткикора
11155;11132;474649347;с.Шиели
11156;10933;474651000;Шебирский с.о.
11157;11156;474651100;с.Шебир
11158;11157;474651103;с.Бас
11159;11157;474651105;с.Жапалак
11160;11157;474651107;с.Кари
11161;10705;475000000;Мунайлинский район
11162;11161;475030000;Мангистауский с.о.
11163;11162;475030100;с.Мангистау
11164;11161;475032000;с.о.Атамекен
11165;11164;475032100;с.Атамекен
11166;11161;475034000;с.о.Баскудук
11167;11166;475034100;с.Баскудук
11168;11161;475036000;Баяндинский с.о.
11169;11168;475036100;с.Баянды
11170;11169;475036103;с.Большой Эмир
11171;11169;475036105;с.Малый Эмир
11172;11169;475036107;с.Куйылыс
11173;11161;475038000;с.о.Даулет
11174;11173;475038100;с.Даулет
11175;11161;475040000;Кызылтобинский с.о.
11176;11175;475040100;с.Кызылтобе
11177;11175;475040200;с.Бирлик
11178;11161;475042000;с.о.Батыр
11179;11178;475042100;с.Батыр
11180;10705;475200000;Тупкараганский район
11181;11180;475220100;г.Форт-Шевченко
11182;11180;475233000;Акшукурский с.о.
11183;11182;475233100;с.Акшукур
11184;11183;475233103;с.Аккудук
11185;11183;475233105;с.Алатобе
11186;11183;475233107;с.Ащыкудук
11187;11183;475233109;с.Бегей
11188;11183;475233111;с.Бозат
11189;11183;475233113;Кезкора
11190;11183;475233115;с.Копдерек
11191;11183;475233117;с.Какпаты
11192;11183;475233119;с.Косанык
11193;11183;475233121;с.Кусканбас
11194;11183;475233123;с.Кырыккыз
11195;11183;475233125;с.Нурмаганбет
11196;11183;475233127;рзд.16
11197;11183;475233129;с.Тазтюбе
11198;11183;475233131;с.Темирше
11199;11183;475233133;с.Или 3
11200;11180;475235000;Баутинский с.о.
11201;11200;475235100;с.Баутино
11202;11180;475237000;Кызылозенский с.о.
11203;11202;475237100;с.Кызылозен
11204;11203;475237103;с.Аленсай
11205;11203;475237104;с.Агаштыбауыр
11206;11203;475237105;с.Акмолалы
11207;11203;475237106;с.Акшокы
11208;11203;475237107;с.Аша
11209;11203;475237108;с.Ащыбас
11210;11203;475237109;с.Айтуар
11211;11203;475237111;с.Бегеш
11212;11203;475237112;с.Бегилгайлы
11213;11203;475237113;с.Жаналы
11214;11203;475237114;с.Жантык
11215;11203;475237115;с.Жемсенди
11216;11203;475237116;с.Жерсенгир
11217;11203;475237117;с.Жетикыз
11218;11203;475237118;с.Жыгылган 1
11219;11203;475237119;с.Жыгылган 2
11220;11203;475237121;с.Кеуеккора
11221;11203;475237122;с.Кунгей
11222;11203;475237123;с.Киштим
11223;11203;475237124;с.Канга
11224;11203;475237125;с.Каракудук
11225;11203;475237126;с.Карлыбас
11226;11203;475237127;с.Корып
11227;11203;475237128;с.Кошанай
11228;11203;475237129;с.Кызылсыгыра
11229;11203;475237131;с.Мерет
11230;11203;475237132;с.Мешиттикора
11231;11203;475237133;с.Молдир
11232;11203;475237134;с.Мурынкора
11233;11203;475237135;с.Ортакора
11234;11203;475237136;с.Сакакудук
11235;11203;475237137;с.Сарыкора
11236;11203;475237138;с.Сарыторткул
11237;11203;475237141;с.Саура
11238;11203;475237142;с.Саубет
11239;11203;475237143;с.Сорели
11240;11203;475237144;с.Суршокы
11241;11203;475237145;с.Тубижик
11242;11203;475237146;с.Удек
11243;11203;475237147;с.Ушжурт
11244;11203;475237148;с.Ход 1
11245;11203;475237149;с.Ход 2
11246;11203;475237151;с.Шалкосе
11247;11203;475237152;с.Шаркырауык
11248;11203;475237153;с.Шат
11249;11203;475237154;с.Шукыраул
11250;11180;475238000;с.о.Саина Шапагатова
11251;11250;475238100;с.Саина Шапагатова
11252;11180;475239000;Таушыкский с.о.
11253;11252;475239100;с.Таушык
11254;11253;475239102;с.Аксиын 1
11255;11253;475239103;с.Аксиын 2
11256;11253;475239104;с.Аласак
11257;11253;475239105;с.Барак 1
11258;11253;475239106;с.Барак 2
11259;11253;475239107;с.Бесарал
11260;11253;475239108;с.Ботагоз
11261;11253;475239109;с.Жагасарыптобе 1
11262;11253;475239111;с.Жагасарыптобе 2
11263;11253;475239112;с.Жалгызшагыл 1
11264;11253;475239113;с.Жалгызшагыл 2
11265;11253;475239114;с.Желтимес
11266;11253;475239115;с.Жума
11267;11253;475239116;с.Керегемола
11268;11253;475239117;с.Когалтобе
11269;11253;475239118;с.Караеспе
11270;11253;475239119;с.Карашагыр
11271;11253;475239121;с.Кожак 1
11272;11253;475239122;с.Кожак 2
11273;11253;475239123;с.Кошак
11274;11253;475239124;с.Култай
11275;11253;475239125;с.Кумыралжы
11276;11253;475239126;с.Соркудук
11277;11253;475239127;с.Сарытас
11278;11253;475239128;с.Сарытобе
11279;11253;475239129;с.Тобекудук
11280;11253;475239131;с.Туйесу
11281;11253;475239132;с.Тышканжар
11282;11253;475239133;с.Тышкак
11283;11253;475239134;с.Усак
11284;11253;475239135;с.Ушауыз
11285;11253;475239136;с.Ушкан
11286;11253;475239137;с.Шиликудук
11287;0;550000000;Павлодарская область
11288;11287;551000000;Павлодар Г.А.
11289;11288;551010000;г.Павлодар
11290;11288;551041000;Павлодарская с.а.
11291;11290;551041100;с.Павлодарское
11292;11288;551043000;Кенжекольский с.о.
11293;11292;551043100;с.Кенжеколь
11294;11292;551043200;с.Байдала
11295;11292;551043300;с.Долгое
11296;11288;551045000;п.а.Атамекен
11297;11296;551045100;п.Атамекен
11298;11288;551047000;Мойылдинский с.о.
11299;11298;551047100;с.Мойылды
11300;11299;551047103;Подхоз
11301;11288;551049000;Жетекшинская с.а.
11302;11301;551049100;с.Жетекши
11303;11287;551600000;Аксу Г.А.
11304;11303;551610000;г.Аксу
11305;11303;551639000;с.о.Қанаш Қамзин
11306;11305;551639100;с.Алгабас
11307;11305;551639200;с.Айнаколь
11308;11305;551639300;с.Карабай
11309;11305;551639400;с.Коктас
11310;11305;551639500;с.Сынтас
11311;11305;551639600;с.Қанаш Қамзин
11312;11305;551639700;с.Караколь
11313;11305;551639800;с.Ребровка
11314;11303;551643000;Достыкский с.о.
11315;11314;551643100;с.Достык
11316;11314;551643200;с.Торткудук
11317;11314;551643500;с.Береке
11318;11314;551643600;с.Пограничник
11319;11314;551643700;ст.Таскудык
11320;11314;551643800;ст.Спутник
11321;11303;551645000;Евгеньевский с.о.
11322;11321;551645100;с.Евгеньевка
11323;11321;551645300;с.Сольветка
11324;11321;551645700;с.Уштерек
11325;11303;551653000;с.о.им.Мамаита Омарова
11326;11325;551653100;с.им.Мамаита Омарова
11327;11325;551653200;с.Донентаев
11328;11325;551653400;с.Коктерек
11329;11325;551653500;с.Сырлыкала
11330;11325;551653600;с.Курколь
11331;11325;551653700;с.Енбек
11332;11303;551655000;Калкаманский с.о.
11333;11332;551655100;с.Калкаман
11334;11332;551655200;с.Акжол
11335;11303;551659000;Кызылжарский с.о.
11336;11335;551659100;с.Кызылжар
11337;11336;551659103;с.Кызылжар
11338;11335;551659200;с.Борыктал
11339;11335;551659300;с.Жанашаруа
11340;11335;551659400;с.Сарышыганак
11341;11335;551659500;с.Суатколь
11342;11287;552200000;Экибастуз Г.А.
11343;11342;552210000;г.Экибастуз
11344;11342;552233000;Аккольский с.о.
11345;11344;552233100;с.Акколь
11346;11344;552233200;с.Жаксат
11347;11344;552233300;с.Зеленая Роща
11348;11342;552235000;Байетский с.о.
11349;11348;552235100;с.Байет
11350;11348;552235200;с.Атыгай
11351;11342;552237000;Экибастузский с.о.
11352;11351;552237100;с.Тортуй
11353;11351;552237200;с.Акши
11354;11351;552237300;с.Мынтамыр
11355;11351;552237400;с.Каражар
11356;11351;552237500;с.Коксиыр
11357;11351;552237600;с.Тай
11358;11342;552239000;Железнодорожный с.о.
11359;11358;552239100;с.Кулаколь
11360;11358;552239200;Отд.3
11361;11358;552239300;с.Кудайколь
11362;11358;552239400;с.Карасор
11363;11342;552241000;с.а.Шикылдак
11364;11363;552241100;с.Шикылдак
11365;11342;552243000;с.о.им.Алькея Маргулана
11366;11365;552243100;с.им.Алькея Маргулана
11367;11342;552244000;Кояндинский с.о.
11368;11367;552244100;с.Бескауга
11369;11367;552244200;с."Ќоянды"
11370;11367;552244500;с."Ќўрылысшы"
11371;11367;552244700;с."Теміртас"
11372;11342;552251000;Сарыкамысский с.о.
11373;11372;552251100;с.Сарыкамыс
11374;11372;552251200;с.Куандык
11375;11342;552253000;Солнечная п.а.
11376;11375;552253100;п.Солнечный
11377;11342;552255000;Торт Кудукский с.о.
11378;11377;552255100;с.Торт Кудук
11379;11377;552255200;с.Бозшаколь
11380;11342;552257000;Шидертинская п.а.
11381;11380;552257100;п.Шидерты
11382;11287;553200000;Актогайский район
11383;11382;553230000;Актогайский с.о.
11384;11383;553230100;с.Актогай
11385;11383;553230200;с.Жоламан
11386;11383;553230400;с.Приреченское
11387;11383;553230600;с.Харьковка
11388;11383;553230700;с.Карабузау
11389;11382;553239000;Жалаулинский с.о.
11390;11389;553239100;с.Жалаулы
11391;11389;553239200;с.Балтасап
11392;11389;553239300;с.Карасу
11393;11389;553239500;с.Шолаксор
11394;11382;553241000;Жолболдинский с.о.
11395;11394;553241100;с.Жолболды
11396;11394;553241200;с.Шиликты
11397;11394;553241300;с.Шуга
11398;11382;553243000;Караобинский с.о.
11399;11398;553243100;с.Караоба
11400;11398;553243200;с.Исантерек
11401;11398;553243300;с.Жанааул
11402;11398;553243600;с.Ауельбек
11403;11398;553243700;с.Отес
11404;11382;553247000;Кожамжарский с.о.
11405;11404;553247100;с.Кожамжар
11406;11404;553247200;с.Жамбыл
11407;11404;553247300;с.Кайран
11408;11404;553247400;с.Караой
11409;11382;553249000;Муткеновский с.о.
11410;11409;553249100;с.Муткенова
11411;11409;553249200;с.Абжан
11412;11409;553249300;с.Жанатап
11413;11409;553249400;с.Жанабет
11414;11409;553249500;с.Естая
11415;11382;553255000;с.о.Ақжол
11416;11415;553255100;с.Ақжол
11417;11415;553255200;с.Разумовка
11418;11415;553255300;с.Барлыбай
11419;11415;553255400;с.Баскамыс
11420;11415;553255600;с.Каракога
11421;11287;553600000;Баянаульский район
11422;11421;553630000;Баянаульский с.о.
11423;11422;553630100;с.Баянаул
11424;11422;553630400;с.Шонай
11425;11421;553633000;Аксанский с.о.
11426;11425;553633100;с.Аксан
11427;11425;553633380;с.Каражар
11428;11425;553633800;с.Октябрь
11429;11428;553633803;с.Джиенбай
11430;11428;553633805;с.Карадыр
11431;11428;553633807;с.Карадын
11432;11428;553633809;с.Каршокы
11433;11428;553633811;с.Жапалак
11434;11428;553633813;с.Камбаба
11435;11428;553633815;с.Маяжон
11436;11428;553633816;с.Дурженбай
11437;11428;553633817;с.Жанабаз
11438;11428;553633818;с.Сарышокы
11439;11428;553633819;с.Казганбай
11440;11428;553633821;ферма Азат
11441;11421;553637000;Бирликский с.о.
11442;11441;553637100;с.Бирлик
11443;11442;553637105;ферма Уштобе
11444;11442;553637107;с.Карашокы
11445;11441;553637200;с.Акмектеп
11446;11445;553637203;ферма Абен
11447;11445;553637205;ферма Акбаз
11448;11445;553637207;ферма Аккозы
11449;11445;553637211;ферма Балыкты
11450;11445;553637213;ферма Жылысай
11451;11445;553637215;ферма Конкашбай
11452;11445;553637217;ферма Карадыр
11453;11445;553637221;ферма Каратас
11454;11445;553637223;ферма Шенгельды
11455;11445;553637225;ферма Шакшан
11456;11421;553639000;Жанажольский с.о.
11457;11456;553639100;с.Мәшһүр Жүсіп
11458;11457;553639102;с.Ербай
11459;11456;553639200;с.Буркутты
11460;11459;553639203;ферма Акши 1
11461;11459;553639205;ферма Акши 2
11462;11459;553639207;ферма Бакай
11463;11459;553639211;ферма Болдей
11464;11459;553639213;ферма Жыланды
11465;11459;553639219;ферма Камсакты
11466;11456;553639500;с.Карашокы
11467;11421;553641000;Жанатилекский с.о.
11468;11467;553641100;с.Жанатилек
11469;11468;553641103;ферма Айкен
11470;11468;553641105;ферма Айдос
11471;11468;553641109;ферма Дукенбай
11472;11468;553641111;ферма Караунгур
11473;11468;553641113;ферма Кулак
11474;11468;553641115;ферма Сакаушеген
11475;11468;553641117;ферма Сарышокы
11476;11468;553641119;ферма Ыргайлы
11477;11468;553641123;с.Балтен
11478;11468;553641125;ферма Ертысбай
11479;11468;553641127;ферма Жуантобе
11480;11467;553641500;с.Мурынтал
11481;11480;553641503;ферма Азатбек
11482;11480;553641505;ферма Айнабулак
11483;11480;553641511;ферма Жуантобе
11484;11480;553641515;ферма Кызыладыр
11485;11480;553641519;ферма Ыргайлы-ІІ
11486;11421;553643000;Каратомарский с.о.
11487;11486;553643100;с.Каратомар
11488;11487;553643105;Верхний подхоз
11489;11487;553643107;Нижний подхоз
11490;11487;553643108;ферма Аксуат
11491;11486;553643200;с.Белагаш
11492;11491;553643203;ферма Байтеке
11493;11491;553643205;ферма Досара
11494;11491;553643207;ферма Елберген
11495;11421;553645000;Кундыкольский с.о.
11496;11495;553645100;с.Кундыколь
11497;11495;553645300;с.Биржанколь
11498;11497;553645303;ферма Басшилик
11499;11497;553645311;ферма Орташилик
11500;11497;553645313;ферма Сарыкамыс
11501;11495;553645400;с.Егиндыбулак
11502;11501;553645403;ферма Муздыкудык
11503;11501;553645407;ферма Шанраккемер
11504;11501;553645409;с.Карашат
11505;11501;553645411;с.Кызыласкер
11506;11501;553645413;с.Сарыжал
11507;11421;553647000;Куркелинский с.о.
11508;11507;553647100;с.Жұмат Шанин
11509;11507;553647300;с.Шоманколь
11510;11509;553647303;ферма Абылда
11511;11509;553647307;ферма Актасты
11512;11509;553647311;ферма Атей
11513;11509;553647313;ферма Досжан
11514;11509;553647317;ферма Искакпек
11515;11509;553647319;ферма Каракус 1
11516;11509;553647321;ферма Каракус 2
11517;11509;553647323;ферма Кайнар
11518;11509;553647325;ферма Макан 1
11519;11509;553647329;ферма Омардаригер
11520;11509;553647331;ферма Темирбек
11521;11509;553647333;ферма Тезекбай
11522;11509;553647335;ферма Сарышокы
11523;11509;553647337;ферма Уркек
11524;11509;553647339;с.Жанибек
11525;11509;553647341;с.Кызылшилик
11526;11507;553647700;с.Койтас
11527;11507;553647800;с.Жарылгап
11528;11421;553649000;Кызылтауский с.о.
11529;11528;553649100;с.Жусупбека Аймауытова
11530;11529;553649103;ферма Айыртас
11531;11529;553649105;ферма Акбоз
11532;11529;553649107;ферма Байгоже
11533;11529;553649109;ферма Баубек
11534;11529;553649111;ферма Биримжан
11535;11529;553649113;ферма Жабыш
11536;11529;553649115;ферма Кабылбек
11537;11529;553649117;ферма Казарет
11538;11529;553649119;ферма Калимола
11539;11529;553649121;ферма Кошкар
11540;11529;553649123;Маш.двор
11541;11529;553649125;ферма Маныкы
11542;11529;553649127;ферма Мантик
11543;11529;553649129;ферма Толеубай
11544;11529;553649131;ферма Тлесбай
11545;11529;553649133;ферма Шокпар
11546;11529;553649135;ферма Актобе
11547;11529;553649137;ферма База 19
11548;11529;553649139;ферма Естекбай
11549;11529;553649141;ферма Иса
11550;11529;553649143;ферма Карашокы
11551;11529;553649145;ферма Кобдык
11552;11529;553649147;ферма Кызылоктябрь
11553;11529;553649149;ферма Кызылтау
11554;11529;553649151;ферма Мерген
11555;11529;553649153;ферма Ракыш
11556;11528;553649280;с.Акши
11557;11528;553649500;с.Лекер
11558;11557;553649503;ферма Мауке
11559;11528;553649980;с.Үйтас
11560;11421;553655000;Майкаинская п.а.
11561;11560;553655100;п.Майкаин
11562;11560;553655200;с.Майкөбе
11563;11560;553655300;Ушкулун с.
11564;11560;553655500;с.Служон
11565;11560;553655700;с.Шоптыколь
11566;11421;553657000;Сатпаевский с.о.
11567;11566;553657100;с.Қаныш Сәтбаев
11568;11567;553657103;ферма Алабас
11569;11567;553657105;ферма Итжатпас
11570;11567;553657107;ферма Карагандыозек
11571;11567;553657109;ферма Керегетас
11572;11567;553657113;ферма Кызылжар
11573;11567;553657119;ферма Топай
11574;11567;553657123;ферма Шоктал
11575;11566;553657400;с.Кокдомбак
11576;11575;553657403;ферма Актобе
11577;11575;553657405;ферма Бериктас
11578;11575;553657407;ферма Коксу
11579;11575;553657409;ферма Кокдомбай
11580;11575;553657411;Жив.точка Мысал
11581;11566;553657500;с.Мұса Шорман
11582;11581;553657503;ферма Аккелин
11583;11581;553657509;ферма Каратумсык
11584;11581;553657511;ферма Сарыкамыс
11585;11581;553657513;ферма Сатти
11586;11581;553657515;с.Айрык
11587;11581;553657517;с.Буркутты
11588;11421;553659000;Торайгыровский с.о.
11589;11588;553659100;с.Торайгырова
11590;11589;553659103;ферма Акбаз
11591;11589;553659105;ферма Айдарлы
11592;11589;553659107;ферма Аякшилик
11593;11589;553659109;ферма Ботайбулак
11594;11589;553659111;ферма Есжанбулак
11595;11589;553659113;ферма Сарытау
11596;11589;553659119;ферма Шорабай
11597;11588;553659200;с.Александровка
11598;11597;553659203;ферма Аякул
11599;11597;553659205;ферма Жалгызкайн
11600;11597;553659207;ферма Жунус
11601;11597;553659209;ферма Карамола
11602;11597;553659213;ферма Карасор
11603;11597;553659215;ферма Карадыр
11604;11597;553659217;ферма Сарыжал
11605;11597;553659219;ферма Толжан
11606;11597;553659221;ферма Уйрекматай
11607;11588;553659600;с.Кызылшилик
11608;11607;553659603;с.Верхний кызыл
11609;11607;553659605;с.Жарыкияк
11610;11607;553659607;с.Кайнах
11611;11607;553659609;с.Малдыбулак
11612;11607;553659611;с.Сарыкамыс
11613;11421;553663000;Узунбулакский с.о.
11614;11613;553663100;с.Узунбулак
11615;11614;553663103;ферма Анай
11616;11614;553663105;ферма Сарытобе
11617;11614;553663107;с.Алке
11618;11614;553663109;с.Амантау
11619;11614;553663111;с.Егинтобе
11620;11614;553663113;Отд. 2
11621;11614;553663115;Отд. 4
11622;11614;553663117;с.Карабулак
11623;11614;553663119;ферма Тасбулак
11624;11614;553663121;ферма Туатай
11625;11613;553663600;с.Акши
11626;11625;553663603;ферма Карашокы
11627;11625;553663607;ферма Таскудык
11628;11287;554200000;Железинский район
11629;11628;554230000;Железинский с.о.
11630;11629;554230100;с.Железинка
11631;11629;554230200;с.Захаровка
11632;11629;554230300;с.Аккайын
11633;11629;554230400;с.Моисеевка
11634;11629;554230500;с.Пятирыжск
11635;11628;554233000;Актауский с.о.
11636;11635;554233100;с.Актау
11637;11635;554233300;с.Жолтаптык
11638;11628;554235000;Алакольский с.о.
11639;11638;554235100;с.Алакол
11640;11628;554237000;Башмачинский с.о.
11641;11640;554237100;с.Башмачное
11642;11640;554237200;с.Абай
11643;11640;554237300;с.Береговое
11644;11640;554237500;с.Кузьмино
11645;11628;554241000;Веселорощинский с.о.
11646;11645;554241100;с.Веселая Роща
11647;11645;554241200;с.Дюсеке
11648;11645;554241300;с.Жанабирлик
11649;11645;554241400;с.Славяновка
11650;11628;554243000;Енбекшинский с.о.
11651;11650;554243100;с.Енбекши
11652;11650;554243300;с.Валиханово
11653;11628;554247000;Казахстанский с.о.
11654;11653;554247100;с.Жана жулдыз
11655;11653;554247200;с.Ескара
11656;11653;554247300;с.Екишок
11657;11628;554249000;Лесной с.о.
11658;11657;554249100;с.Лесное
11659;11657;554249200;с.Крупское
11660;11657;554249400;с.Раздельное
11661;11628;554253000;Михайловский с.о.
11662;11661;554253100;с.Михайловка
11663;11661;554253300;с.Красновка
11664;11661;554253400;с.Мынкуль
11665;11661;554253500;с.Петропавловка
11666;11628;554255000;Новомирский с.о.
11667;11666;554255100;с.Церковное
11668;11628;554257000;с.о.Майлы
11669;11668;554257100;с.Майлы
11670;11628;554259000;Прииртышский с.о.
11671;11670;554259100;с.Прииртышское
11672;11670;554259500;с.Урлютюб
11673;11287;554600000;Иртышский район
11674;11673;554630000;Иртышский с.о.
11675;11674;554630100;с.Иртышск
11676;11673;554633000;Абайский с.о.
11677;11676;554633100;с.Голубовка
11678;11673;554635000;Агашорынский с.о.
11679;11678;554635100;с.Агашорын
11680;11679;554635103;с.Бескепе
11681;11678;554635300;с.Узынсу
11682;11673;554637000;Амангельдинский с.о.
11683;11682;554637100;с.Ленино
11684;11682;554637200;с.Амангельды
11685;11673;554639000;Иса Байзаковский с.о.
11686;11685;554639100;с.Иса Байзакова
11687;11686;554639107;с.Шубарат
11688;11686;554639109;с.Костомар
11689;11685;554639400;с.Ульгули
11690;11685;554639500;с.Луговое
11691;11673;554645000;Каракудукский с.о.
11692;11691;554645100;с.Каракудук
11693;11691;554645200;с.Кенес
11694;11691;554645300;с.Караоткель
11695;11691;554645500;с.Ынтымак
11696;11673;554649000;Коскольский с.о.
11697;11696;554649100;с.Косколь
11698;11696;554649400;с.Кызылкак
11699;11673;554651000;Кызылжарский с.о.
11700;11699;554651100;с.Кызылжар
11701;11699;554651300;с.Тогузак
11702;11673;554659000;Майконырская с.а.
11703;11702;554659100;с.Майконыр
11704;11673;554663000;Панфиловский с.о.
11705;11704;554663100;с.Панфилово
11706;11704;554663400;с.Косагаш
11707;11704;554663500;с.Тохта
11708;11673;554665000;Северный с.о.
11709;11708;554665100;с.Северное
11710;11708;554665300;с.Караагаш
11711;11708;554665400;с.Степное
11712;11673;554667000;Селетинский с.о.
11713;11712;554667100;с.Селеты
11714;11712;554667200;с.Буланбай
11715;11712;554667300;с.Кызылагаш
11716;11287;554800000;район Тереңкөл
11717;11716;554830000;Теренкольский с.о.
11718;11717;554830100;с.Теренколь
11719;11717;554830200;с.Ынталы
11720;11717;554830700;с.Юбилейное
11721;11716;554833000;Байконысский с.о.
11722;11721;554833100;с.Байконыс
11723;11721;554833200;с.Кызылтан
11724;11721;554833300;с.Тлеубай
11725;11716;554835000;Береговой с.о.
11726;11725;554835100;с.Береговое
11727;11725;554835200;с.Зеленая Роща
11728;11725;554835400;с.Осьмерыжск
11729;11716;554839000;с.о.Жаңабет
11730;11729;554839100;с.Жанабет
11731;11730;554839102;с.Боброво
11732;11729;554839300;с.Жаскайрат
11733;11716;554843000;с.о.Алтай
11734;11733;554843100;с.Алтай
11735;11734;554843103;с.Тимофеевка
11736;11733;554843700;с.Фрументьевка
11737;11716;554845000;с.о.Әулиеағаш
11738;11737;554845100;с.Әулиеағаш
11739;11737;554845200;с.Аққайың
11740;11716;554847000;Жанакурлысский с.о.
11741;11740;554847100;с.Қоржынкөл
11742;11740;554847200;с.Жанакурлыс
11743;11740;554847400;с.Покровка
11744;11740;554847500;с.Тегистик
11745;11716;554849000;Ивановский с.о.
11746;11745;554849100;с.Ивановка
11747;11716;554853000;Калиновский с.о.
11748;11747;554853100;с.Калиновка
11749;11747;554853300;с.Кызылдау
11750;11716;554859000;Октябрьский с.о.
11751;11750;554859100;с.Октябрьское
11752;11750;554859500;с.Первомайск
11753;11716;554863000;Песчанский с.о.
11754;11753;554863100;с.Песчаное
11755;11754;554863109;с.Песчанский
11756;11753;554863300;с.Карасук
11757;11716;554865000;с.о.Томарлы
11758;11757;554865100;с.Томарлы
11759;11757;554865200;с.Воронцовка
11760;11287;555200000;район Аққулы
11761;11760;555230000;с.о.Аққулы
11762;11761;555230100;с.Аққулы
11763;11760;555235000;Баймульдинский с.о.
11764;11763;555235100;с.им.Абылхаира Баймульдина
11765;11763;555235200;с.Такыр
11766;11760;555239000;Жамбылский с.о.
11767;11766;555239100;с.Жамбыл
11768;11766;555239200;с.Жанатан
11769;11766;555239300;с.Айтей
11770;11760;555245000;Кызылагашский с.о.
11771;11770;555245100;с.Бескарагай
11772;11760;555247000;с.о.Қарақала
11773;11772;555247100;с.Қарақала
11774;11772;555247300;с.Шамши
11775;11772;555247400;с.Шабар
11776;11760;555253000;Майкарагайский с.о.
11777;11776;555253100;с.Майкарагай
11778;11776;555253400;с.Мергалым
11779;11760;555255000;Малыбайский с.о.
11780;11779;555255100;с.Малыбай
11781;11779;555255200;с.Казантай
11782;11779;555255300;с.Казы
11783;11760;555257000;Шакинский с.о.
11784;11783;555257100;с.Шака
11785;11783;555257500;с.Шоктал
11786;11760;555259000;Шарбактинский с.о.
11787;11786;555259100;с.Шарбакты
11788;11787;555259180;с.Жабаглы
11789;11786;555259200;с.Тосагаш
11790;11760;555263000;Ямышевский с.о.
11791;11790;555263100;с.Ямышево
11792;11790;555263300;с.Кызылкогам
11793;11790;555263400;с.Тлектес
11794;11287;555600000;Майский район
11795;11794;555630000;Коктубекский с.о.
11796;11795;555630100;с.Коктобе
11797;11795;555630200;Белогорский ХПП
11798;11797;555630203;с.Бестау
11799;11794;555633000;Акжарский с.о.
11800;11799;555633100;с.Большой Акжар
11801;11794;555635000;Акшиманский с.о.
11802;11801;555635100;с.Жана Акшиман
11803;11794;555637000;Баскольский с.о.
11804;11803;555637100;с.Басколь
11805;11804;555637107;с.Кызтамы
11806;11803;555637200;с.Бозша
11807;11803;555637300;с.Жанатлек
11808;11794;555639000;Кентубекский с.о.
11809;11808;555639100;с.Кентубек
11810;11808;555639200;ферма 1
11811;11808;555639400;ферма 3
11812;11794;555643000;Казанский с.о.
11813;11812;555643100;с.Жумыскер
11814;11813;555643104;с.Тасбике
11815;11812;555643300;с.Кызыленбек
11816;11815;555643303;с.Аршалы
11817;11794;555645000;Каратерекский с.о.
11818;11817;555645100;с.Каратерек
11819;11818;555645106;с.Булак
11820;11818;555645107;с.Жаркын
11821;11818;555645108;с.Новый Жаркын
11822;11818;555645109;с.Новый Унжи
11823;11818;555645111;с.Карабудур
11824;11818;555645112;с.Кызылтюбе
11825;11818;555645113;с.Сарытайкора
11826;11818;555645114;с.Сункар
11827;11818;555645115;с.Такил
11828;11818;555645116;с.Торткудык
11829;11818;555645117;с.Унжи
11830;11818;555645118;с.Шынырау
11831;11817;555645200;с.Хасена Сейтказина
11832;11831;555645205;с.Балта
11833;11794;555647000;Майский с.о.
11834;11833;555647100;с.Майское
11835;11833;555647200;с.Енбекши
11836;11794;555649000;Майтубекский с.о.
11837;11836;555649100;с.Майтубек
11838;11794;555651000;Малайсаринский с.о.
11839;11838;555651100;с.Малайсары
11840;11838;555651200;ферма 1
11841;11838;555651300;ферма 2
11842;11794;555653000;Сатинский с.о.
11843;11842;555653100;с.Саты
11844;11842;555653300;с.Абай
11845;11287;556000000;Павлодарский район
11846;11845;556035000;Григорьевский с.о.
11847;11846;556035100;с.Набережное
11848;11846;556035200;с.Жана кала
11849;11845;556037000;Ефремовская с.а.
11850;11849;556037100;с.Ефремовка
11851;11845;556043000;Зангарский с.о.
11852;11851;556043100;с.Зангар
11853;11851;556043400;с.Коряковка
11854;11845;556045000;Заринский с.о.
11855;11854;556045100;с.Заря
11856;11854;556045200;с.Бирлик
11857;11854;556045300;с.Жертумсык
11858;11854;556045400;с.Подстепное
11859;11845;556047000;Кенесский с.о.
11860;11859;556047100;с.Новоямышево
11861;11859;556047200;с.Айтім ауылы
11862;11859;556047300;с.Каратогай
11863;11845;556049000;с.о.Кемеңгер
11864;11863;556049100;с.Кемеңгер
11865;11863;556049300;ст.Красноармейка
11866;11863;556049400;с.Шанды
11867;11845;556053000;Луганский с.о.
11868;11867;556053100;с.Луганск
11869;11867;556053200;с.Богдановка
11870;11867;556053300;с.Аккудык
11871;11845;556055000;Мичуринский с.о.
11872;11871;556055100;с.Мичурино
11873;11871;556055200;с.Госплемстанция
11874;11873;556055203;Дом отдыха Энергетик
11875;11871;556055300;с.Үміт апа
11876;11845;556057000;Ольгинский с.о.
11877;11876;556057100;с.Ольгинка
11878;11845;556059000;Рождественский с.о.
11879;11878;556059100;с.Розовка
11880;11878;556059200;с.Рождественка
11881;11845;556065000;Чернорецкий с.о.
11882;11881;556065100;с.Чернорецк
11883;11881;556065200;с.Достык
11884;11881;556065300;с.Караголь
11885;11881;556065600;с.Пресное
11886;11845;556067000;Черноярский с.о.
11887;11886;556067100;с.Новочерноярка
11888;11886;556067200;с.Сычевка
11889;11886;556067300;с.Черноярка
11890;11889;556067305;Дом отд. Черноярская жемчужина
11891;11889;556067307;Дом отд. Золотая Нива
11892;11845;556069000;Шакатский с.о.
11893;11892;556069100;с.Шакат
11894;11892;556069200;с.Заозерное
11895;11892;556069300;с.Коктюбе
11896;11892;556069400;с.Толубай
11897;11892;556069500;с.Маралды
11898;11287;556400000;Успенский район
11899;11898;556430000;Успенский с.о.
11900;11899;556430100;с.Успенка
11901;11899;556430300;с.Белоусовка
11902;11899;556430400;с.Травянка
11903;11898;556435000;Козыкеткенский с.о.
11904;11903;556435100;с.Козыкеткен
11905;11903;556435200;с.Ковалевка
11906;11898;556443000;Лозовский с.о.
11907;11906;556443100;с.Лозовое
11908;11906;556443300;с.Богатырь
11909;11906;556443400;с.Каратай
11910;11898;556447000;Новопокровский с.о.
11911;11910;556447100;с.Галицкое
11912;11910;556447300;с.Новопокровка
11913;11898;556449000;Ольгинский с.о.
11914;11913;556449100;с.Қызылағаш
11915;11913;556449300;с.Тимирязево
11916;11913;556449400;с.Ольховка
11917;11898;556453000;Конырозекский с.о.
11918;11917;556453100;с.Коныр Озек
11919;11917;556453200;с.Дмитриевка
11920;11917;556453300;с.Вознесенка
11921;11917;556453400;с.Надаровка
11922;11898;556455000;Равнопольский с.о.
11923;11922;556455100;с.Константиновка
11924;11922;556455200;с.Равнополь
11925;11922;556455300;с.Таволжан
11926;11287;556800000;Щербактинский район
11927;11926;556830000;Шарбактинский с.о.
11928;11927;556830100;с.Шарбакты
11929;11927;556830200;с.Сынтас
11930;11927;556830300;с.Богодаровка
11931;11927;556830400;с.Малиновка
11932;11927;556830500;с.Татьяновка
11933;11927;556830600;с.Назаровка
11934;11926;556833000;Александровский с.о.
11935;11934;556833100;с.Александровка
11936;11934;556833200;с.Жанааул
11937;11934;556833300;с.Алексеевка
11938;11934;556833400;ст.Куркамыс
11939;11926;556837000;Галкинский с.о.
11940;11939;556837100;с.Галкино
11941;11939;556837200;с.Арбаиген
11942;11939;556837300;с.Ботабас
11943;11939;556837600;с.Чигириновка
11944;11926;556839000;Жылыбулакский с.о.
11945;11944;556839100;с.Хмельницкое
11946;11944;556839200;с.Кольбулак
11947;11944;556839400;с.Сахновка
11948;11944;556839500;с.Жылыбулак
11949;11944;556839600;ст.Маралды
11950;11926;556853000;Орловский с.о.
11951;11950;556853100;с.Орловка
11952;11926;556857000;Сосновский с.о.
11953;11952;556857100;с.Сосновка
11954;11952;556857400;с.Заборовка
11955;11952;556857500;с.Красиловка
11956;11926;556867000;Шалдайский с.о.
11957;11956;556867100;с.Шалдай
11958;11956;556867300;с.Садыкащи
11959;11956;556867500;с.Есильбай
11960;11956;556867700;с.Чушкалы
11961;0;590000000;Северо-Казахстанская область
11962;11961;591000000;Петропавловск Г.А.
11963;11962;591010000;г.Петропавловск
11964;11961;593200000;Айыртауский район
11965;11964;593230000;Володарский с.о.
11966;11965;593230100;с.Саумалколь
11967;11965;593230200;с.Новоукраинка
11968;11965;593230300;с.Айыртау
11969;11965;593230400;с.Баянтай
11970;11965;593230500;с.Галицино
11971;11965;593230700;с.Красногорка
11972;11965;593230900;с.Орловка
11973;11964;593233000;Антоновский с.о.
11974;11973;593233100;с.Антоновка
11975;11973;593233200;с.Акан сере
11976;11973;593233400;с.Жумысшы
11977;11976;593233480;с.Заря
11978;11973;593233580;с.Комаровка
11979;11973;593233680;с.Лавровка
11980;11973;593233900;ст.Уголки
11981;11964;593235000;Арыкбалыкский с.о.
11982;11981;593235100;с.Арыкбалык
11983;11981;593235200;с.Горное
11984;11981;593235300;с.Агынтай батыра
11985;11981;593235400;с.Карасай батыра
11986;11981;593235500;с.Баян
11987;11981;593235600;с.Целинное
11988;11964;593239000;Гусаковский с.о.
11989;11988;593239100;с.Гусаковка
11990;11988;593239200;с.Береславка
11991;11988;593239300;с.Карсаковка
11992;11988;593239800;с.Новосветловка
11993;11964;593240000;Елецкий с.о.
11994;11993;593240100;с.Елецкое
11995;11993;593240300;с.Айыртауское
11996;11993;593240500;с.Колесниковка
11997;11993;593240800;с.Междуозерное
11998;11964;593242000;Константиновский с.о.
11999;11998;593242100;с.Константиновка
12000;11998;593242200;с.Аканбурлык
12001;11998;593242300;с.Акшокы
12002;11998;593242500;с.Красново
12003;11998;593242600;с.Куспек
12004;11998;593242700;с.Матвеевка
12005;11964;593243000;Имантауский с.о.
12006;12005;593243100;с.Имантау
12007;12005;593243300;с.Верхний Бурлук
12008;11964;593244000;Камсактинский с.о.
12009;12008;593244100;с.Қамсақты
12010;12008;593244300;с.Бирлестик
12011;12008;593244400;с.Кумтоккен
12012;12008;593244500;с.Укили Ыбырай
12013;12008;593244600;с.Орлиногорское
12014;12008;593244700;с.Светлое
12015;11964;593245000;Казанский с.о.
12016;12015;593245100;с.Казанка
12017;12015;593245200;с.Аксеновка
12018;12015;593245300;с.Бурлык
12019;12015;593245400;с.Всеволодовка
12020;12015;593245680;с.Никольско-Бурлукское
12021;12015;593245700;с.Никольское
12022;12021;593245780;с.Прекрасное
12023;11964;593246000;Каратальский с.о.
12024;12023;593246100;с.Каратал
12025;12023;593246200;с.Ботай
12026;12023;593246300;с.Высокое
12027;12023;593246500;с.Косколь
12028;12023;593246800;с.Шукирлик
12029;11964;593247000;Нижнебурлукский с.о.
12030;12029;593247100;с.Нижний Бурлук
12031;12029;593247500;с.Жаксы Жалгызтау
12032;11964;593248000;Лобановский с.о.
12033;12032;593248100;с.Лобаново
12034;12032;593248200;с. Альжан
12035;12032;593248400;с.Заря
12036;12032;593248700;с.Шалкар
12037;11964;593249000;Сырымбетский с.о.
12038;12037;593249100;с.Сырымбет
12039;12037;593249200;с.Даукара
12040;12037;593249300;с.Егиндыагаш
12041;12037;593249480;с.Каракамыс
12042;12037;593249500;с.Сарыбулак
12043;12037;593249600;с.Сулуколь
12044;12043;593249680;с.Шолакозек
12045;12037;593249700;с.Шоккарагай
12046;11964;593251000;Украинский с.о.
12047;12046;593251100;с.Кирилловка
12048;12046;593251200;с.Бурлык
12049;12046;593251300;с.Каменный Брод
12050;12046;593251400;с.Карловка
12051;12046;593251500;с.Кутузовка
12052;12046;593251600;с.Петропавловка
12053;12046;593251700;с.Сарысай
12054;12046;593251800;с.Сарытубек
12055;11961;593400000;Акжарский район
12056;12055;593430000;Талшыкский с.о.
12057;12056;593430100;с.Талшик
12058;12056;593430200;с.Казанское
12059;12056;593430500;с.Тугуржап
12060;12056;593430600;с.Ульгили
12061;12055;593432000;Айсаринский с.о.
12062;12061;593432100;с.Айсаринское
12063;12055;593433000;Алкатерекский с.о.
12064;12063;593433100;с.Алкатерек
12065;12055;593435000;Восходский с.о.
12066;12065;593435100;с.Восходское
12067;12065;593435200;с.Аксай
12068;12055;593436000;Кенащинский с.о.
12069;12068;593436100;с.Кенащы
12070;12068;593436200;с.Байтус
12071;12055;593437000;Кишикараойский с.о.
12072;12071;593437100;с.Бостандык
12073;12071;593437300;с.Кіші Қараой
12074;12055;593438000;Кулыкольский с.о.
12075;12074;593438100;с.Кулыколь
12076;12074;593438300;с.Карашилик
12077;12055;593439000;Ленинградский с.о.
12078;12077;593439100;с.Ленинградское
12079;12077;593439200;с.Дауит
12080;12077;593439300;с.Кызылту
12081;12055;593441000;Майский с.о.
12082;12081;593441100;с.Майское
12083;12055;593443000;с.о.Үлкен Қараой
12084;12083;593443100;с.Баймырза
12085;12083;593443200;с.Горьковское
12086;12055;593445000;Акжаркынский с.о.
12087;12086;593445100;с.Акжаркын
12088;12086;593445200;с.Ащиколь
12089;12055;593449000;Уялинский с.о.
12090;12089;593449100;с.Уялы
12091;12089;593449800;с.Аксары
12092;11961;593600000;Район Магжана Жумабаева
12093;12092;593620000;Булаевская г.а.
12094;12093;593620100;г.Булаево
12095;12093;593620200;с.Медвежка
12096;12092;593633000;Авангардский с.о.
12097;12096;593633100;с.Полтавка
12098;12096;593633200;с.Достық
12099;12096;593633400;с.Рощино
12100;12092;593637000;Бастомарский с.о.
12101;12100;593637100;с.Бастомар
12102;12100;593637300;с.Писаревка
12103;12100;593637400;с.Веселовка
12104;12092;593639000;Возвышенский с.о.
12105;12104;593639100;с.Возвышенка
12106;12104;593639300;с.Малая Возвышенка
12107;12104;593639400;с.Александровка
12108;12092;593647000;Конюховский с.о.
12109;12108;593647100;с.Конюхово
12110;12108;593647400;с.Куломзино
12111;12092;593651000;Каракогинский с.о.
12112;12111;593651100;с.Каракога
12113;12111;593651400;с.Образец
12114;12111;593651500;с.Чистое
12115;12092;593653000;Лебяжинский с.о.
12116;12115;593653100;с.Лебяжье
12117;12115;593653300;с.Куралай
12118;12092;593657000;с.о.Магжан
12119;12118;593657100;с.Жастар
12120;12118;593657200;с.Сарытомар
12121;12092;593659000;Молодогвардейский с.о.
12122;12121;593659100;с.Молодогвардейское
12123;12121;593659200;с.Золотая Нива
12124;12092;593663000;с.о.Ноғайбай би
12125;12124;593663100;с.Надежка
12126;12124;593663200;с.Бинаш
12127;12124;593663300;с.Дюсеке
12128;12124;593663400;с.Еремеевка
12129;12124;593663500;с.Ногайбай
12130;12124;593663600;с.Караганды
12131;12092;593665000;с.о.Аққайың
12132;12131;593665100;с.Октябрьское
12133;12131;593665300;с.Суворовка
12134;12131;593665400;с.Хлебороб
12135;12131;593665500;с.Гаврино
12136;12131;593665600;с.Зарослое
12137;12092;593669000;Полудинский с.о.
12138;12137;593669100;с.Полудино
12139;12137;593669200;с.Ганькино
12140;12137;593669300;ст.Ганькино
12141;12092;593673000;с.о.Алтын дән
12142;12141;593673100;с.Советское
12143;12141;593673200;с.Придорожное
12144;12092;593675000;Тамановский с.о.
12145;12144;593675100;с.Таманское
12146;12144;593675200;с.Пулеметовка
12147;12144;593675300;с.Майбалык
12148;12092;593677000;Успенский с.о.
12149;12148;593677100;с.Успенка
12150;12148;593677200;с.Косколь
12151;12148;593677400;с.Сулышок
12152;12148;593677500;с.Уваковское
12153;12092;593679000;Узынкольский с.о.
12154;12153;593679100;с.Узынколь
12155;12153;593679200;с.Косколь
12156;12153;593679300;с.Шандак
12157;12092;593683000;с.о.Бәйтерек
12158;12157;593683100;с. Байтерек
12159;12157;593683200;с.Новотроицкое
12160;12157;593683300;с.Береке
12161;12157;593683400;с.Рявкино
12162;12092;593685000;Чистовский с.о.
12163;12162;593685100;с.Чистовское
12164;12162;593685200;с.Тищенко
12165;12162;593685300;с.Украинка
12166;12162;593685400;с.Урожайное
12167;12162;593685500;с.Пролетарка
12168;11961;594200000;Есильский район
12169;12168;594230000;Явленский с.о.
12170;12169;594230100;с.Явленка
12171;12168;594233000;Алматинский с.о.
12172;12171;594233100;с.Орнек
12173;12171;594233200;с.Жаркайын
12174;12171;594233300;с.Мектеп
12175;12168;594235000;Амангельдинский с.о.
12176;12175;594235100;с.Амангельдинское
12177;12175;594235300;с.Поляковка
12178;12175;594235400;с.Талапкер
12179;12168;594237000;Бескудукский с.о.
12180;12179;594237100;с.Бескудук
12181;12179;594237200;с.Алабие
12182;12179;594237400;с.Черуновка
12183;12168;594239000;Булакский с.о.
12184;12183;594239100;с.Булак
12185;12183;594239200;с.Актас
12186;12183;594239300;с.Карагай
12187;12168;594241000;Волошинский с.о.
12188;12187;594241100;с.Волошинка
12189;12187;594241200;с.Ивано-Петровка
12190;12187;594241300;с.Лузинка
12191;12168;594243000;Заградовский с.о.
12192;12191;594243100;с.Заградовка
12193;12191;594243200;с.Горное
12194;12191;594243300;с.Жамбыл
12195;12191;594243600;с.Тонкошуровка
12196;12168;594245000;Заречный с.о.
12197;12196;594245100;с.Чириковка
12198;12196;594245500;с.Караагаш
12199;12196;594245600;с.Луговое
12200;12168;594247000;Ильинский с.о.
12201;12200;594247100;с.Ильинка
12202;12200;594247200;с.Амангельды
12203;12200;594247300;с.Александровка
12204;12168;594249000;Корнеевский с.о.
12205;12204;594249100;с.Корнеевка
12206;12204;594249200;с.Леонидовка
12207;12204;594249400;с.Советское
12208;12168;594251000;Николаевский с.о.
12209;12208;594251100;с.Николаевка
12210;12208;594251200;с.Каратал
12211;12168;594253000;Петровский с.о.
12212;12211;594253100;с.Петровка
12213;12211;594253200;с.Бирлик
12214;12211;594253400;с.Мадениет
12215;12168;594255000;Покровский с.о.
12216;12215;594255100;с.Покровка
12217;12215;594255200;с.Енбек
12218;12215;594255300;с.Есильское
12219;12215;594255400;с.Мальцево
12220;12168;594256000;Спасовский с.о.
12221;12220;594256100;с.Спасовка
12222;12220;594256300;с.Сарыман
12223;12220;594256500;с.Тауагаш
12224;12168;594257000;Тарангульский с.о.
12225;12224;594257100;с.Тарангул
12226;12224;594257200;с.Двинск
12227;12168;594261000;Ясновский с.о.
12228;12227;594261100;с.Ясновка
12229;12227;594261300;с.Стрельниковка
12230;11961;594600000;Жамбылский район
12231;12230;594630000;Пресновский с.о.
12232;12231;594630100;с.Пресновка
12233;12231;594630300;с.Железное
12234;12230;594633000;Архангельский с.о.
12235;12234;594633100;с.Архангелка
12236;12234;594633200;с.Айтуар
12237;12234;594633400;с.Ульги
12238;12234;594633500;с.Баян
12239;12234;594633600;с.Баймаганбета Изтолина
12240;12230;594637000;Благовещенский с.о.
12241;12240;594637100;с.Благовещенка
12242;12240;594637300;с.Майбалык
12243;12230;594639000;Жамбылский с.о.
12244;12243;594639100;с.Жамбыл
12245;12243;594639300;с.Есперли
12246;12243;594639400;с.Караагаш
12247;12230;594643000;Кладбинский с.о.
12248;12247;594643100;с.Кладбинка
12249;12247;594643200;с.Сенжарка
12250;12247;594643300;с.Симаки
12251;12247;594643500;с.Миролюбово
12252;12247;594643600;с.Новорыбинка
12253;12230;594645000;Казанский с.о.
12254;12253;594645100;с.Казанка
12255;12253;594645200;с.Екатериновка
12256;12253;594645400;с.Светлое
12257;12230;594647000;Кайранкольский с.о.
12258;12257;594647100;с.Кайранколь
12259;12257;594647200;с.Новое
12260;12257;594647300;с.Украинское
12261;12230;594649000;Майбалыкский с.о.
12262;12261;594649100;с.Святодуховка
12263;12261;594649200;с.Жанажол
12264;12261;594649500;с.Ольговка
12265;12261;594649600;с.Сабит
12266;12230;594651000;Мирный с.о.
12267;12266;594651100;с.Мирное
12268;12266;594651200;с.Айымжан
12269;12266;594651300;с.Узынколь
12270;12266;594651400;с.Петровка
12271;12230;594655000;Озерный с.о.
12272;12271;594655100;с.Озерное
12273;12271;594655300;с.Бауманское
12274;12271;594655400;с.Каракамыс
12275;12230;594657000;Первомайский с.о.
12276;12275;594657100;с.Буденное
12277;12275;594657200;с.Калиновка
12278;12275;594657300;с.Кабань
12279;12275;594657400;с.Чапаевка
12280;12230;594661000;Пресноредутский с.о.
12281;12280;594661100;с.Пресноредуть
12282;12280;594661200;с. Нурымбет
12283;12280;594661300;с.Макарьевка
12284;12230;594663000;Троицкий с.о.
12285;12284;594663100;с.Троицкое
12286;11961;595000000;Кызылжарский район
12287;12286;595030000;Бескольский с.о.
12288;12287;595030100;с.Бесколь
12289;12286;595033000;Архангельский с.о.
12290;12289;595033100;с.Архангельское
12291;12289;595033200;с.Новокаменка
12292;12286;595035000;Асановский с.о.
12293;12292;595035100;с.Асаново
12294;12292;595035300;с.Михайловка
12295;12292;595035400;с.Малое Белое
12296;12292;595035500;с.Плоское
12297;12292;595035600;с.Толмачевка
12298;12286;595037000;Березовский с.о.
12299;12298;595037100;с.Большая Малышка
12300;12298;595037200;с.Барневка
12301;12298;595037400;с.Гончаровка
12302;12298;595037600;с.Ташкентка
12303;12298;595037700;с.Долматово
12304;12286;595041000;Бугровский с.о.
12305;12304;595041100;с.Бугровое
12306;12304;595041500;с.Новогеоргиевка
12307;12304;595041600;с.Сосновка
12308;12286;595043000;Вагулинский с.о.
12309;12308;595043100;с.Вагулино
12310;12308;595043300;с.Желяково
12311;12308;595043400;с.Красноярка
12312;12308;595043500;с.Кустовое
12313;12308;595043600;с.Красный Яр
12314;12286;595045000;Виноградовский с.о.
12315;12314;595045100;с.Виноградовка
12316;12314;595045400;с.Сумное
12317;12286;595049000;Куйбышевский с.о.
12318;12317;595049100;с.Боголюбово
12319;12317;595049200;с.Вознесенка
12320;12317;595049300;с.Надежка
12321;12286;595050000;Кызылжарский с.о.
12322;12321;595050100;с.Байтерек
12323;12321;595050300;с.Карлуга
12324;12321;595050400;с.Приишимка
12325;12321;595050500;с.Подгорное
12326;12321;595050600;с.Трудовая Нива
12327;12321;595050800;с.Чапаево
12328;12286;595051000;Лесной с.о.
12329;12328;595051100;с.Пресновка
12330;12328;595051200;с.Глубокое
12331;12286;595053000;Налобинский с.о.
12332;12331;595053100;с.Налобино
12333;12331;595053200;с.Дубровное
12334;12331;595053400;с.Николаевка
12335;12331;595053500;с.Гайдуково
12336;12286;595055000;Новоникольский с.о.
12337;12336;595055100;с.Новоникольское
12338;12336;595055200;с.Новоалександровка
12339;12336;595055300;с.Трудовое
12340;12286;595057000;Петерфельдский с.о.
12341;12340;595057100;с.Петерфельд
12342;12340;595057200;с.Боровское
12343;12340;595057300;с.Затон
12344;12340;595057400;с.Измайловка
12345;12340;595057500;с.Кондратовка
12346;12340;595057600;с.Кривоозерка
12347;12340;595057700;Ост.пункт 2603 км
12348;12286;595059000;Прибрежный с.о.
12349;12348;595059100;с.Прибрежное
12350;12348;595059200;с.Тепличное
12351;12348;595059300;с.Шаховское
12352;12286;595063000;Рассветский с.о.
12353;12352;595063100;с.Рассвет
12354;12352;595063200;с.Водопроводное
12355;12352;595063300;с.Красная Горка
12356;12352;595063400;с.Семипалатное
12357;12286;595064000;Рощинский с.о.
12358;12357;595064100;с.Пеньково
12359;12357;595064300;с.Белое
12360;12357;595064400;с.Березовка
12361;12286;595065000;Светлопольский с.о.
12362;12361;595065100;с.Знаменское
12363;12361;595065200;с.Байсал
12364;12361;595065400;с.Метлишино
12365;12361;595065500;с.Новоникольское
12366;12286;595067000;Соколовский с.о.
12367;12366;595067100;с.Соколовка
12368;12286;595069000;Якорский с.о.
12369;12368;595069100;с.Якорь
12370;12368;595069200;с.Вишневка
12371;12368;595069300;с.Вознесенка
12372;12368;595069400;с.Ольшанка
12373;11961;595200000;Мамлютский район
12374;12373;595220000;Мамлютская г.а.
12375;12374;595220100;г.Мамлютка
12376;12373;595231000;Андреевский с.о.
12377;12376;595231100;с.Андреевка
12378;12376;595231200;с.Бостандык
12379;12376;595231300;с.Владимировка
12380;12373;595233000;Беловский с.о.
12381;12380;595233100;с.Белое
12382;12380;595233200;с.Коваль
12383;12380;595233600;с.Чистое
12384;12380;595233700;с.Щучье
12385;12373;595235000;Воскресеновский с.о.
12386;12385;595235100;с.Воскресеновка
12387;12385;595235200;с.Искра
12388;12385;595235400;с.Становое
12389;12373;595237000;Дубровинский с.о.
12390;12389;595237100;с.Дубровное
12391;12389;595237200;с.Михайловка
12392;12389;595237300;с.Новодубровное
12393;12389;595237400;с.Пчелино
12394;12373;595239000;Краснозаменный с.о.
12395;12394;595239100;с.Краснознаменное
12396;12394;595239200;с.Беловка
12397;12394;595239300;с.Калугино
12398;12373;595241000;Кызыласкерский с.о.
12399;12398;595241100;с.Кызыласкер
12400;12398;595241300;с.Раздольное
12401;12398;595241400;с.Степное
12402;12373;595243000;Леденевский с.о.
12403;12402;595243100;с.Леденево
12404;12402;595243200;с.Новоандреевка
12405;12373;595245000;с.о.Бике
12406;12405;595245100;с.Бике
12407;12405;595245200;с.Дачное
12408;12405;595245300;с.Октябрь
12409;12373;595247000;Новомихайловский с.о.
12410;12409;595247100;с.Новомихайловка
12411;12409;595247200;с.Бексеит
12412;12409;595247300;с.Минкесер
12413;12409;595247500;с.Токаревка
12414;12373;595249000;Пригородный с.о.
12415;12414;595249100;с.Покровка
12416;12373;595251000;Становский с.о.
12417;12416;595251100;с.Афонькино
12418;12416;595251500;с.Орел
12419;11961;595600000;Район Шал акына
12420;12419;595620000;Сергеевская г.а.
12421;12420;595620100;г.Сергеевка
12422;12419;595633000;Афанасьевский с.о.
12423;12422;595633100;с.Афанасьевка
12424;12422;595633200;с.Двойники
12425;12422;595633400;с.Рясинка
12426;12422;595633500;с.Садовка
12427;12419;595635000;Аютасский с.о.
12428;12427;595635100;с.Каратал
12429;12427;595635200;с.Аканбарак
12430;12427;595635300;с.Коктерек
12431;12427;595635500;с.Ыскака Ыбыраева
12432;12419;595637000;Городецкий с.о.
12433;12432;595637100;с.Городецкое
12434;12432;595637200;с.Баганаты
12435;12432;595637300;с.Коноваловка
12436;12432;595637400;с.Жалтыр
12437;12432;595637600;с. Мерген
12438;12419;595638000;Жанажолский с.о.
12439;12438;595638100;с.Жанажол
12440;12438;595638300;с.Жанаталап
12441;12438;595638500;с.Кенес
12442;12419;595639000;с.о.Арай
12443;12442;595639100;с.Арай
12444;12442;595639200;с.Алкаагаш
12445;12442;595639300;с.Ровное
12446;12442;595639400;с.Социал
12447;12419;595643000;Новопокровский с.о.
12448;12447;595643100;с.Новопокровка
12449;12447;595643200;с.Аксу
12450;12447;595643300;с.Белоглинка
12451;12447;595643400;с.Енбек
12452;12447;595643500;с.Жанасу
12453;12419;595647000;Приишимский с.о.
12454;12453;595647100;с.Повозочное
12455;12453;595647200;с.Бирлик
12456;12453;595647400;с.Меней
12457;12453;595647500;с.Ортаколь
12458;12419;595649000;Семипольский с.о.
12459;12458;595649100;с.Семиполка
12460;12458;595649200;с.Балуан
12461;12458;595649300;с.Астаган
12462;12458;595649500;с.Ступинка
12463;12419;595653000;Сухорабовский с.о.
12464;12463;595653100;с.Сухорабовка
12465;12463;595653300;с.Ольгинка
12466;12419;595655000;Юбилейный с.о.
12467;12466;595655100;с.Крещенка
12468;12466;595655200;с.Белоградовка
12469;12466;595655300;с.Куприяновка
12470;12466;595655800;с. Узынжар
12471;11961;595800000;Аккайынский район
12472;12471;595830000;Смирновский с.о.
12473;12472;595830100;с.Смирново
12474;12471;595833000;Аралагашский с.о.
12475;12474;595833100;с.Аралагаш
12476;12474;595833200;с.Амангельды
12477;12474;595833300;с.Рублевка
12478;12471;595835000;Астраханский с.о.
12479;12478;595835100;с.Астраханка
12480;12478;595835200;с.Каратомар
12481;12471;595837000;Власовский с.о.
12482;12481;595837100;с.Власовка
12483;12481;595837200;с.Безлесное
12484;12471;595839000;Григорьевский с.о.
12485;12484;595839100;с.Трудовое
12486;12484;595839200;с.Григорьевка
12487;12484;595839300;с.Коктерек
12488;12484;595839400;с.Кенжегалы
12489;12471;595843000;Ивановский с.о.
12490;12489;595843100;с.Ивановка
12491;12471;595845000;Киялинский с.о.
12492;12491;595845100;с.Киялы
12493;12491;595845200;с.Барыколь
12494;12491;595845500;с.Кучковка
12495;12471;595847000;Лесной с.о.
12496;12495;595847100;с.Ленинское
12497;12495;595847200;с.Дайындык
12498;12471;595849000;Полтавский с.о.
12499;12498;595849100;с.Полтавка
12500;12498;595849200;с.Борки
12501;12471;595857000;Токушинский с.о.
12502;12501;595857100;с.Токуши
12503;12501;595857200;с.Камышлово
12504;12501;595857500;с.Тюменка
12505;12471;595858000;с.о.Шагалалы
12506;12505;595858100;с.Шагалалы
12507;12505;595858400;с.Степное
12508;12505;595858600;с.Южное
12509;12471;595859000;Черкасский с.о.
12510;12509;595859100;с.Черкасское
12511;12509;595859200;с.Добровольское
12512;12509;595859300;с.Новороссийское
12513;11961;596000000;Тайыншинский район
12514;12513;596020000;Тайыншинская г.а.
12515;12514;596020100;г.Тайынша
12516;12513;596033000;Абайский с.о.
12517;12516;596033100;с.Карагаш
12518;12516;596033200;с.Калиновка
12519;12516;596033300;с.Константиновка
12520;12516;596033700;с.Тапшил
12521;12513;596035000;Алаботинский с.о.
12522;12521;596035100;с.Аккудук
12523;12521;596035400;с.Золоторунное
12524;12521;596035600;с.Талдыколь
12525;12521;596035700;с.Целинное
12526;12513;596036000;Амандыкский с.о.
12527;12526;596036100;с.Амандык
12528;12526;596036400;с.Жанадаур
12529;12526;596036500;с.Ильичевка
12530;12526;596036600;с.Аймак
12531;12513;596037000;Большеизюмовский с.о.
12532;12531;596037100;с.Большой Изюм
12533;12531;596037500;с.Новоприречное
12534;12531;596037600;с.Октябрьское
12535;12531;596037800;с.Северное
12536;12513;596039000;Донецкий с.о.
12537;12536;596039100;с.Донецкое
12538;12536;596039200;с.Белоярка
12539;12536;596039300;с.Краснокиевка
12540;12536;596039400;с.Озерное
12541;12536;596039500;с.Подольское
12542;12513;596041000;Драгомировский с.о.
12543;12542;596041100;с.Драгомировка
12544;12542;596041200;с.Иван-город
12545;12542;596041300;с.Любимовка
12546;12542;596041400;с.Обуховка
12547;12513;596053000;Зеленогайский с.о.
12548;12547;596053100;с.Зеленый Гай
12549;12547;596053300;с.Новогречановка
12550;12513;596055000;Келлеровский с.о.
12551;12550;596055100;с.Келлеровка
12552;12550;596055200;с.Богатыровка
12553;12550;596055400;с.Кременчуг
12554;12513;596056000;Краснополянский с.о.
12555;12554;596056100;с.Красная Поляна
12556;12554;596056300;с.Доброжановка
12557;12554;596056400;с.Краснодольск
12558;12554;596056500;с.Озерное
12559;12554;596056700;с.Степное
12560;12554;596056800;с.Черниговка
12561;12554;596056900;с.Южное
12562;12513;596059000;Кировский с.о.
12563;12562;596059100;с.Кирово
12564;12562;596059200;с.Агроном
12565;12562;596059400;с.Ильич
12566;12513;596063000;Летовочный с.о.
12567;12566;596063100;с.Летовочное
12568;12566;596063400;с.Горькое
12569;12566;596063500;с.Краснокаменка
12570;12566;596063600;с.Мадениет
12571;12566;596063700;с.Подлесное
12572;12566;596063800;с.Талап
12573;12513;596064000;Мироновский с.о.
12574;12573;596064100;с.Мироновка
12575;12573;596064300;с.Виноградовка
12576;12573;596064400;с.Заречное
12577;12573;596064600;с.Надеждинка
12578;12513;596066000;Рощинский с.о.
12579;12578;596066100;с.Рощинское
12580;12578;596066200;с.Димитровка
12581;12578;596066400;с.Краматоровка
12582;12578;596066500;с.Макашевка
12583;12578;596066600;с.Октябрьское
12584;12578;596066800;с.Сарыбай
12585;12513;596067000;Тендыкский с.о.
12586;12585;596067100;с.Тендык
12587;12585;596067600;с.Кантемировское
12588;12585;596067700;с.Котовское
12589;12513;596068000;Тихоокеанский с.о.
12590;12589;596068100;с.Тихоокеанское
12591;12589;596068300;с.Алабота
12592;12589;596068700;с.Шункырколь
12593;12513;596069000;Чермошнянский с.о.
12594;12593;596069100;с.Чермошнянка
12595;12593;596069200;с.Бахмут
12596;12593;596069400;с.Леонидовка
12597;12596;596069480;с.Нагорное
12598;12593;596069580;с.Многоцветное
12599;12593;596069680;с.Новоивановка
12600;12513;596073000;Чкаловский с.о.
12601;12600;596073100;с.Чкалово
12602;12600;596073600;с.Новоберезовка
12603;12600;596073700;с.Петровка
12604;12513;596075000;Яснополянский с.о.
12605;12604;596075100;с.Ясная Поляна
12606;12604;596075200;с.Вишневка
12607;12604;596075300;с.Дашко-Николаевка
12608;12604;596075400;с.Новодворовка
12609;11961;596200000;Тимирязевский район
12610;12609;596230000;Тимирязевский с.о.
12611;12610;596230100;с.Тимирязево
12612;12610;596230200;с.Рассвет
12613;12609;596233000;Аксуатский с.о.
12614;12613;596233100;с.Аксуат
12615;12613;596233200;с.Есиль
12616;12609;596234000;Белоградовский с.о.
12617;12616;596234100;с.Белоградовка
12618;12609;596235000;Дзержинский с.о.
12619;12618;596235100;с.Дзержинское
12620;12609;596237000;Дмитриевский с.о.
12621;12620;596237100;с.Дмитриевка
12622;12620;596237200;с.Жаркен
12623;12620;596237300;с.Интымак
12624;12609;596239000;Докучаевский с.о.
12625;12624;596239100;с.Докучаево
12626;12609;596244000;Интернациональный с.о.
12627;12626;596244100;с.Дружба
12628;12609;596245000;Комсомольский с.о.
12629;12628;596245100;с.Комсомольское
12630;12609;596249000;Мичуринский с.о.
12631;12630;596249100;с.Мичурино
12632;12630;596249200;с.Ленинское
12633;12609;596251000;Москворецкий с.о.
12634;12633;596251100;с.Москворецкое
12635;12609;596253000;Акжанский с.о.
12636;12635;596253100;с.Акжан
12637;12609;596255000;Куртайский с.о.
12638;12637;596255100;с.Степное
12639;12637;596255300;с.Ракитное
12640;12609;596259000;Хмельницкий с.о.
12641;12640;596259100;с.Хмельницкое
12642;12640;596259200;с.Целинное
12643;11961;596400000;Уалихановский район
12644;12643;596430000;Кишкенекольский с.о.
12645;12644;596430100;с.Кишкенеколь
12646;12643;596433000;Актуесайский с.о.
12647;12646;596433100;с.Актуесай
12648;12646;596433200;с.Кузексай
12649;12646;596433300;с. Кондыбай
12650;12643;596434000;Амангельдинский с.о.
12651;12650;596434100;с.Амангельды
12652;12650;596434500;с.Тлеусай
12653;12643;596435000;Бидайыкский с.о.
12654;12653;596435100;с.Бидайык
12655;12653;596435200;с.Жамбыл
12656;12653;596435400;с.Ондирис
12657;12643;596437000;Коктерекский с.о.
12658;12657;596437100;с.Мортык
12659;12658;596437180;с.Коктерек
12660;12643;596441000;Кайратский с.о.
12661;12660;596441100;с.Кайрат
12662;12660;596441500;с.Жаскайрат
12663;12643;596443000;Карасуский с.о.
12664;12663;596443100;с.Аккудык
12665;12663;596443580;с.Золотая Нива
12666;12643;596445000;Каратерекский с.о.
12667;12666;596445100;с.Каратерек
12668;12643;596446000;Кулыкольский с.о.
12669;12668;596446100;с.Кулыколь
12670;12668;596446200;с.Береке
12671;12668;596446300;с.Каратал
12672;12643;596447000;Тельжанский с.о.
12673;12672;596447100;с.Тельжан
12674;12672;596447200;с.Кобенсай
12675;12643;596449000;Акбулакский с.о.
12676;12675;596449100;с.Акбулак
12677;12675;596449200;с.Карашилик
12678;12675;596449300;с.Жас Улан
12679;11961;596600000;Район им.Габита Мусрепова
12680;12679;596630000;Новоишимский с.о.
12681;12680;596630100;с.Новоишимское
12682;12679;596633000;Андреевский с.о.
12683;12682;596633100;с.Андреевка
12684;12682;596633400;с.Жанасу
12685;12682;596633600;с.Раисовка
12686;12679;596635000;Бирликский с.о.
12687;12686;596635100;с.Бирлик
12688;12686;596635300;с.Старобелка
12689;12679;596637000;Возвышенский с.о.
12690;12689;596637100;с.Возвышенка
12691;12689;596637200;с.Брилевка
12692;12689;596637300;с.Григорьевка
12693;12689;596637400;с.Стерлитамак
12694;12689;596637500;с.Чернозубовка
12695;12679;596643000;Дружбинский с.о.
12696;12695;596643100;с.Дружба
12697;12695;596643200;с.Володарское
12698;12695;596643400;с.Жарколь
12699;12695;596643500;с.Целинное
12700;12679;596644000;Кокалажарский с.о.
12701;12700;596644100;с. Кокалажар
12702;12700;596644500;с.Мадениет
12703;12700;596644700;с.Сарыбулак
12704;12679;596645000;Кырымбетский с.о.
12705;12704;596645100;с.Кырымбет
12706;12704;596645400;с.Сокологоровка
12707;12679;596647000;Ломоносовский с.о.
12708;12707;596647100;с.Ломоносовка
12709;12707;596647300;с.Ставрополка
12710;12707;596647400;с.Степное
12711;12707;596647500;с.Урожайное
12712;12679;596649000;Нежинский с.о.
12713;12712;596649100;с.Нежинка
12714;12712;596649200;с.Буденное
12715;12714;596649280;с.Ефимовка
12716;12712;596649400;с.Токсан би
12717;12712;596649500;с.Куприяновка
12718;12679;596653000;Новосельский с.о.
12719;12718;596653100;с.Новоселовка
12720;12718;596653400;с.Мукур
12721;12718;596653500;с.Привольное
12722;12679;596657000;Рузаевский с.о.
12723;12722;596657100;с.Рузаевка
12724;12722;596657200;с.Березовка
12725;12722;596657300;с.Золотоноша
12726;12722;596657500;с.Сарыадыр
12727;12722;596657600;с.Сивковка
12728;12722;596657700;с.Чернобаевка
12729;12679;596658000;Салкынкольский с.о.
12730;12729;596658100;с.Салкынколь
12731;12729;596658500;с.Токты
12732;12679;596659000;Тахтабродский с.о.
12733;12732;596659100;с.Тахтаброд
12734;12732;596659200;с.Ковыльное
12735;12732;596659300;с.Литвиновка
12736;12732;596659400;с.Привольное
12737;12732;596659500;с.Рухловка
12738;12679;596663000;Червонный с.о.
12739;12738;596663100;с.Червонное
12740;12738;596663300;с.Пески
12741;12679;596665000;Чистопольский с.о.
12742;12741;596665100;с.Чистополье
12743;12741;596665200;с.Дубровка
12744;12741;596665300;с.Князевка
12745;12741;596665400;с.Гаршино
12746;12741;596665500;с.Симоновка
12747;12741;596665600;с.Ялты
12748;12679;596667000;Шоптыкольский с.о.
12749;12748;596667100;с.Шоптыколь
12750;12748;596667200;с.Большой Талсай
12751;12748;596667300;с.Жарколь
12752;12748;596667400;с.Конырсу
12753;12748;596667500;с.Разгульное
12754;12679;596669000;Шукыркольский с.о.
12755;12754;596669100;с.Шукырколь
12756;12754;596669300;с.Карагаш
12757;12754;596669500;с.15 лет Казахстана
12758;0;610000000;Туркестанская область
12759;12758;611000000;Туркестан Г.А.
12760;12759;611010000;г.Туркестан
12761;12758;611600000;Арысь Г.А.
12762;12761;611610000;г.Арысь
12763;12761;611633000;Акдалинский с.о.
12764;12763;611633100;с.Акдала
12765;12763;611633300;с.Пакентай Арапов
12766;12761;611635000;с.о.Байыркумский
12767;12766;611635100;с.Байыркум
12768;12766;611635300;с.Жосалы
12769;12766;611635500;с.Кокжиде
12770;12761;611637000;Дармениский с.о.
12771;12770;611637100;с.Дермене
12772;12770;611637200;с.Саналы
12773;12770;611637300;с.Каражантак
12774;12770;611637400;с.Орманды
12775;12770;611637500;с.40-разъезд
12776;12770;611637700;с.Темиржолшы
12777;12770;611637800;с.Кызылкопир
12778;12761;611639000;с.о.Жидели
12779;12778;611639100;с.Жидели
12780;12778;611639200;с.Аккала
12781;12761;611645000;Монтайтасский с.о.
12782;12781;611645100;с.Монтайтас
12783;12781;611645200;с.Актас
12784;12781;611645300;с.Бакырша
12785;12781;611645400;с.Кабылсай
12786;12781;611645500;с.Атамекен
12787;12781;611645600;с.42-разъезд
12788;12781;611645700;с.Тогансай
12789;12781;611645800;с.Шагыр
12790;12761;611647000;с.о.Кожатогай
12791;12790;611647100;с.Кожатогай
12792;12790;611647200;с.Байтогай
12793;12790;611647300;с.Булак
12794;12790;611647400;с.Дарбаза
12795;12790;611647700;с.Шогирли
12796;12758;612000000;Кентау Г.А.
12797;12796;612010000;г.Кентау
12798;12796;612033000;с.а.Ачисай
12799;12798;612033100;с.Ачисай
12800;12796;612035000;с.а.Баялдыр
12801;12800;612035100;с.Баялдыр
12802;12796;612037000;с.а.Кантаги
12803;12802;612037100;с.Кантаги
12804;12796;612039000;Карнакский с.о.
12805;12804;612039100;с.Карнак
12806;12804;612039200;с.Бургем
12807;12804;612039300;с.Кушата
12808;12758;613600000;район Байдибека
12809;12808;613630000;Шаянский с.о.
12810;12809;613630100;с.Шаян
12811;12808;613633000;Агыбетский с.о.
12812;12811;613633100;с.Агыбет
12813;12811;613633200;с.Алгабас
12814;12811;613633300;с.Жанаталап
12815;12811;613633400;с.Жулдыз
12816;12808;613635000;Акбастауский с.о.
12817;12816;613635100;с.Акбастау
12818;12816;613635200;с.Жолгабас
12819;12816;613635400;с.Кенес
12820;12816;613635700;с.Туракты
12821;12808;613637000;Алгабасский с.о.
12822;12821;613637100;с.Шакпак
12823;12822;613637103;Чабанский жил.дом
12824;12821;613637200;с.Казата
12825;12821;613637300;с.Танатар
12826;12825;613637303;Чабанский жил.дом
12827;12821;613637400;с.Усиктас
12828;12808;613639000;Алмалинский с.о.
12829;12828;613639100;с.Алмалы
12830;12829;613639180;с.Байжансай
12831;12828;613639200;с.Жарыкбас
12832;12828;613639300;с.Байдибек
12833;12808;613645000;Боралдайский с.о.
12834;12833;613645100;с.Боралдай
12835;12833;613645200;с.Амансай
12836;12833;613645300;с.Жогаргы Боралдай
12837;12836;613645303;Чабанский жил.дом
12838;12833;613645400;с.Жыланды
12839;12833;613645500;с.Акжар
12840;12839;613645580;с.Каратас
12841;12833;613645600;с.Сарыбулак
12842;12833;613645700;с.О.Тайманова
12843;12833;613645800;с.Талап
12844;12843;613645880;с.Теректи
12845;12833;613645900;с.Туйетас
12846;12808;613647000;Борлысайский с.о.
12847;12846;613647100;с.Актас
12848;12846;613647300;с.Кенсай
12849;12846;613647400;с.Кошкарата
12850;12846;613647600;с.Шукыршак
12851;12808;613649000;Бугунский с.о.
12852;12851;613649100;с.Шалдар
12853;12852;613649103;Чабанский жил.дом
12854;12851;613649300;с.Екпинди
12855;12851;613649400;с.Жиенкум
12856;12851;613649500;с.Саркырама
12857;12856;613649503;Чабанский жил.дом
12858;12808;613653000;Жамбылский с.о.
12859;12858;613653100;с.Жамбыл
12860;12859;613653103;Чабанский жил.дом
12861;12858;613653200;с.Жузимдик
12862;12861;613653203;Чабанский жил.дом
12863;12858;613653300;с.Кызылжар
12864;12863;613653303;Чабанский жил.дом
12865;12858;613653500;с.Таскудык
12866;12865;613653503;Чабанский жил.дом
12867;12858;613653600;с.Шыбыт
12868;12867;613653603;Чабанский жил.дом
12869;12808;613655000;Коктерекский с.о.
12870;12869;613655100;с.Бирлик
12871;12870;613655103;Чабанский жил.дом
12872;12869;613655200;с. Ынтымак
12873;12872;613655203;Чабанский жил.дом
12874;12869;613655300;с.Кенестобе
12875;12808;613659000;Мынбулакский с.о.
12876;12875;613659100;с.Мынбулак
12877;12875;613659200;с.Акбулак
12878;12875;613659300;с.Бестогай
12879;12875;613659400;с.Кайнарбулак
12880;12875;613659500;с.Косбулак
12881;12875;613659600;с.Мадениет
12882;12758;613800000;Жетысайский район
12883;12882;613820100;г.Жетысай
12884;12882;613833000;Абайский с.о.
12885;12884;613833100;с.Халыктар достыгы
12886;12884;613833200;с.Жузимдик
12887;12884;613833300;с.Алтын кемер
12888;12884;613833400;с.Отан
12889;12884;613833500;с.Бейбитшилик
12890;12884;613833600;с. Атажурт
12891;12882;613839000;с.о.Жолдасбая Ералиева
12892;12891;613839100;с.Абай
12893;12891;613839200;с.Дихан
12894;12893;613839280;с.Жазыксай
12895;12891;613839300;с.Ауезова
12896;12891;613839400;с.Жагажай
12897;12891;613839500;с.Жетикубыр
12898;12897;613839580;с.Байтерек
12899;12891;613839600;с.Коктобе
12900;12899;613839680;с.Жетиказына
12901;12891;613839700;с.Муратбаево
12902;12891;613839800;с.Арай
12903;12902;613839880;с.Жанадауир
12904;12891;613839900;с.Сейфуллина
12905;12904;613839980;с.Утиртобе
12906;12882;613843000;Асыкатинская п.а.
12907;12906;613843100;п. Асыката
12908;12882;613849000;с.о.Шаблана Дильдабекова
12909;12908;613849100;с.Джамбул
12910;12908;613849200;с.Зердели
12911;12910;613849280;с.Бирлик
12912;12908;613849300;с.Достык
12913;12908;613849400;с.Жанадала
12914;12913;613849480;с.Байдала
12915;12908;613849500;с.Алпамыс
12916;12915;613849580;с.Кемер
12917;12908;613849600;с.Куришти
12918;12917;613849680;с.Кызылтан
12919;12908;613849700;с.Сырабат
12920;12908;613849800;с.Сайлау
12921;12908;613849900;с.Сулубулак
12922;12882;613853000;Жанааульский с.о.
12923;12922;613853100;с.Атаконыс
12924;12922;613853200;с.Мырзашол
12925;12922;613853300;с.Абдихалык
12926;12922;613853400;с.Карой
12927;12922;613853500;с.Жанаауыл
12928;12922;613853600;с.Ынтымак
12929;12882;613857000;Жылысуский с.о.
12930;12929;613857100;с.Аль-Фараби
12931;12929;613857200;с.Байконыс
12932;12929;613857400;с.Жылысу
12933;12929;613857500;с.Мырзашокы
12934;12929;613857600;с.Сейфуллина
12935;12929;613857700;с.Бакконыс
12936;12882;613865000;Атамекенский с.о.
12937;12936;613865100;с.Атамекен
12938;12936;613865200;с.Алимбетово
12939;12936;613865300;с.Гарышкер
12940;12936;613865400;с.Габдуллино
12941;12936;613865500;с.Жемисти
12942;12936;613865600;с.Баянды
12943;12936;613865700;с.Когалы
12944;12943;613865780;с.Макташы
12945;12936;613865880;с.Талапты
12946;12936;613865980;с.Тындала
12947;12882;613867000;Каракайский с.о.
12948;12947;613867100;с.Каракайское
12949;12947;613867300;с.Енбек
12950;12947;613867500;с.Сатпаева
12951;12947;613867600;с.Караозек
12952;12947;613867900;с.Кетебай
12953;12882;613871000;Кызылкумский с.о.
12954;12953;613871100;с.Датка
12955;12953;613871200;с.Актобе
12956;12955;613871280;с.Алгабас
12957;12953;613871300;с.Коскудык
12958;12957;613871380;с.Акжайлау
12959;12953;613871400;с.Кызылкум
12960;12959;613871480;с.Ақбұлақ
12961;12953;613871500;с.Карасакал
12962;12961;613871580;с.Жалпаккум
12963;12953;613871600;с.Туркебай
12964;12963;613871680;с.Кызылту
12965;12953;613871700;с.Молшылык
12966;12965;613871780;с.Макталы
12967;12953;613871800;с.Алтынкөл
12968;12967;613871880;с.Кобек
12969;12953;613871900;с.Енбекши
12970;12969;613871980;с.Костакыр
12971;12882;613879000;Макталинский с.о.
12972;12971;613879100;с.Макталы
12973;12971;613879200;с.Алтынсарина
12974;12971;613879300;с.Жайлауколь
12975;12971;613879400;с.Шолпанкудук
12976;12975;613879480;с.Темиржол
12977;12971;613879500;с.Жибек жолы
12978;12977;613879580;с.Алмалы
12979;12971;613879600;с.Дархан
12980;12971;613879700;с.Саркырама
12981;12971;613879800;с.Тын
12982;12971;613879900;с.Жетісу
12983;12882;613887000;Ынтымакский с.о.
12984;12983;613887100;с.Корикти
12985;12983;613887200;с.Агынсай
12986;12983;613887300;с.Ушкопир
12987;12983;613887500;с.Оркенды
12988;12987;613887502;с.Победа
12989;12983;613887600;с.Аден ата
12990;12983;613887700;с.Талапты
12991;12983;613887800;с.Акниет
12992;12983;613887900;с.Нураул
12993;12882;613889000;с.о. Казыбек би
12994;12993;613889100;с.Казыбек би
12995;12993;613889200;с.Алгабас
12996;12993;613889300;с.Алькен Оспанова
12997;12993;613889400;с.Джамбул
12998;12993;613889500;с.Таубай ата
12999;12993;613889600;с.Курбан-Ата
13000;12993;613889700;с.Абибола
13001;12758;613900000;Келесский район
13002;13001;613930000;Абайский с.о.
13003;13002;613930100;с.Абай
13004;13001;613937000;Актобинский с.о.
13005;13004;613937100;с.Жуантобе
13006;13004;613937200;с.Акжар
13007;13004;613937300;с.Жанадауир
13008;13007;613937380;с.Кеңдала
13009;13004;613937400;с.Ескикорган
13010;13009;613937480;с.Когерту
13011;13004;613937500;с.Каратобе
13012;13011;613937580;с.Кияжол
13013;13004;613937600;с.Лесбек батыр
13014;13013;613937680;с.Бозсу
13015;13004;613937700;с.Муратбаево
13016;13015;613937780;с.Куйган
13017;13004;613937800;с.Кокбулак
13018;13004;613937900;с.Ынтымак
13019;13001;613941000;Бозайский с.о.
13020;13019;613941100;с.Бозай
13021;13019;613941200;с.Тартогай
13022;13019;613941300;с.Тентексай
13023;13019;613941400;с.Шолантобе
13024;13001;613943000;Бирлесуский с.о.
13025;13024;613943100;с.28 гвардейцев
13026;13024;613943200;с.Казахстан
13027;13024;613943300;с.Дихан
13028;13024;613943400;с.Берекели
13029;13001;613945000;Бирликский с.о.
13030;13029;613945100;с.Бирлик
13031;13029;613945200;с.Жанатиршилик
13032;13029;613945300;с.Ащысай
13033;13029;613945400;с.Курыозек
13034;13029;613945500;с.Мадениет
13035;13029;613945600;с. Косоткел
13036;13029;613945700;с.Ушагаш
13037;13001;613947000;Биртилекский с.о.
13038;13037;613947100;с.Шырылдак
13039;13037;613947200;с.Аккурган
13040;13039;613947280;с.Амангельды
13041;13037;613947300;с.Көлтоған
13042;13041;613947380;с.Жабайытобе
13043;13037;613947400;с.Ораз ата
13044;13037;613947600;с.Жолбасшы
13045;13044;613947680;с.Игилик
13046;13037;613947700;с.Курылыс
13047;13046;613947780;с.Керегетас
13048;13037;613947880;с.Биртилек
13049;13037;613947900;с.Шукырсай
13050;13049;613947980;с.Енбекши
13051;13001;613953000;Жамбылский с.о.
13052;13051;613953100;с.Бекбота
13053;13051;613953200;с.Ашикуль
13054;13051;613953300;с.Байгабыл
13055;13051;613953400;с.Калгансыр
13056;13051;613953500;с.Майдабозай
13057;13001;613959000;Жузумдикский с.о.
13058;13057;613959100;с.Бирлесу
13059;13057;613959200;с. Аксу
13060;13057;613959300;с.Жузумдик
13061;13057;613959400;с.Онтустик
13062;13001;613971000;Кошкаратинский с.о.
13063;13062;613971100;с.Алгабас
13064;13062;613971200;с.Бескубыр
13065;13062;613971300;с.Аманжар
13066;13062;613971400;с.Жамбыл
13067;13066;613971480;с.Жанаконыс
13068;13062;613971500;с. Бесауыл
13069;13068;613971580;с.Карабура аулие
13070;13062;613971600;с.Кошкарата
13071;13070;613971680;с. Байтерек
13072;13062;613971700;с.Макташы
13073;13072;613971780;с.1 Мамыр
13074;13062;613971800;с.Ушкын
13075;13062;613971900;с.Шыныр
13076;13001;613975000;Алпамыс батыра с.о.
13077;13076;613975100;с.Ақжол
13078;13076;613975200;с.Кауыншы
13079;13001;613977000;Ошактинский с.о.
13080;13079;613977100;с.Ошакты
13081;13079;613977200;с.Атаконыс
13082;13079;613977300;с.Енбек
13083;13079;613977400;с.Жетитобе
13084;13079;613977500;с.Береке
13085;13084;613977580;с.Каратал
13086;13079;613977600;с.Коныртобе
13087;13086;613977680;с.Бакышсай
13088;13079;613977700;с.Сәмбет Саттаров
13089;13079;613977800;с.Санырау
13090;13089;613977880;с.Сарыжылга
13091;13079;613977900;с.Ынталы
13092;13091;613977980;с.Жидели
13093;13001;613983000;Ушкынский с.о.
13094;13093;613983100;с.Достык
13095;13093;613983200;с.Ушкын
13096;13093;613983300;с.Коралас
13097;12758;614000000;Казыгуртский район
13098;13097;614030000;Казыгуртский с.о.
13099;13098;614030100;с.Казыгурт
13100;13097;614033000;Алтынтобинский с.о.
13101;13100;614033100;с.Алтынтобе
13102;13100;614033200;с.Аккум
13103;13100;614033400;с.Карабау
13104;13100;614033500;с.Каржан
13105;13100;614033600;с.Косагаш
13106;13097;614035000;Жанабазарский с.о.
13107;13106;614035100;с.Жанабазар
13108;13106;614035200;с.Жылыбулак
13109;13106;614035300;с.Жанажол
13110;13106;614035400;с.Жанаталап
13111;13106;614035500;с.Женис
13112;13106;614035600;с.Ушбастау
13113;13106;614035700;с.Карабастау
13114;13106;614035800;с.Тилектес
13115;13106;614035900;с.Улгили
13116;13097;614036000;Жигергенский с.о.
13117;13116;614036100;с.Жигерген
13118;13116;614036200;с.Айнатас
13119;13116;614036400;с.Дикан
13120;13116;614036500;с.Кызылбулак
13121;13116;614036700;с.Тесиктобе
13122;13121;614036707;Жакайкора
13123;13121;614036727;Шалкаркора
13124;13116;614036800;с.Огем
13125;13097;614037000;с.о. Сабыра Рахимова
13126;13125;614037100;с.Кокибел
13127;13125;614037400;с.Кызылата
13128;13125;614037600;с.Майбулак
13129;13097;614043000;Какпакский с.о.
13130;13129;614043100;с.Какпак
13131;13129;614043200;с.Зангар
13132;13129;614043300;с.Сырлысай
13133;13097;614045000;Карабауский с.о.
13134;13133;614045100;с.Карабау
13135;13133;614045200;с.Сынтас
13136;13133;614045300;с.Жумысшы
13137;13133;614045400;с.Ушбулак
13138;13097;614047000;Кызылкиянский с.о.
13139;13138;614047100;с.Тугыртас
13140;13139;614047107;Жанакора
13141;13138;614047200;с.Айнатас
13142;13138;614047300;с.Кызылкия
13143;13138;614047400;с.Ынталы
13144;13138;614047500;с.Кызылсенгир
13145;13138;614047600;с.Атажұрт
13146;13097;614049000;с.о.Каракозы Абдалиева
13147;13146;614049100;с.Рабат
13148;13146;614049200;с.Амангельды
13149;13146;614049300;с.Атбулак
13150;13146;614049400;с.Енбекши
13151;13150;614049413;Тауыккора
13152;13146;614049500;с.Жанаталап
13153;13146;614049600;с. Кыдыр Мамбетулы
13154;13146;614049700;с.Кызылдала
13155;13097;614053000;Турбатский с.о.
13156;13155;614053100;с.Турбат
13157;13156;614053113;Сергазыкора
13158;13155;614053200;с.Енбек
13159;13155;614053300;с.Кызылдихан
13160;13155;614053400;с.Ондирис
13161;13097;614055000;Шанакский с.о.
13162;13161;614055100;с.Шанак
13163;13161;614055200;с.Акжар
13164;13161;614055300;с.Старый Шанак
13165;13161;614055400;ст.Чанак
13166;13161;614055500;с.Ызабулак
13167;13097;614057000;с.о.Сарапхана
13168;13167;614057100;с.Сарапхана
13169;13167;614057200;с.Бакабулак
13170;13167;614057300;с.Жинишке
13171;13167;614057400;с.Майлыошак
13172;13167;614057500;с.им.Махамбет Утемисова
13173;13167;614057600;с.Талдыбулак
13174;13097;614063000;Шарбулакский с.о.
13175;13174;614063100;с.Шарбулак
13176;13174;614063500;с.Акбастау
13177;12758;614400000;Мактааральский район
13178;13177;614430000;Мырзакентская п.а.
13179;13178;614430100;п. Мырзакент
13180;13177;614435000;Достыкский с.о.
13181;13180;614435100;с.Бескетик
13182;13180;614435200;с.Коксу
13183;13180;614435300;с.Достык
13184;13180;614435400;с.Жолбарыса Калшораева
13185;13180;614435500;с.Хайдар
13186;13180;614435600;с.Гулистан
13187;13177;614438000;Бирликский с.о.
13188;13187;614438100;с.Кудайберген Пернебаева
13189;13187;614438200;с.Алгабас
13190;13187;614438300;с.Еркинабад
13191;13187;614438400;с.Оркениет
13192;13187;614438500;с.Конырат
13193;13187;614438600;с.Табысты
13194;13177;614445000;Енбекшинский с.о.
13195;13194;614445100;с.Жантаксай
13196;13194;614445200;с.Жанатурмыс
13197;13194;614445300;с.Шугыла
13198;13194;614445400;с.Танирбергена Жайлыбаева
13199;13194;614445500;с.Нурлытан
13200;13177;614447000;Жамбылский с.о.
13201;13200;614447100;с.Жамбыл
13202;13200;614447200;с.Абай
13203;13200;614447300;с.Кенесшил
13204;13200;614447400;с.Кокпарсай
13205;13177;614455000;Жанажолский с.о.
13206;13205;614455100;с.Арайлы
13207;13205;614455200;с.Достык
13208;13205;614455300;с.Женис
13209;13205;614455400;с.Оргебас
13210;13205;614455700;с.Акжол
13211;13205;614455800;с.Фирдоуси
13212;13205;614455900;с.Нурлыжол
13213;13177;614459000;п.а.Атакент
13214;13213;614459100;п.Атакент
13215;13177;614463000;Иржарский с.о.
13216;13215;614463100;с.Шапагат
13217;13215;614463200;с.Азат
13218;13215;614463300;с.Ииржар
13219;13215;614463400;с.Азамат
13220;13215;614463500;с.Мактажан
13221;13215;614463600;с.Дихан
13222;13215;614463700;с.Наурыз
13223;13215;614463800;с.Алаш
13224;13215;614463900;с.Рахимово
13225;13177;614473000;с.о. Жолдабая Нурлыбаева
13226;13225;614473100;с. Ынталы
13227;13225;614473200;с.Онимкер
13228;13225;614473300;с.Каракыр
13229;13225;614473400;с.Ырысты
13230;13225;614473500;с. Мырзатобе
13231;13225;614473700;с. Оркен
13232;13177;614477000;Мактааральский с.о.
13233;13232;614477100;с.Мадениет
13234;13232;614477200;с.Акалтын
13235;13234;614477280;с.Амангельды
13236;13232;614477300;с.Елконыс
13237;13236;614477380;с.Нурмухамеда Есентаева
13238;13232;614477400;с.Шаттык
13239;13238;614477480;с.Енбекши
13240;13232;614477500;с.Жулдыз
13241;13240;614477580;с.Оркениет
13242;13232;614477600;с.Тулпар
13243;13242;614477680;с.Игилик
13244;13232;614477700;с.Әл-Фараби
13245;13244;614477780;с.Береке
13246;13232;614477800;с.Кокарал
13247;13246;614477880;с.Азаттык
13248;13232;614477900;с.Бахыт
13249;13177;614483000;с.о. Аязхана Калыбекова
13250;13249;614483100;с.Жанажол
13251;13249;614483200;с.Жамбыл
13252;13249;614483300;с.Абат
13253;13249;614483400;с. Торткуль
13254;13249;614483500;с. Атамура
13255;13249;614483600;с. Туран
13256;13249;614483700;с.Улгили
13257;12758;614600000;Ордабасынский район
13258;13257;614630000;Кажымуканский с.о.
13259;13258;614630100;с.Темирлановка
13260;13258;614630200;с.Амангельды
13261;13258;614630300;с.Боралдай
13262;13258;614630400;с.Ынталы
13263;13258;614630500;с.Коктобе
13264;13258;614630600;с.Кажымухан
13265;13258;614630700;с.Кызылсенгир
13266;13257;614633000;Бадамский с.о.
13267;13266;614633100;с.Бадам
13268;13266;614633580;с.Карабастау
13269;13266;614633600;с.Дербес
13270;13266;614633700;с.Ордабасы
13271;13266;614633800;с.Акбулак
13272;13266;614633900;с.Мамыр
13273;13257;614635000;Бугунский с.о.
13274;13273;614635100;с.Бугунь
13275;13273;614635200;с.Кемер
13276;13257;614637000;Буржарский с.о.
13277;13276;614637100;с.Бирлик
13278;13276;614637200;с.Жамбыл
13279;13276;614637300;с.Кайнар
13280;13276;614637400;с.Калаш
13281;13276;614637500;с.Теспе
13282;13276;614637600;с.Уялыжар
13283;13276;614637700;с.Ыкыластемир
13284;13276;614637800;с.Ынтымак
13285;13257;614639000;Женисский с.о.
13286;13285;614639100;с.Женис
13287;13285;614639200;с.Дихан
13288;13257;614643000;Караспанский с.о.
13289;13288;614643100;с.Караспан
13290;13288;614643280;с.Бейсен Онтаева
13291;13288;614643300;с.Акжол
13292;13291;614643380;с.Берген Исаханова
13293;13288;614643400;с.Жулдыз
13294;13293;614643480;с.Ынтымак
13295;13288;614643500;с.Тореарык
13296;13295;614643580;с.Кольтоган
13297;13288;614643600;с.Батыр ата
13298;13297;614643680;с.Акпан
13299;13288;614643700;с.Жанатурмыс
13300;13299;614643780;с.Мадениет
13301;13288;614643800;с.Макташы
13302;13288;614643900;с.Сарыарык
13303;13257;614645000;Каракумский с.о.
13304;13303;614645100;с.Каракум
13305;13257;614653000;с.о.Торткуль
13306;13305;614653100;с.Торткуль
13307;13305;614653200;с.Аксары
13308;13307;614653280;с.Арыстанды
13309;13305;614653300;с.Енбекши
13310;13305;614653400;с.Жайылма
13311;13305;614653500;с.Кызылжар
13312;13305;614653600;с.Елшибек батыр
13313;13305;614653700;с.Кокарал
13314;13305;614653800;с.Нура
13315;13305;614653900;с.Спатаево
13316;13257;614655000;Шубарский с.о.
13317;13316;614655100;с.Шубар
13318;13316;614655200;с.Аккойлы
13319;13316;614655300;с.Береке
13320;13316;614655400;с.Жусансай
13321;13316;614655500;с.Сарытогай
13322;13316;614655600;с.Токсансай
13323;13257;614657000;с.о.Шубарсу
13324;13323;614657100;с.Шубарсу
13325;12758;614800000;Отрарский район
13326;13325;614830000;Шаульдерский с.о.
13327;13326;614830100;с.Шаульдер
13328;13325;614833000;с.о.Аккум
13329;13328;614833100;с.Аккум
13330;13325;614834000;с.о.Актобе
13331;13330;614834100;с.Актобе
13332;13325;614835000;Балтакольский с.о.
13333;13332;614835100;с.Балтаколь
13334;13333;614835103;с.Самырат
13335;13332;614835200;с.Акколь
13336;13332;614835500;с.Колкудык
13337;13325;614836000;с.о.Каргалы
13338;13337;614836100;с.Каргалы
13339;13337;614836400;с.Отырар
13340;13325;614837000;Коксарайский с.о.
13341;13340;614837100;с.Коксарай
13342;13341;614837105;Дом отдыха
13343;13340;614837200;с.Жанкел
13344;13340;614837300;с.Шенгельды
13345;13340;614837400;с.Ызаколь
13346;13325;614839000;Караконырский с.о.
13347;13346;614839100;с. Шамши Калдаякова
13348;13346;614839300;с.Арысь
13349;13346;614839500;с. Бесторангыл
13350;13346;614839600;с.Караконыр
13351;13346;614839700;с.Костуин
13352;13346;614839800;с.Сырдарья
13353;13325;614841000;Когамский с.о.
13354;13353;614841100;с.Когам
13355;13353;614841300;с.Мыншункыр
13356;13353;614841500;с.Талапты
13357;13325;614845000;Маякумский с.о.
13358;13357;614845100;с.Маякум
13359;13357;614845300;с.Бестам
13360;13357;614845600;с.Костерек
13361;13325;614847000;Отрарский с.о.
13362;13361;614847100;с.Арыс
13363;13361;614847300;с. Молыке Шойманов
13364;13325;614849000;Талаптинский с.о.
13365;13364;614849100;с.Кокмардан
13366;13364;614849500;с.Шытты
13367;13364;614849600;с.Сарыколь
13368;13364;614849700;с.Ынталы
13369;13325;614853000;Тимурский с.о.
13370;13369;614853100;с.Тимур
13371;13369;614853200;с.Акшокат
13372;13369;614853400;с.Отырабат
13373;13369;614853500;с.37-разъезд
13374;13369;614853600;с.Узынкудык
13375;13325;614857000;Шиликский с.о.
13376;13375;614857100;с.Жана шилик
13377;13375;614857300;с.Старый Шилик
13378;12758;615200000;Сайрамский район
13379;13378;615230000;Аксукентский с.о.
13380;13379;615230100;с.Аксу
13381;13379;615230200;с.Байтерек
13382;13379;615230300;с.Алаш
13383;13378;615233000;Акбулакский с.о.
13384;13383;615233100;с.Акбулак
13385;13378;615237000;Арысский с.о.
13386;13385;615237100;с.Кожакорган
13387;13385;615237200;с.Нуржанкорган
13388;13378;615247000;Жибекжолинский с.о.
13389;13388;615247100;с.Машат
13390;13388;615247200;с.Жибек жолы
13391;13388;615247300;с.Сихым
13392;13378;615249000;Кайнарбулакский с.о.
13393;13392;615249100;с.Касымбек датка
13394;13392;615249200;с.Таскешу
13395;13392;615249400;с.Асиларык
13396;13392;615249500;с.Сарыарык
13397;13392;615249600;с.Курлык
13398;13392;615249700;с.Ошакты
13399;13392;615249800;с.Тоган
13400;13392;615249900;с.Ширкин
13401;13378;615253000;Карабулакский с.о.
13402;13401;615253100;с.Карабулак
13403;13402;615253103;Озеро Кулькент
13404;13378;615255000;Карамуртский с.о.
13405;13404;615255100;с.Карамурт
13406;13404;615255200;с.Низамабад
13407;13378;615257000;Карасуский с.о.
13408;13407;615257100;с.Карасу
13409;13407;615257200;с.Акбай
13410;13407;615257300;с.Бескепе
13411;13407;615257400;с.Айтеке би
13412;13407;615257500;с.Акбастау
13413;13407;615257700;с.Ынтымак
13414;13407;615257800;с.Жанатурмыс
13415;13407;615257900;с.Береке
13416;13378;615263000;Кутарысский с.о.
13417;13416;615263100;с.Кутарыс
13418;13416;615263200;с.Кызылжар
13419;13416;615263300;с.Акарыс
13420;13416;615263400;с.Оймауыт
13421;13378;615265000;Колкентский с.о.
13422;13421;615265100;с.Колкент
13423;13421;615265200;с.Жанатурмыс
13424;13421;615265300;с.Аксуабат
13425;13421;615265400;с.Молыбая Оразалиева
13426;13421;615265500;с.Ханкорган
13427;13421;615265600;с.Косбулак
13428;13421;615265700;с.Теспе
13429;13421;615265800;с.Шапрашты
13430;13378;615267000;Манкентский с.о.
13431;13430;615267100;с.Манкент
13432;13430;615267200;с.Аккала
13433;12758;615400000;Сарыагашский район
13434;13433;615420100;г.Сарыагаш
13435;13433;615435000;Акжарский с.о.
13436;13435;615435100;с.Акжар
13437;13435;615435200;с.Багыс
13438;13433;615439000;Алимтауский с.о.
13439;13438;615439100;с.Алимтау
13440;13438;615439200;с.Жайдаккудук
13441;13438;615439300;с.Коктал
13442;13438;615439400;с.Таскудук
13443;13433;615449000;Дарбазинский с.о.
13444;13443;615449100;с.Дарбаза
13445;13443;615449300;с.Курысай
13446;13443;615449500;рзд.51
13447;13443;615449600;с.Ердаут
13448;13443;615449700;с.Сарысу
13449;13443;615449800;с.Таскудук
13450;13433;615451000;Дербисекский с.о.
13451;13450;615451100;с.Дербисек
13452;13450;615451200;с.Атамекен
13453;13433;615455000;Жартытобинский с.о.
13454;13453;615455100;с.Бостандык
13455;13453;615455200;с.Курама
13456;13453;615455300;с.Достык
13457;13453;615455400;с.Тонкерис
13458;13453;615455500;с.Ынтымак
13459;13433;615457000;Жемистинский с.о.
13460;13459;615457100;с.Жемисти
13461;13459;615457200;с.Тын
13462;13433;615461000;Жибекжолинский с.о.
13463;13462;615461100;с.Жибек жолы
13464;13462;615461200;с. Зортобе
13465;13464;615461280;с.Дихан баба
13466;13462;615461300;с.Жанакурылыс
13467;13462;615461400;с.Жанатурмыс
13468;13462;615461600;с. Саркырама
13469;13462;615461700;с. Карабау
13470;13433;615463000;Жылгинский с.о.
13471;13470;615463100;с.Жылга
13472;13470;615463300;с.Каракалпак
13473;13470;615463400;с.Кызыласу
13474;13470;615463700;с.Чайхана
13475;13470;615463800;с.Ченгельды
13476;13470;615463900;с.Шымырбай
13477;13433;615465000;Куркелесский с.о.
13478;13477;615465100;с. Акниет
13479;13477;615465200;с.Алгабас
13480;13479;615465280;с.Ак уй
13481;13477;615465400;с.Жанаарык
13482;13481;615465480;с.Жанаталап
13483;13477;615465500;с. Енкес
13484;13483;615465580;с.Келес
13485;13477;615465600;с.Култума
13486;13485;615465680;с. Жылысу
13487;13477;615465700;с. Нурлыжол
13488;13487;615465780;с.Береке
13489;13477;615465800;с. Куркелес
13490;13489;615465880;с. Дастан
13491;13433;615467000;Коктерекский с.о.
13492;13491;615467100;п.Коктерек
13493;13491;615467200;с.Дархан
13494;13433;615469000;Кабланбекский с.о.
13495;13494;615469100;с.Кабыланбек
13496;13494;615469200;с.Жанаарык
13497;13494;615469300;с.Зах
13498;13494;615469400;с.Акниет
13499;13494;615469500;с.Канагат
13500;13494;615469600;с.Таскулак
13501;13494;615469700;с. Тынтобе
13502;13494;615469800;с.Сіргелі
13503;13433;615473000;Кызылжарский с.о.
13504;13503;615473100;с.Кызылжар
13505;13503;615473300;с.Жаскешу
13506;13433;615479000;Тегисшильский с.о.
13507;13506;615479100;с.Тегисшиль
13508;13506;615479200;с.Таскескен
13509;13506;615479400;с.Мадениет
13510;12758;615500000;район Сауран
13511;13510;615530000;с.о.Шорнак
13512;13511;615530100;с.Чернак
13513;13512;615530103;Подстанция РЭС
13514;13511;615530200;с. Космезгил
13515;13514;615530203;АТК
13516;13514;615530204;Дом Акешаева Б.
13517;13514;615530205;МТФ
13518;13514;615530206;Дом Оспанова-Кудайбергенова
13519;13514;615530207;Откорм база
13520;13511;615530300;с. Аша
13521;13520;615530303;Дом Жоламанова Е.
13522;13510;615534000;с.о.Бабайкорган
13523;13522;615534100;с.Бабайкурган
13524;13522;615534200;с.Абай
13525;13524;615534206;Дом чабана 1
13526;13524;615534207;Дом чабана 2
13527;13522;615534300;с.Кумайлыкас
13528;13522;615534400;с.Улгили
13529;13510;615536000;с.о.Жибек жолы
13530;13529;615536100;с.Сауран
13531;13529;615536200;с.Ескі Сауран
13532;13531;615536204;Дом чабана Жылысу
13533;13510;615538000;с.о.Ески Икан
13534;13533;615538100;с.Староикан
13535;13533;615538300;с.Мәшһүр Жүсіп
13536;13510;615541000;с.о.Жана Икан
13537;13536;615541100;с.Ибата
13538;13537;615541113;Подземвод
13539;13536;615541200;с.Ойык
13540;13510;615542000;с.о.Жуйнек
13541;13540;615542100;с.Жуйнек
13542;13540;615542200;с.Шекербулак
13543;13540;615542300;с.Чипан
13544;13510;615543000;Иассы с.о.
13545;13544;615543100;с.Шойтобе
13546;13545;615543106;Санаторий водолечебница
13547;13545;615543107;Чабанские дома
13548;13544;615543200;с.Енбекшидихан
13549;13510;615545000;с.о.Карашык
13550;13549;615545100;с.Карашык
13551;13549;615545400;с.Кумтиым
13552;13551;615545405;Дома райавтодора
13553;13510;615547000;с.о.Майдантал
13554;13553;615547100;с.Ынталы
13555;13554;615547106;Водохранилище
13556;13553;615547200;с.Егизкара
13557;13553;615547300;с.Каражон
13558;13510;615549000;с.о.Орангай
13559;13558;615549100;с.Орангай
13560;13559;615549105;Радиоцентр
13561;13559;615549107;Дома Салимбаевых
13562;13559;615549109;Дома Шаходжаевых
13563;13558;615549200;с.Бостандык
13564;13558;615549400;с.Кошкорган
13565;13510;615553000;с.о.Ушкайык
13566;13565;615553100;с.Жалантос
13567;13566;615553103;Дом лесничего
13568;13565;615553200;с.Нуртас
13569;13565;615553300;с.Султанбека Кожанова
13570;13569;615553305;Дом лесничего
13571;13565;615553400;с.Теке
13572;13571;615553403;МТФ
13573;13510;615555000;с.о.Шага
13574;13573;615555100;с.Чага
13575;13573;615555200;с.30 лет Казахстана
13576;13575;615555203;АТК
13577;13575;615555205;МТФ
13578;13573;615555300;с.Шоктас
13579;13573;615555400;с.Бершинтобе
13580;12758;615600000;Сузакский район
13581;13580;615630000;Шолаккорганский с.о.
13582;13581;615630100;с.Шолаккорган
13583;13581;615630200;с.Абай
13584;13581;615630300;с.Балдысу
13585;13581;615630500;с.Карабулак
13586;13580;615633000;Жартытобинский с.о.
13587;13586;615633100;с.Жартытобе
13588;13586;615633200;с.Акколтык
13589;13586;615633300;с.Бабата
13590;13580;615635000;Жуантобинский с.о.
13591;13590;615635100;с.Жуантобе
13592;13580;615637000;Карагурский с.о.
13593;13592;615637100;с.Каракур
13594;13592;615637200;с.Ран
13595;13592;615637400;с.Шага
13596;13580;615639000;Каратауский с.о.
13597;13596;615639100;с.Аксумбе
13598;13596;615639200;с.Бакырлы
13599;13596;615639300;с.Сарыжаз
13600;13580;615643000;Кумкентский с.о.
13601;13600;615643100;с.Кумкент
13602;13600;615643300;с.Кызылкол
13603;13580;615645000;Кыземшекский с.о.
13604;13603;615645100;п.Кыземшек
13605;13603;615645200;с.Тайконыр
13606;13580;615647000;Сузакский с.о.
13607;13606;615647100;с.Сузак
13608;13606;615647200;с.Коктобе
13609;13606;615647500;с.Ыбырай Жаукебаева
13610;13580;615649000;Сызганский с.о.
13611;13610;615649100;с.Сызган
13612;13610;615649200;с.Басбулак
13613;13610;615649400;с.Кайнар
13614;13610;615649500;с.Козмолдак
13615;13580;615653000;Тастинский с.о.
13616;13615;615653100;с.Тасты
13617;13615;615653200;с.Кылты
13618;13580;615655000;с.о.Таукент
13619;13618;615655100;с.Таукент
13620;13580;615663000;Шуский с.о.
13621;13620;615663100;с.Шу
13622;12758;615800000;Толебийский район
13623;13622;615820100;г.Ленгер
13624;13622;615835000;Аккумский с.о.
13625;13624;615835100;с.Жанауйым
13626;13624;615835200;с.Аккум
13627;13624;615835300;с.Момынай
13628;13622;615837000;Алатауский с.о.
13629;13628;615837100;с.Алатау
13630;13628;615837200;с.Екпинди
13631;13628;615837300;с.Жанатурмыс
13632;13628;615837400;с.Кайнар
13633;13628;615837500;с.Корган
13634;13633;615837580;с.Косагаш
13635;13628;615837600;с.Нысанбек
13636;13628;615837700;с.Бургулюк
13637;13628;615837800;с.Шатыртобе
13638;13628;615837900;с.Шубарагаш
13639;13622;615839000;с.о.Биринши Мамыр
13640;13639;615839100;с.Биринши Мамыр
13641;13639;615839200;с.Алгабас
13642;13639;615839300;с.Бейнеткеш
13643;13639;615839400;с.Жанажол
13644;13639;615839500;с.Загамбар
13645;13639;615839800;с.Тагайна
13646;13639;615839900;с.Ынтымак
13647;13622;615843000;Зертасский с.о.
13648;13647;615843100;с.Зертас
13649;13647;615843200;с.Жанакуш
13650;13622;615845000;Жогаргы Аксусский с.о.
13651;13650;615845100;с.Мадени
13652;13650;615845200;с.Саркырама
13653;13622;615846000;Кемекалганский с.о.
13654;13653;615846100;с.Абай
13655;13653;615846200;с.Акбастау
13656;13653;615846300;с.Ангирата
13657;13653;615846500;с.Уйымшыл
13658;13653;615846600;с.Каратобе
13659;13653;615846700;с.Каракия
13660;13622;615847000;Коксаекский с.о.
13661;13660;615847100;с.Коксайек
13662;13660;615847200;с.Алтынбастау
13663;13660;615847300;с.Жинишке
13664;13660;615847500;с.Казахстан
13665;13622;615848000;Киелитасский с.о.
13666;13665;615848100;с.Достык
13667;13665;615848200;с.Акайдар
13668;13665;615848300;с.Киелитас
13669;13665;615848500;с.Султанрабат
13670;13622;615853000;Каратобинский с.о.
13671;13670;615853100;с.Балдыберек
13672;13670;615853200;с.Костобе
13673;13670;615853300;с.Майбулак
13674;13670;615853400;с.Каратобе
13675;13670;615853500;с.Тонкерис
13676;13622;615855000;Каскасуйский с.о.
13677;13676;615855100;с.Жогаргы Каскасу
13678;13676;615855200;с.Каскасу
13679;13676;615855300;с.Керегетас
13680;13676;615855400;с.Конесарык
13681;13622;615857000;Когалинский с.о.
13682;13681;615857100;с.Алшалы
13683;13681;615857200;с.Диханкуль
13684;13681;615857400;с.Узунарык
13685;13622;615859000;Тасарыкский с.о.
13686;13685;615859100;с.Тасарык
13687;13685;615859200;с.Жамбыл
13688;13685;615859400;с.Онтустик
13689;13685;615859500;с.Ханарык
13690;12758;616000000;Тюлькубасский район
13691;13690;616030000;Майлыкентский с.о.
13692;13691;616030100;с.Турара Рыскулова
13693;13691;616030200;с.Бакыбека
13694;13691;616030300;с.Караагашты
13695;13690;616033000;Акбийкский с.о.
13696;13695;616033100;с.Акбиик
13697;13695;616033200;с.Кулан
13698;13695;616033300;с.Сарытур
13699;13690;616037000;Арысский с.о.
13700;13699;616037100;с.Кереит
13701;13699;616037200;с.Кайыршакты
13702;13699;616037300;с.Махталы
13703;13690;616039000;Балыктинский с.о.
13704;13703;616039100;с.Балыкты
13705;13703;616039200;с.Абай
13706;13703;616039300;с.Кокбулак
13707;13703;616039400;с.Урбулак
13708;13703;616039500;с.Шарафкент
13709;13690;616043000;Жабаглинский с.о.
13710;13709;616043100;с.Абаил
13711;13709;616043200;с.Жабаглы
13712;13709;616043300;рзд.115
13713;13690;616045000;Жаскешуский с.о.
13714;13713;616045100;с.Жаскешу
13715;13714;616045103;рзд.Каракчи
13716;13714;616045107;Отдельно стоящие дома
13717;13714;616045109;Кашара Куанышты
13718;13713;616045200;с.Жанузак
13719;13713;616045300;с.Рыскул
13720;13719;616045303;ст.Коктерек
13721;13713;616045400;с.Пистели
13722;13721;616045403;Лесхоз
13723;13690;616047000;Кельтемашатский с.о.
13724;13723;616047100;с.Кельтемашат
13725;13723;616047300;с.Даубаба
13726;13723;616047400;с.Жиынбая
13727;13723;616047500;с.Кершетас
13728;13723;616047600;с.Когалы
13729;13723;616047700;с.Сеславино
13730;13690;616049000;Кемербастауский с.о.
13731;13730;616049100;с.Кемербастау
13732;13730;616049200;с.Алгабас
13733;13730;616049300;с.Мантай Жаримбетова
13734;13730;616049400;с.Ельтай
13735;13730;616049500;с.Кумисбастау
13736;13730;616049600;с.Майликент
13737;13690;616053000;Машатский с.о.
13738;13737;616053100;с.Машат
13739;13737;616053200;с.Енбек
13740;13737;616053300;с.Енбекши
13741;13737;616053400;с.Мынбай
13742;13737;616053500;с.Кызылбастау
13743;13690;616055000;Мичуринский с.о.
13744;13743;616055100;с.Майтобе
13745;13743;616055200;с.Коксагыз
13746;13743;616055300;с.Таусагыз
13747;13743;616055400;с.Кожамберды
13748;13690;616057000;Рыскуловский с.о.
13749;13748;616057100;с.Азатлык
13750;13748;616057200;с.Жанаталап
13751;13748;616057300;с.Тастыбулак
13752;13748;616057400;с.Шукырбулак
13753;13690;616059000;Састобенский с.о.
13754;13753;616059100;с.Састобе
13755;13753;616059200;с.Кызылту
13756;13753;616059300;с.Ынтымак
13757;13690;616061000;Тастумсыкский с.о.
13758;13757;616061100;с.Тастумсык
13759;13757;616061200;с.Амангельды
13760;13757;616061400;с.Жыланды
13761;13757;616061600;с.Кабанбай
13762;13757;616061700;с.Карабастау
13763;13690;616063000;Тюлькубасский с.о.
13764;13763;616063100;п.Тюлькубас
13765;13764;616063180;с.Ирсу
13766;13763;616063300;с.Коктерек
13767;13766;616063303;с.Акбура
13768;13690;616065000;Чакпакский с.о.
13769;13768;616065100;с.Шакпак баба
13770;13768;616065200;рзд.114
13771;12758;616400000;Шардаринский район
13772;13771;616420100;г.Шардара
13773;13771;616433000;Акшенгельдинский с.о.
13774;13773;616433100;с.Акалтын
13775;13773;616433200;с. Егизкум
13776;13771;616435000;Достыкский с.о.
13777;13776;616435100;с.Достык
13778;13777;616435103;Отд. 1
13779;13777;616435105;Отд. 2
13780;13771;616437000;Жаушикумский с.о.
13781;13780;616437100;с.Жаушикум
13782;13780;616437400;с.Калгансыр
13783;13782;616437403;Дом моториста
13784;13780;616437500;с.Куйган
13785;13771;616439000;Коксуский с.о.
13786;13785;616439100;с.Коксу
13787;13786;616439103;ЛСП
13788;13786;616439105;МТФ
13789;13786;616439107;Плодовое хозяйство
13790;13786;616439109;с.Сырдарьинское
13791;13785;616439200;с.Айдарколь кашары
13792;13785;616439300;с.Басланды
13793;13785;616439400;с.Жоласар
13794;13771;616443000;Коссейитский с.о.
13795;13794;616443100;с.Коссейит
13796;13771;616445000;Кызылкумский с.о.
13797;13796;616445100;с.Кызылкум
13798;13771;616447000;с.о.Суткентский
13799;13798;616447100;с.Суткент
13800;13771;616453000;Узынатинский с.о.
13801;13800;616453100;с.Узыната
13802;13801;616453103;Отд. 1
13803;13801;616453105;Отд. 2
13804;13801;616453107;Отд. 3
13805;13801;616453109;Отд. 4
13806;13801;616453113;Насосная
13807;13801;616453115;ПХЦ
13808;13801;616453117;Телевышка
13809;13771;616455000;с.о.Алатау батыра
13810;13809;616455100;с.Целинное
13811;13810;616455103;Насосная
13812;13810;616455105;Пикет 618
13813;13809;616455200;с.Казахстан
13814;13813;616455203;Аэродром
13815;13813;616455205;Отд. 1
13816;13813;616455207;Отд. 2
13817;13813;616455209;Отд. 3
13818;13771;616457000;с.о.Кауысбека Турысбекова
13819;13818;616457100;с.Чардара
13820;13818;616457200;с.Акберди
13821;13818;616457300;с.Бимырза
13822;13818;616457400;с.Бозей
13823;13818;616457500;с.Куанкудык
13824;0;620000000;область Ұлытау
13825;13824;621000000;Жезказган Г.А.
13826;13825;621010000;г.Жезказган
13827;13825;621039000;Кенгирский с.о.
13828;13827;621039100;с.Кенгирское
13829;13828;621039102;кр.хоз. «Сагиндиков К.С.»
13830;13828;621039103;кр.хоз. «Лекеров Т.Д.»
13831;13828;621039104;кр.хоз. «Сарбасов К.»
13832;13828;621039105;кр.хоз. «Ногайбаева А.А.»
13833;13828;621039106;кр.хоз. «Балмаганбетов Ж.»
13834;13828;621039107;кр.хоз. «Сулейменов Т.»
13835;13828;621039108;кр.хоз. «Дюйсенбеков У.К.»
13836;13828;621039109;кр.хоз. «Есенгабулов К.К.»
13837;13828;621039111;кр.хоз. «Сүйінжан» Сариев У.
13838;13828;621039112;кр.хоз. «Акши» Арыстанбеков Е.Т.
13839;13827;621039200;с.Корганбай
13840;13839;621039202;с.Шоткара
13841;13839;621039206;кр.хоз. «Ыкылас» Жадкеев Н.Г.
13842;13839;621039207;кр.хоз. «Дауленбаев С.Ш.»
13843;13839;621039208;кр.хоз. «Боргоз» Кусайнова А.К.
13844;13839;621039209;кр.хоз. «Шоткара» Унчибаев С.Д.
13845;13839;621039211;кр.хоз. «Нургалиева С.»
13846;13839;621039213;кр.хоз. «Жаксыбаев Б.»
13847;13839;621039214;кр.хоз. «Касымов Б.Б.»
13848;13839;621039215;кр.хоз. «Бердинов Т.»
13849;13839;621039216;кр.хоз. «Жакупов С.С.»
13850;13839;621039217;кр.хоз. «Айтқожа» Шалмаганбетова Ж.М.
13851;13839;621039218;кр.хоз. «Абдрахманов Е.М.»
13852;13827;621039300;рзд.60
13853;13827;621039580;рзд.366 км
13854;13827;621039800;ст.Теректы
13855;13854;621039807;кр.хоз. «Искаков А.Х.»
13856;13854;621039808;кр.хоз. «Дильдебаев К.»
13857;13854;621039809;кр.хоз. «Асаинов М.Р.»
13858;13854;621039811;кр.хоз. «Шамбулов Е.Р.»
13859;13854;621039812;кр.хоз. «Абдрахман Қажы» Сыздыманов Е.
13860;13854;621039813;кр.хоз. «Кожабаев А.Х.»
13861;13827;621039900;ст.Туйемойнак
13862;13825;621045000;Сарыкенгирский с.о.
13863;13862;621045100;с.Малшыбай
13864;13863;621045103;зимовка Ажигуль
13865;13863;621045105;зимовка Акши
13866;13863;621045107;зимовка Байсалбай
13867;13863;621045109;зимовка Жаугашар
13868;13863;621045111;зимовка Оразалы 1
13869;13863;621045112;зимовка Оразалы 2
13870;13863;621045115;зимовка Санрык
13871;13863;621045117;зимовка Сарыкамыс
13872;13863;621045119;зимовка Айранбай
13873;13863;621045121;зимовка Досмаганбет
13874;13863;621045122;зимовка Кемеш
13875;13863;621045123;зимовка Колбай
13876;13863;621045124;зимовка Котырбулак
13877;13863;621045125;зимовка Сарыбулак
13878;13863;621045126;зимовка Тенбай
13879;13863;621045127;зимовка Токтыкбай
13880;13863;621045128;зимовка Шокибай
13881;13863;621045131;зимовка Алахан
13882;13863;621045132;зимовка Жамантас
13883;13863;621045133;зимовка Жуман
13884;13863;621045134;зимовка Карабас
13885;13863;621045135;зимовка Карасу
13886;13863;621045136;зимовка Каркынбай
13887;13863;621045137;зимовка Катыгулак
13888;13863;621045138;зимовка Кызылуй
13889;13863;621045141;зимовка Аккияк
13890;13863;621045142;зимовка Алимбай
13891;13863;621045143;зимовка Байдос
13892;13863;621045144;с.Байлыбокан
13893;13863;621045145;зимовка Есжан
13894;13863;621045146;зимовка Шенбер
13895;13863;621045147;зимовка Коктас
13896;13863;621045148;зимовка Кызыладыр
13897;13863;621045149;зимовка Тугискен
13898;13825;621049000;Талапский с.о.
13899;13898;621049100;с.Талап
13900;13899;621049107;зимовка Арғымақ
13901;13899;621049108;кр.хоз Удербаев
13902;13899;621049109;кр.хоз Гончаров
13903;13899;621049111;кр.хоз Кожахметов
13904;13899;621049112;кр.хоз Молдабеков
13905;13899;621049113;кр.хоз Есенов
13906;13899;621049114;кр.хоз Садыкова
13907;13899;621049115;кр.хоз Алекперзаде
13908;13899;621049116;кр.хоз Калканбаев
13909;13899;621049117;кр.хоз Байсалбаев
13910;13899;621049118;кр.хоз Танкибаев
13911;13899;621049119;кр.хоз Магзумов
13912;13899;621049121;кр.хоз Джанкошкаров
13913;13899;621049122;кр.хоз Гаппасов
13914;13899;621049123;кр.хоз Молдабеков
13915;13899;621049124;кр.хоз Бапанов
13916;13824;621800000;Каражал Г.А.
13917;13916;621810000;г.Каражал
13918;13916;621835000;Жайремская п.а.
13919;13918;621835100;п.Жайрем
13920;13824;622000000;Сатпаев Г.А.
13921;13920;622010000;г.Сатпаев
13922;13920;622037000;Сатпаевская с.а.
13923;13922;622037200;с.Сатпаев
13924;13824;623600000;Жанааркинский район
13925;13924;623630000;п.а.Жаңаарқа
13926;13925;623630100;п.Жаңаарқа
13927;13924;623633000;Айнабулакский с.о.
13928;13927;623633100;с.Айнабулак
13929;13928;623633105;с.Белкараган
13930;13928;623633107;зимовка Коксай
13931;13924;623637000;Актауский с.о.
13932;13931;623637100;с.Актау
13933;13932;623637102;зимовка Аксай
13934;13932;623637103;зимовка Жекебаз
13935;13932;623637104;зимовка Комсомол
13936;13932;623637105;зимовка Косагалы
13937;13932;623637106;зимовка Косбулак
13938;13932;623637107;зимовка Пионерлагерь
13939;13932;623637111;зимовка Асаубек
13940;13932;623637112;зимовка Ашербайжан
13941;13932;623637113;зимовка Каражал
13942;13932;623637114;зимовка Боксай
13943;13932;623637115;зимовка Дарат
13944;13932;623637116;зимовка Каратумсык
13945;13932;623637117;зимовка Корган
13946;13932;623637118;зимовка Саугабай
13947;13932;623637119;зимовка Сарыоба
13948;13924;623639000;Актубекский с.о.
13949;13948;623639100;с.Актубек
13950;13949;623639103;с.Сарысу
13951;13948;623639200;с.Атасу
13952;13951;623639207;рзд.128 км
13953;13948;623639300;ст.Мынадыр
13954;13953;623639302;рзд.152 км
13955;13953;623639303;рзд.163 км
13956;13924;623641000;с.о.им.Мукажана Жумажанова
13957;13956;623641100;с.им.Мукажана Жумажанова
13958;13957;623641105;с.Куйгенбаз
13959;13924;623645000;Бидайыкский с.о.
13960;13959;623645100;с.Бидайык
13961;13959;623645200;с.Актайлак
13962;13961;623645205;рзд.82 км
13963;13959;623645500;рзд.69 км
13964;13924;623649000;Байдалы бийский с.о.
13965;13964;623649100;с.Атасу
13966;13965;623649102;зимовка Мешит
13967;13965;623649104;Бригада 4
13968;13965;623649109;рзд.105 км
13969;13924;623653000;Ералиевский с.о.
13970;13969;623653100;с.Ералиево
13971;13970;623653102;зимовка Актобе
13972;13970;623653103;зимовка Акши 1
13973;13970;623653105;зимовка Жумырткалы
13974;13970;623653106;зимовка Змина
13975;13970;623653107;зимовка Кенсаз 1
13976;13970;623653108;зимовка Кенсаз 2
13977;13970;623653109;зимовка Кокозек 1
13978;13970;623653111;зимовка Кокозек 2
13979;13970;623653112;зимовка Койтан
13980;13970;623653113;зимовка Нурхан
13981;13970;623653115;с.Аралтобе
13982;13970;623653116;зимовка Акши 2
13983;13970;623653117;зимовка Конек
13984;13970;623653118;зимовка Косар
13985;13970;623653119;зимовка Наин
13986;13969;623653200;с.Акбастау
13987;13986;623653203;зимовка Актан
13988;13986;623653204;зимовка Сарыжол
13989;13986;623653205;зимовка Тлемис
13990;13986;623653206;зимовка Ушкатын
13991;13986;623653207;зимовка Центр
13992;13986;623653211;рзд.201 км
13993;13969;623653400;ст.Жомарт
13994;13969;623653600;рзд.189 км
13995;13924;623657000;Кызылжарская п.а.
13996;13995;623657100;п.Кызылжар
13997;13924;623661000;Караагашский с.о.
13998;13997;623661100;с.Инталы
13999;13998;623661102;зимовка Жосалы
14000;13998;623661104;зимовка Мойынкаргалы
14001;13998;623661105;зимовка Сатыкаргалы
14002;13998;623661107;с.Жартас
14003;13998;623661108;зимовка Жартас 2
14004;13924;623663000;Сейфуллинский с.о.
14005;14004;623663100;с.Интымак
14006;14005;623663102;зимовка Байтак
14007;14005;623663103;зимовка Жангозы
14008;14005;623663104;зимовка Каракога
14009;14005;623663105;зимовка Каракудук
14010;14005;623663106;зимовка Каратобе
14011;14005;623663107;зимовка Кызылагаш
14012;14005;623663109;с.Бестоган
14013;13924;623665000;Тогускенский с.о.
14014;14013;623665100;с.Тогускен
14015;14014;623665102;зимовка Айбас
14016;14014;623665103;зимовка Комсомол
14017;14014;623665104;зимовка Казангап
14018;14014;623665105;Отделение Сарысу
14019;14014;623665106;зимовка Акбаз
14020;14014;623665107;рзд.215 км
14021;14013;623665300;с.Кенжебайсамай
14022;13924;623667000;Талдыбулакский с.о.
14023;14022;623667100;с.Талдыбулак
14024;14023;623667102;с.Улкенбулак
14025;14022;623667300;с.Алгабас
14026;13924;623669000;с.о.Орынбай
14027;14026;623669100;с.Орынбай
14028;14027;623669102;Селхоз Айткожа
14029;14027;623669103;Селхоз Аул
14030;14027;623669104;Отгон
14031;14027;623669105;с.Акшагат
14032;13824;623800000;Улытауский район
14033;14032;623830000;Улытауский с.о
14034;14033;623830100;с.Улытау
14035;14034;623830107;Стандарт
14036;14034;623830108;Туяк
14037;14032;623831000;Актасская п.а.
14038;14037;623831100;п.Актас
14039;14037;623831200;с.Пионер
14040;14032;623833000;Алгабасский с.о.
14041;14040;623833100;с.Бетбулак
14042;14041;623833102;зимовка Абушахман
14043;14041;623833106;зимовка Батырша
14044;14041;623833107;зимовка Бокей
14045;14041;623833108;зимовка Есепши
14046;14041;623833111;зимовка Таскудук
14047;14041;623833112;зимовка Шаган
14048;14041;623833113;с.Сарыбулак
14049;14032;623835000;Борсенгирский с.о.
14050;14049;623835100;с.Борсенгир
14051;14050;623835102;зимовка Ашыкозек-Кыргауыл
14052;14050;623835103;зимовка Боройнак
14053;14050;623835104;зимовка Дауит
14054;14050;623835105;зимовка Жанабаз
14055;14050;623835106;зимовка Куйгенбаз
14056;14050;623835107;зимовка Карасу
14057;14050;623835108;зимовка Салденбек
14058;14050;623835109;зимовка Сарыкамыс
14059;14050;623835111;зимовка Скважина
14060;14050;623835112;зимовка Шубаркудук
14061;14050;623835113;зимовка Кызылуй
14062;14050;623835114;зимовка Каракудык
14063;14050;623835115;зимовка Победа
14064;14050;623835116;зимовка Базыл
14065;14050;623835117;зимовка Арын
14066;14050;623835118;зимовка Кузек
14067;14050;623835119;зимовка Касым
14068;14050;623835121;зимовка Танатар
14069;14050;623835122;с.Сымтас
14070;14032;623839000;Егиндинский с.о.
14071;14070;623839100;с.Егинди
14072;14071;623839102;зимовка Айнабай
14073;14071;623839103;зимовка Аксай
14074;14071;623839104;зимовка Ауез
14075;14071;623839105;зимовка Бузау
14076;14071;623839106;зимовка Жанабай
14077;14071;623839107;зимовка Избасар
14078;14071;623839109;зимовка Копжасар
14079;14071;623839111;зимовка Маканбай
14080;14032;623841000;Жангильдинский с.о.
14081;14080;623841100;с.Байконур
14082;14081;623841102;зимовка Акжар
14083;14081;623841103;зимовка Абиль
14084;14081;623841104;зимовка Байгула
14085;14081;623841105;зимовка Конырат
14086;14081;623841106;зимовка Лакпай
14087;14081;623841107;зимовка Мандай
14088;14081;623841108;зимовка Сарысай-Рахмет
14089;14081;623841109;зимовка Тайкошкар
14090;14081;623841111;зимовка Шенбер
14091;14081;623841112;зимовка Акшолак
14092;14081;623841113;зимовка Алаколь
14093;14081;623841114;зимовка Амангельды
14094;14081;623841115;зимовка Аубакир
14095;14081;623841116;зимовка Ботамтай
14096;14081;623841117;зимовка Борижильбек
14097;14081;623841118;зимовка Букир
14098;14081;623841119;зимовка Досан
14099;14081;623841121;зимовка Жамантабан
14100;14081;623841122;зимовка Когелен
14101;14081;623841123;зимовка Куйгенбидайык
14102;14081;623841124;зимовка Кога
14103;14081;623841125;зимовка Кызылтам
14104;14081;623841126;зимовка Мешит
14105;14081;623841127;зимовка Мейрман
14106;14081;623841128;зимовка Ораз
14107;14081;623841129;зимовка Сарыайгыр
14108;14081;623841131;зимовка Сарыарка
14109;14081;623841132;зимовка Токболат
14110;14081;623841133;зимовка Акши
14111;14081;623841134;зимовка Аяпберген
14112;14081;623841135;зимовка Демеубай
14113;14081;623841136;зимовка Калыбай
14114;14081;623841137;зимовка Мечеть
14115;14081;623841138;зимовка Миябай
14116;14081;623841139;зимовка Мырзагуль
14117;14081;623841141;зимовка Тасыбай
14118;14081;623841142;зимовка Токсанбай
14119;14081;623841143;зимовка Дулыгалы
14120;14032;623843000;Жездинская п.а.
14121;14120;623843100;п.Жезды
14122;14120;623843200;с.Орнек
14123;14032;623849000;Амангельдинский с.о.
14124;14123;623849100;с.Сарлык
14125;14124;623849102;зимовка Акпанбет
14126;14124;623849103;зимовка Алимбай
14127;14124;623849104;зимовка Баршынбай
14128;14124;623849105;зимовка Дара
14129;14124;623849106;зимовка Каражал
14130;14124;623849107;зимовка Козыбек
14131;14124;623849108;зимовка Кызылтау
14132;14124;623849109;зимовка Тогызбай
14133;14124;623849111;с.Коргантас
14134;14124;623849112;зимовка Айбас
14135;14124;623849113;зимовка Аккошкар
14136;14124;623849114;зимовка Амир
14137;14124;623849115;зимовка Бакатас
14138;14124;623849116;зимовка Итауыз
14139;14124;623849117;зимовка Самбет
14140;14124;623849118;зимовка Токсейт
14141;14124;623849119;зимовка Шаухар
14142;14124;623849121;с.Умбет
14143;14124;623849122;зимовка Акшал
14144;14124;623849123;зимовка Досжан
14145;14124;623849124;зимовка Кусконган
14146;14124;623849125;зимовка Набай
14147;14124;623849126;зимовка Тукпир
14148;14124;623849127;зимовка Колбай
14149;14124;623849128;зимовка Адильбай
14150;14124;623849129;зимовка Екиаша
14151;14124;623849131;зимовка Кененбай
14152;14124;623849132;зимовка Ман
14153;14124;623849133;зимовка Мынбай
14154;14124;623849134;зимовка Надирбай
14155;14124;623849135;зимовка Обалы
14156;14124;623849136;зимовка Сарытау
14157;14124;623849137;зимовка Шалтык
14158;14032;623851000;Карсакпайская п.а.
14159;14158;623851100;п.Карсакпай
14160;14159;623851103;зимовка Абжаппар
14161;14159;623851104;зимовка Алменбет
14162;14159;623851105;зимовка Атан
14163;14159;623851106;зимовка Аралкол
14164;14159;623851108;зимовка Байтен
14165;14159;623851109;зимовка Бектурган
14166;14159;623851111;зимовка Жанадил
14167;14159;623851112;зимовка Жандос
14168;14159;623851113;зимовка Жарма
14169;14159;623851114;зимовка Жарык
14170;14159;623851116;зимовка Караиын
14171;14159;623851117;зимовка Каратобе
14172;14159;623851118;зимовка Келдибек
14173;14159;623851119;зимовка Копжасар
14174;14159;623851121;зимовка Куттыбай
14175;14159;623851123;зимовка Кумола
14176;14159;623851125;зимовка Майтобе
14177;14159;623851126;зимовка Мысыктобе
14178;14159;623851127;зимовка Туяк
14179;14159;623851128;зимовка Тогызбай
14180;14159;623851131;зимовка Сарыин
14181;14159;623851133;зимовка Сейт
14182;14159;623851137;зимовка Шиликудык
14183;14159;623851139;зимовка Шотыбас
14184;14159;623851141;зимовка Кошкарбай
14185;14032;623853000;Коргасынский с.о.
14186;14185;623853100;с.Коргасын
14187;14186;623853102;зимовка Алтуайт
14188;14186;623853104;зимовка Байтлеу
14189;14186;623853105;зимовка Дуйсен
14190;14186;623853106;зимовка Есенбек
14191;14186;623853107;зимовка Жаманбас
14192;14186;623853108;зимовка Жекешат 1
14193;14186;623853109;зимовка Жекешат 2
14194;14186;623853111;зимовка Исалык
14195;14186;623853112;зимовка Коксай
14196;14186;623853113;зимовка Коксу
14197;14186;623853116;зимовка Кушокы
14198;14186;623853117;зимовка Кызылшын
14199;14186;623853118;зимовка Малмола
14200;14186;623853121;зимовка Нурман
14201;14186;623853122;зимовка Орныкпай
14202;14186;623853123;зимовка Оспан
14203;14186;623853124;зимовка Тогызкудук
14204;14186;623853125;зимовка Итауыз
14205;14185;623853300;с.Унгирли
14206;14205;623853303;зимовка Акастау
14207;14205;623853304;зимовка Алпан
14208;14205;623853305;зимовка Аралбай
14209;14205;623853306;зимовка Бакалы
14210;14205;623853309;зимовка Домбыгуль
14211;14205;623853311;зимовка Коктал
14212;14205;623853317;зимовка Шонтык
14213;14032;623855000;Коскольский с.о.
14214;14213;623855100;с.Косколь
14215;14214;623855102;зимовка Акбекет
14216;14214;623855103;зимовка Боскопе
14217;14214;623855104;зимовка Ешкикум
14218;14214;623855105;зимовка Жанабай
14219;14214;623855106;зимовка Китар 1
14220;14214;623855107;с.Косбармак
14221;14214;623855108;зимовка Сарыозек
14222;14214;623855109;зимовка Танкы
14223;14214;623855111;зимовка Китар 2
14224;14214;623855112;зимовка Коктал
14225;14214;623855113;зимовка Карикон
14226;14214;623855114;зимовка Мешит 1
14227;14214;623855115;зимовка Акжайлау
14228;14214;623855116;зимовка Акшелек
14229;14214;623855117;зимовка Абен
14230;14214;623855118;зимовка Бакан 1
14231;14214;623855119;зимовка Бакан 2
14232;14214;623855121;зимовка Бакан 3
14233;14214;623855122;зимовка Зортобе
14234;14214;623855123;зимовка Имен
14235;14214;623855124;зимовка Коскен
14236;14214;623855125;зимовка Коскудук
14237;14214;623855126;зимовка Мойнак
14238;14214;623855127;зимовка Урпен
14239;14214;623855128;зимовка Шортанбай
14240;14214;623855129;зимовка Аксакал
14241;14214;623855131;зимовка Алтыколь
14242;14214;623855132;зимовка Город
14243;14214;623855133;зимовка Доныз
14244;14214;623855134;зимовка Коныртобе
14245;14214;623855135;зимовка Кишикиик
14246;14214;623855136;зимовка Садык
14247;14214;623855137;зимовка Шентай
14248;14032;623863000;с.о.им.Мукана Иманжанова
14249;14248;623863100;с.Айыртау
14250;14249;623863102;зимовка Аккора
14251;14249;623863104;зимовка Бесшилик
14252;14249;623863105;зимовка Жанакора
14253;14249;623863107;зимовка Жылыкуыс
14254;14249;623863109;зимовка Каражол 1
14255;14249;623863111;зимовка Каражол 2
14256;14249;623863114;зимовка Туяк
14257;14248;623863200;с.Кызылуй
14258;14257;623863202;зимовка Акан
14259;14257;623863203;зимовка Аксай
14260;14257;623863204;зимовка Арпабулак
14261;14257;623863205;зимовка Балтай
14262;14257;623863207;зимовка Жаланаяк
14263;14257;623863208;зимовка Игибай
14264;14257;623863209;зимовка Карикон
14265;14257;623863211;зимовка Кайындысай
14266;14257;623863212;зимовка Карагандысай
14267;14257;623863213;зимовка Кособа
14268;14257;623863214;зимовка Кызылдан
14269;14257;623863215;зимовка Кыпшакпай
14270;14257;623863216;зимовка Ногай
14271;14257;623863217;зимовка Омар
14272;14257;623863218;зимовка Саламат
14273;14257;623863219;зимовка Сарынсай
14274;14257;623863221;зимовка Серали
14275;14257;623863223;зимовка Узынбулак
14276;14248;623863300;с.Талдысай
14277;14276;623863302;зимовка Акши
14278;14276;623863303;зимовка Балкан
14279;14276;623863306;зимовка Керегетас
14280;14276;623863307;зимовка Комсомол
14281;14276;623863308;зимовка Койлыкон
14282;14276;623863309;зимовка Котыр
14283;14276;623863311;зимовка Мыншукыр
14284;14276;623863312;зимовка Стандарт
14285;14032;623865000;Мыйбулакский с.о.
14286;14285;623865100;с.Мыйбулак
14287;14286;623865102;зимовка Баскон
14288;14286;623865103;зимовка Бескауга
14289;14286;623865104;зимовка Батыр
14290;14286;623865105;с.Баймырза
14291;14286;623865106;зимовка Тупкирши
14292;14286;623865107;зимовка Кент 1
14293;14286;623865108;зимовка Кент 2
14294;14286;623865109;зимовка Копабай
14295;14286;623865111;зимовка Коктабан
14296;14286;623865112;зимовка Козыбек
14297;14286;623865113;зимовка Школа
14298;14286;623865114;с.Апакай
14299;14286;623865115;зимовка Баскон
14300;14286;623865116;зимовка Баскауга
14301;14286;623865117;зимовка Долагай
14302;14286;623865118;зимовка Дузгенжал
14303;14286;623865119;зимовка Кандыкарабас
14304;14286;623865121;зимовка Катынкум
14305;14286;623865122;зимовка Ортакон
14306;14286;623865123;зимовка Котан-Шенгел
14307;14286;623865124;с.Каракойын
14308;14286;623865125;зимовка Бакансалды
14309;14286;623865126;зимовка Ермекбай
14310;14286;623865127;зимовка Карабаз
14311;14286;623865128;зимовка Орталык
14312;14286;623865129;зимовка Самен
14313;14286;623865131;зимовка Колан
14314;14286;623865132;зимовка Турсынбай
14315;14286;623865133;с.Тезекбай
14316;14285;623865200;с.Аккенсе
14317;14316;623865202;зимовка Астауши
14318;14316;623865204;зимовка Басбулак 1,2
14319;14316;623865205;зимовка Камбар
14320;14316;623865206;зимовка Каратузген
14321;14316;623865207;зимовка Курманбай
14322;14316;623865208;зимовка Кыздынший
14323;14316;623865209;зимовка Кызылкудук
14324;14316;623865211;зимовка Малдыбай 1,2
14325;14316;623865212;зимовка Сарай
14326;14316;623865213;зимовка Толганбай
14327;14316;623865214;зимовка Талды
14328;14316;623865215;зимовка Тамаш
14329;14316;623865216;зимовка Тортколь
14330;14316;623865217;зимовка Ханкелди
14331;14032;623871000;Каракенгирский с.о.
14332;14331;623871100;с.Бозтумсык
14333;14332;623871102;зимовка Агыбай
14334;14332;623871103;зимовка Айкожа
14335;14332;623871105;зимовка Дабыл
14336;14332;623871106;зимовка Дузен
14337;14332;623871108;зимовка Карикон
14338;14332;623871111;зимовка Казыбек
14339;14332;623871112;зимовка Карашокы
14340;14332;623871113;зимовка Коянды
14341;14332;623871114;зимовка Кумдыадыр
14342;14332;623871115;зимовка Кызылтурме
14343;14332;623871116;зимовка Кызылуй
14344;14332;623871117;зимовка Сиректас
14345;14332;623871119;зимовка Таскора
14346;14332;623871121;зимовка Толеубай
14347;14332;623871122;зимовка Туйебай
14348;14332;623871124;зимовка Шуылдак
14349;14332;623871125;с.Кокбулак
14350;14332;623871126;зимовка Борили
14351;14332;623871127;зимовка Куласу
14352;14332;623871128;зимовка Теректи
14353;14332;623871129;с.Калинино
14354;14332;623871131;с.Амантобе
14355;14332;623871132;зимовка Бирман-Хамит
14356;14332;623871133;зимовка Кишикотыр
14357;14332;623871134;зимовка Кызылуй
14358;14332;623871138;зимовка Кызылшын
14359;14332;623871139;зимовка Улкенкотыр
14360;14332;623871141;зимовка Ши
14361;14332;623871142;зимовка Тоба
14362;14332;623871143;зимовка Бегимбет
14363;14332;623871144;зимовка Есжан
14364;14332;623871145;зимовка Акжар
14365;14332;623871146;зимовка Есенбек
14366;14332;623871147;зимовка Ишан
14367;14332;623871148;зимовка Ширикбай
14368;14332;623871149;зимовка Бейис
14369;14332;623871151;зимовка Шарыктас
14370;14332;623871152;зимовка Тусип
14371;14332;623871153;зимовка Бараккол
14372;14332;623871154;зимовка Махат
14373;14032;623875000;Сарысуский с.о.
14374;14373;623875100;с.Жыланды
14375;14374;623875102;с.Жидели
14376;14374;623875103;с.Казыбек
14377;14374;623875104;зимовка Ахмет 2
14378;14374;623875105;зимовка Коктабан 1
14379;14374;623875106;зимовка Коктабан 2
14380;14374;623875107;зимовка Райыс
14381;14374;623875108;зимовка Таукебай
14382;14374;623875109;зимовка Тирсек
14383;14374;623875111;зимовка Шыныбек
14384;14374;623875112;с.Тасоба
14385;14374;623875113;зимовка Ахмет
14386;14374;623875114;зимовка Кулен 3
14387;14374;623875115;зимовка Каражигит
14388;14374;623875116;зимовка Оспан
14389;14374;623875117;зимовка Табан
14390;14374;623875118;зимовка Ерубай
14391;14374;623875119;зимовка Аккыстау
14392;14374;623875121;зимовка Арын
14393;14374;623875122;зимовка Арай
14394;14374;623875123;зимовка Кузек
14395;14373;623875500;с.Тюемойнак
14396;14395;623875502;зимовка Карабидай
14397;14395;623875503;зимовка Косапан
14398;14395;623875504;зимовка Коскудук 2
14399;14395;623875511;зимовка Тюемойнак
14400;14395;623875512;зимовка Уштаган
14401;14395;623875514;зимовка Шекара
14402;14395;623875515;рзд.280
14403;14032;623879000;Терсакканский с.о.
14404;14403;623879100;с.Терсаккан
14405;14403;623879200;с.Косколь
14406;14405;623879202;зимовка Бухарбай
14407;14405;623879204;зимовка Кунтуган
14408;14405;623879205;зимовка Косколь
14409;14405;623879208;зимовка Сарытоган
14410;14405;623879212;зимовка Уста 2
14411;0;630000000;Восточно-Казахстанская область
14412;14411;631000000;Усть-Каменогорск Г.А.
14413;14412;631000200;с.Ахмирово
14414;14412;631000300;с.Меновное
14415;14412;631000400;с.Прудхоз
14416;14412;631000500;с.Ново-Ахмирово
14417;14412;631000600;с.Ново-Троицкое
14418;14412;631000700;с.Ново-Явленка
14419;14412;631000800;с.Самсоновка
14420;14412;631010000;г.Усть-Каменогорск
14421;14411;632400000;Риддер Г.А.
14422;14421;632400200;п.Ульба
14423;14421;632400300;с.Бутаково
14424;14421;632400400;Лениногорский лесхоз
14425;14424;632400405;с.Тишинский
14426;14424;632400480;с.Лесное
14427;14424;632400485;рзд.71 км
14428;14421;632400500;с.Верхняя Хариузовка
14429;14428;632400503;Дом Ларионова
14430;14428;632400505;с.Громатуха
14431;14421;632400600;с.Поперечное
14432;14431;632400602;зимовка Болатова
14433;14431;632400603;Кордон
14434;14431;632400604;кр.хоз Банникова
14435;14431;632400605;кр.хоз Жукова
14436;14431;632400606;Пасека Глушакова
14437;14431;632400607;кр.хоз Каймакова
14438;14431;632400608;Кордон лесхоза
14439;14431;632400680;с.Пригородное
14440;14431;632400682;с.Аэродромное
14441;14431;632400687;с.Крольчатник
14442;14421;632400700;ст.Ульбастрой
14443;14421;632400800;с.Коноваловка
14444;14421;632400900;с.Ливино
14445;14444;632400905;пасека Резникова
14446;14444;632400907;с.Ермолаевка
14447;14444;632400908;поселье Гусликова
14448;14444;632400909;поселье Сыромятникова
14449;14444;632400911;с.Новая Королевка
14450;14444;632400912;поселье Алаева Б.
14451;14444;632400913;поселье Афанасевой
14452;14444;632400914;поселье Базилевского
14453;14444;632400915;поселье Бурыкина
14454;14444;632400916;поселье Гусликова
14455;14444;632400917;поселье Кармукова
14456;14444;632400918;поселье Немцева
14457;14444;632400919;поселье Пырикова
14458;14444;632400921;поселье Сизева
14459;14444;632400922;поселье Синельникова
14460;14444;632400923;поселье Сорокина
14461;14444;632400924;поселье Кривошапова
14462;14444;632400925;поселье Черенковой
14463;14444;632400926;поселье Черкова
14464;14444;632400927;кр.хоз Ягина
14465;14444;632400928;с.8 Марта
14466;14444;632400929;поселье Козлова
14467;14444;632400931;поселье Кривых
14468;14444;632400932;поселье Немцева
14469;14444;632400933;кр.хоз Сазонова
14470;14444;632400934;с.Синюшонок
14471;14444;632400935;поселье Алаева
14472;14421;632410000;г.Риддер
14473;14411;634000000;Глубоковский район
14474;14473;634030000;Глубоковский с.о.
14475;14474;634030100;с.Глубокое
14476;14473;634033000;с.а.Алтайский
14477;14476;634033100;с.Алтайский
14478;14473;634037000;Белоусовский с.о.
14479;14478;634037100;с.Белоусовка
14480;14473;634039000;Бобровский с.о.
14481;14480;634039100;с.Бобровка
14482;14480;634039300;с.Солнечное
14483;14473;634041000;Веселовский с.о.
14484;14483;634041100;с.Веселовка
14485;14483;634041200;с.Заречное
14486;14473;634045000;с.а.Верхнеберезовская
14487;14486;634045100;с.Верхнеберезовка
14488;14473;634047000;Берёзовский с.о.
14489;14488;634047100;с.Березовка
14490;14489;634047102;с.Красная Заря
14491;14473;634049000;Иртышский с.о.
14492;14491;634049100;с.Прапорщиково
14493;14492;634049105;с.Краснопартизанское
14494;14491;634049300;рзд.226 км
14495;14491;634049400;с.Уварово
14496;14491;634049500;с.Черногорка
14497;14473;634051000;Кожоховский с.о.
14498;14497;634051100;с.Кожохово
14499;14498;634051108;Лагерь труда и отдыха
14500;14498;634051111;ферма
14501;14497;634051200;с.Прогресс
14502;14473;634053000;Красноярский с.о.
14503;14502;634053100;с.Предгорное
14504;14503;634053103;Железнодорожный переезд 174 км
14505;14503;634053105;Железнодорожный переезд 195 км
14506;14502;634053300;с.Перевальное
14507;14473;634055000;Быструшинский с.о.
14508;14507;634055100;с.Быструха
14509;14508;634055105;Зимовская заимка
14510;14508;634055108;КХ Фараджев
14511;14508;634055111;Урочище Александровка
14512;14507;634055300;с.Зимовье
14513;14473;634057000;Малоубинский с.о.
14514;14513;634057100;с.Малоубинка
14515;14514;634057103;с.Волчиха
14516;14514;634057105;с.Маховка
14517;14473;634061000;Опытнопольский с.о.
14518;14517;634061100;с.Опытное поле
14519;14518;634061103;СТФ
14520;14518;634061105;с.Бригада
14521;14518;634061106;Дальняя ферма
14522;14518;634061108;участок ТПБ
14523;14473;634063000;Секисовский с.о.
14524;14523;634063100;с.Секисовка
14525;14524;634063105;с.Календарка
14526;14524;634063106;с.Коммунна
14527;14524;634063108;с.Лифага
14528;14523;634063300;с.Белокаменка
14529;14523;634063600;с.Новомихайловка
14530;14523;634063700;с.Планидовка
14531;14473;634065000;Ушановский с.о.
14532;14531;634065100;с.Ушаново
14533;14531;634065200;с.Каменный Карьер
14534;14531;634065400;с.Степное
14535;14473;634067000;Тарханский с.о.
14536;14535;634067100;с.Тарханка
14537;14536;634067103;Железнодорожный переезд 275 км
14538;14535;634067200;с.Веселое
14539;14535;634067300;с.Винное
14540;14535;634067500;с.Ново-Ульбинка
14541;14535;634067600;ст.Ульба перевалочная
14542;14535;634067700;с.Горная Ульбинка
14543;14535;634067800;с.Топиха
14544;14473;634069000;Черемшанский с.о.
14545;14544;634069100;с.Черемшанка
14546;14545;634069104;с.Ряжи
14547;14545;634069105;Пионерлагерь Солнышко
14548;14545;634069109;с.Орловка
14549;14411;634600000;Зайсанский район
14550;14549;634620000;Зайсанская г.а.
14551;14550;634620100;г.Зайсан
14552;14549;634633000;Биржанский с.о.
14553;14552;634633100;с.Биржан
14554;14553;634633105;с.Биринши
14555;14553;634633107;с.Насилбек
14556;14553;634633109;с.Кызылагаш
14557;14553;634633113;с.Калихан
14558;14552;634633200;с.Акарал
14559;14558;634633207;с.Кардон
14560;14558;634633208;с.Тасбай
14561;14552;634633300;с.Куаныш
14562;14561;634633307;с.Жайыр
14563;14561;634633308;с.Калкабай
14564;14561;634633315;с.Жол Жайыр
14565;14561;634633317;с.Сексен
14566;14549;634635000;Каратальский с.о.
14567;14566;634635100;с.Каратал
14568;14566;634635200;с.Жинишкесу
14569;14568;634635203;с.Уштерек
14570;14566;634635300;с.Кабыргатал
14571;14570;634635302;с.Елеке
14572;14570;634635303;с.Жиде
14573;14570;634635304;точка 4
14574;14570;634635305;точка 10
14575;14570;634635306;точка 13
14576;14570;634635307;точка 15
14577;14570;634635308;точка 16
14578;14570;634635311;точка 5
14579;14570;634635312;точка 14
14580;14570;634635313;с.Тогызбай
14581;14566;634635400;с.Коскора
14582;14581;634635402;с.Аккезен
14583;14581;634635404;с.Боктыбулак
14584;14581;634635405;с.Елегенбулак
14585;14581;634635406;с.Кукарагай
14586;14581;634635407;с.Куйган
14587;14581;634635408;с.Майкапчагай
14588;14581;634635409;с.Майшилик 1
14589;14581;634635411;с.Ласты
14590;14581;634635413;с.Суимбулак
14591;14581;634635415;с.Тойжан
14592;14581;634635417;с.Тубек
14593;14581;634635418;с.Жабай
14594;14581;634635419;с.Кордон
14595;14581;634635421;с.Тасбаз
14596;14566;634635500;с.Улкен Каратал
14597;14596;634635502;с.Амребаз
14598;14596;634635503;с.Арбакан
14599;14596;634635504;с.Акши 1
14600;14596;634635505;с.Акши 2
14601;14596;634635506;с.Донбеккора
14602;14596;634635507;с.Жадыра
14603;14596;634635508;с.Жазиккора
14604;14596;634635509;с.Кордон 1
14605;14596;634635511;с.Кордон 2
14606;14596;634635513;с.Карасу
14607;14596;634635515;с.Куйгенбаз
14608;14596;634635516;с.Туйебаз
14609;14549;634637000;Кенсайский с.о.
14610;14609;634637100;с.Кенсай
14611;14610;634637102;с.Айдагарлы
14612;14610;634637103;с.Аяккы Едиль
14613;14610;634637104;с.Баскы Едиль
14614;14610;634637105;с.Екиаша
14615;14610;634637106;с.Ешкибаза
14616;14610;634637107;с.Кизат 1
14617;14610;634637108;с.Кизат 2
14618;14610;634637109;с.Ортангы Едиль
14619;14610;634637111;с.Саркырама
14620;14610;634637112;с.Сарши
14621;14610;634637115;с.Шурык
14622;14609;634637200;с.Бакасу
14623;14609;634637300;с.Жарсу
14624;14623;634637303;с.Комсомол
14625;14609;634637600;с.Сарыжыра
14626;14625;634637609;Нукенбаз
14627;14625;634637613;с.Ески биринши
14628;14549;634639000;Карабулакский с.о.
14629;14628;634639100;с.Карабулак
14630;14629;634639105;с.Таскора
14631;14628;634639200;с.Дауал
14632;14631;634639202;с.Аяккы Жаманкара
14633;14631;634639204;с.Орта Жаманкара
14634;14631;634639205;с.Саркырама
14635;14631;634639206;с.Шайбулак
14636;14631;634639207;с.Баскы Жаманкара
14637;14631;634639208;с.Буракан
14638;14631;634639209;с.Аяккы Шункырбай
14639;14631;634639211;с.Коршат
14640;14631;634639213;с.Оленсай
14641;14631;634639214;с.Караталды
14642;14631;634639215;с.Ауызталды
14643;14631;634639216;с.Сиырбай
14644;14631;634639217;с.Раушан
14645;14631;634639218;с.Тарлаулы
14646;14631;634639219;с.Акша
14647;14631;634639221;с.Шолакбулак
14648;14628;634639400;с.Мукашы
14649;14648;634639403;с.Жайдак
14650;14648;634639404;с.Токашбай
14651;14648;634639405;с.Центральный
14652;14648;634639406;с.Ыдыржи
14653;14628;634639500;с.Сатбай
14654;14653;634639503;с.Аяккы Жемиль
14655;14653;634639504;с.Жоргабай
14656;14653;634639506;с.Половинка
14657;14653;634639509;с.Желши
14658;14653;634639511;с.Аэропорт
14659;14653;634639512;с.Рахметола
14660;14549;634643000;Сарытерек с.о.
14661;14660;634643100;с.Сарытерек
14662;14661;634643105;с.Кызылкия
14663;14661;634643106;с.Жалпак
14664;14661;634643107;с.Кардон
14665;14660;634643200;с.Аккойын
14666;14665;634643202;с.Ангиме
14667;14665;634643203;с.Манке
14668;14665;634643207;с.Ески Орталык
14669;14665;634643209;с.Кызыл-Кора
14670;14665;634643211;с.Колебай
14671;14665;634643213;с.Токтарбай
14672;14665;634643215;с.Сарышокы
14673;14660;634643300;с.Шалкар
14674;14660;634643600;с.Когедай
14675;14674;634643605;с.Кенарал
14676;14674;634643606;с.Каракум 1
14677;14674;634643607;с.Каракум 2
14678;14674;634643608;с.Кызылбаз
14679;14674;634643609;с.Мешел
14680;14674;634643611;с.Детдом
14681;14674;634643612;с.Алпар
14682;14674;634643613;ЛСП
14683;14674;634643614;с.Жанабаз
14684;14549;634645000;Айнабулакский с.о
14685;14684;634645100;с.Айнабулак
14686;14685;634645105;Киров завод
14687;14685;634645106;Кормоцех
14688;14685;634645107;с.Косагаш 1
14689;14685;634645109;с.Кызылбаз
14690;14685;634645123;с.Хадиша
14691;14685;634645124;с.Талды
14692;14685;634645125;с.Айбала
14693;14685;634645126;с.Мадени
14694;14685;634645127;с.Шолакбулак
14695;14685;634645128;с.Окей
14696;14685;634645129;с.Сарытумсык
14697;14685;634645131;с.Актам
14698;14685;634645132;с.Таянбай
14699;14685;634645133;с.Ашылы
14700;14685;634645134;с.Унгиркора
14701;14684;634645200;с.Жанатурмыс
14702;14701;634645202;с.Азанбай
14703;14701;634645203;с.Биебау
14704;14701;634645204;с.Бургенди
14705;14701;634645205;с.Куйган
14706;14701;634645206;с.Сандыктас
14707;14701;634645207;с.Уранбай
14708;14701;634645208;с.Улкенжеменей
14709;14701;634645209;с.Кайнар
14710;14701;634645211;с.Киши Жеменей
14711;14701;634645212;с.Куйган-2
14712;14701;634645213;с.Лагерь
14713;14701;634645214;с.Уранбай-2
14714;14684;634645400;с.Кайнар
14715;14714;634645402;с.Петроград
14716;14714;634645404;с.Октябрь 2
14717;14684;634645600;с.Шыршытсу
14718;14717;634645602;с.Айдапкел 2
14719;14717;634645603;с.Ащылы
14720;14717;634645604;с.Кынырбайкисык
14721;14717;634645605;с.Айдапкел 1
14722;14717;634645606;с.Аксай
14723;14717;634645607;с.Доланалы
14724;14717;634645608;с.Кызыл
14725;14717;634645609;с.Кызыл-баз
14726;14717;634645611;с.Мешин
14727;14549;634647000;Даировский с.о
14728;14727;634647100;с.Дайыр
14729;14728;634647102;с.Аксу
14730;14728;634647103;с.Алтыбай
14731;14728;634647104;с.Аяган
14732;14728;634647107;с.Коленке
14733;14728;634647108;с.Нугыман
14734;14728;634647114;с.Андреш
14735;14728;634647115;с.Бекбай
14736;14728;634647116;с.6-точка
14737;14727;634647200;с.Жамбыл
14738;14737;634647203;с.Акшабай
14739;14737;634647206;с.Естимес
14740;14737;634647207;с.Киши Орталык
14741;14737;634647208;с.Майчат
14742;14737;634647209;с.Тебеген
14743;14737;634647211;с.Улкен Орталык
14744;14727;634647300;с.Кокжыра
14745;14744;634647305;с.Ботай баз
14746;14744;634647306;с.Жалгыз Агаш
14747;14744;634647308;с.Кушик жал
14748;14744;634647309;с.Орталык
14749;14549;634649000;Шиликтинский с.о.
14750;14749;634649100;с.Шиликты
14751;14750;634649103;с.Казахстан
14752;14749;634649200;с.Жалшы
14753;14752;634649203;с.Кокбастау
14754;14752;634649209;с.Орта Кокбастау
14755;14749;634649300;с.Какенталды
14756;14755;634649303;с.Кенбулак
14757;14749;634649500;с.Карасай
14758;14749;634649600;с.Тасбастау
14759;14758;634649605;с.Курт
14760;14758;634649607;с.Сарыши
14761;14758;634649611;с.Тостиков
14762;14758;634649613;с.Шукин
14763;14758;634649614;с.Кемпирбулак
14764;14411;634800000;район Алтай
14765;14764;634820000;г.а.Алтай
14766;14765;634820100;г.Алтай
14767;14765;634820200;с.Березовское
14768;14764;634821100;г.Серебрянск
14769;14764;634835000;Ново-Бухтарминский с.о.
14770;14769;634835100;с.Новая Бухтарма
14771;14770;634835103;Дом отдыха Голубой залив
14772;14769;634835200;с.Александровка
14773;14769;634835300;с.Березовка
14774;14764;634837000;Зубовский с.о.
14775;14774;634837100;с.Зубовка
14776;14764;634839000;Малеевский с.о.
14777;14776;634839100;с.Малеевск
14778;14777;634839105;с.Ново-Калиновск
14779;14776;634839200;с.Богатырево
14780;14776;634839300;с.Быково
14781;14776;634839500;с.Путинцево
14782;14781;634839503;с.Козлушка
14783;14781;634839506;с.Шумовск
14784;14764;634841000;Октябрьский с.о.
14785;14784;634841100;с.Октябрьский
14786;14784;634841200;ст.Бухтарма
14787;14784;634841300;с.Сажаевка
14788;14787;634841303;Турбаза Алтайская бухта
14789;14784;634841400;ст.Селезневка
14790;14764;634843000;Никольский с.о.
14791;14790;634843100;с.Никольск
14792;14790;634843200;с.Алтайка
14793;14790;634843300;с.Бородино
14794;14790;634843400;с.Кремнюха
14795;14764;634845000;Парыгинский с.о.
14796;14795;634845100;с.Парыгино
14797;14796;634845103;с.Бобровка
14798;14795;634845200;с.Баяновск
14799;14798;634845205;с.Теплый Ключ
14800;14764;634847000;с.о.Полянское
14801;14800;634847100;с.Полянское
14802;14800;634847200;с.Васильевка
14803;14800;634847300;с.Дородница
14804;14764;634849000;Прибрежный с.о.
14805;14804;634849100;с.Прибрежное
14806;14804;634849200;с.Заводинка
14807;14764;634853000;Северный с.о.
14808;14807;634853100;с.Феклистовка
14809;14808;634853105;с.Кировск
14810;14807;634853200;с.Ермаковка
14811;14807;634853400;с.Северное
14812;14764;634855000;Соловьевский с.о.
14813;14812;634855100;с.Соловьево
14814;14812;634855300;с.Ново-Крестьянка
14815;14812;634855500;с.Маяк
14816;14812;634855600;с.Подорленок
14817;14764;634857000;Средигорненский с.о.
14818;14817;634857100;с.Средигорное
14819;14817;634857200;с.Александровка
14820;14817;634857300;с.Андреевка
14821;14817;634857400;с.Чиркаин
14822;14764;634859000;Тургусунский с.о.
14823;14822;634859100;с.Тургусун
14824;14823;634859103;с.Осиновка
14825;14764;634861000;Чапаевский с.о.
14826;14825;634861100;с.Чапаево
14827;14825;634861200;с.Крестовка
14828;14825;634861300;с.Орловка
14829;14825;634861400;с.Пролетарка
14830;14825;634861500;с.Снегирево
14831;14825;634861600;с.Восточное
14832;14831;634861602;с.Алтынсай
14833;14411;635200000;Курчумский район
14834;14833;635230000;Курчумский с.о.
14835;14834;635230100;с.Курчум
14836;14835;635230102;уч.Актас
14837;14835;635230103;уч.Мальковое
14838;14835;635230104;уч.Жинишке
14839;14835;635230105;уч.Катпанов
14840;14835;635230106;уч.Кокжыра
14841;14835;635230107;уч.Кызыл Терек
14842;14835;635230108;уч.Кызылтобе
14843;14835;635230109;уч.Мойнак
14844;14835;635230111;уч.Сартерек
14845;14835;635230112;уч.Свиноферма
14846;14835;635230113;уч.Рахметолдин
14847;14835;635230114;уч.Птицеферма
14848;14835;635230115;уч.Тастогам
14849;14835;635230116;уч.Чупенов
14850;14835;635230117;уч.4 бригада
14851;14835;635230118;уч.10 бригада
14852;14835;635230119;уч.АБЗ
14853;14835;635230121;уч.Торе - Тогам
14854;14835;635230122;с.Дынгек
14855;14834;635230200;с.Алгабас
14856;14855;635230203;уч.Армянбаз
14857;14855;635230204;уч.Жана баз 1
14858;14855;635230205;уч.Торангы
14859;14855;635230206;уч.Жана баз 2
14860;14855;635230207;уч.Киши Аккудык
14861;14855;635230208;уч.Стрижка
14862;14855;635230209;уч.Шешен баз
14863;14855;635230211;уч.Шонабай
14864;14855;635230212;уч.Улькен Аккудык
14865;14834;635230400;с.Топтерек
14866;14865;635230403;уч.Кабак
14867;14865;635230405;уч.Караозек
14868;14833;635233000;Абайский с.о.
14869;14868;635233100;с.Бурабай
14870;14869;635233102;с.Байжан
14871;14869;635233104;с.Жуман
14872;14869;635233106;с.Конный
14873;14869;635233111;с.Тума
14874;14869;635233113;с.Центральная
14875;14869;635233114;уч.Нугыман
14876;14869;635233115;уч.Кокжота
14877;14869;635233116;с.Тоскайын
14878;14868;635233300;с.Койтас
14879;14878;635233302;с.Волков
14880;14878;635233304;с.Купка
14881;14878;635233308;с.Сайлыбай
14882;14878;635233315;с.Тышкан
14883;14878;635233317;с.Урджан
14884;14878;635233318;уч.Заготскот
14885;14878;635233319;уч.Айдар
14886;14878;635233321;уч.Кокалабулак
14887;14868;635233400;с.Теректыбулак
14888;14887;635233403;Бригада 10
14889;14887;635233406;уч.Кызылтас
14890;14833;635237000;Балыкшинский с.о.
14891;14890;635237100;с.Аксуат
14892;14891;635237105;уч.Бекен
14893;14891;635237106;уч.Жанбай Асенов
14894;14891;635237107;уч.Жанбай Мухамадиев
14895;14891;635237108;уч.Коржин
14896;14891;635237109;уч.Тойбазар
14897;14890;635237200;с.Аманат
14898;14897;635237205;уч.Бесоба
14899;14897;635237206;уч.Буйрек
14900;14897;635237207;уч.Ильяс кора
14901;14897;635237208;уч.Итмурын
14902;14897;635237209;уч.Каракойын
14903;14897;635237211;уч.Киши Жаланаш
14904;14897;635237212;уч.Муратхан
14905;14890;635237300;с.Жолнускау
14906;14905;635237305;уч.Бота олген
14907;14905;635237306;уч.Караганды
14908;14905;635237308;уч.Такмушке Кадролдинов
14909;14905;635237309;уч.Такмушке Сакенов Е.
14910;14833;635249000;Калгутинский с.о.
14911;14910;635249100;с.Каратогай
14912;14911;635249102;с.Бабатлеу
14913;14911;635249103;с.Баубек
14914;14911;635249104;с.Бестерек
14915;14911;635249105;с.Догалбай
14916;14911;635249106;с.Дуйсенби
14917;14911;635249108;уч.Ашыбасы
14918;14911;635249109;с.Козыбай
14919;14911;635249112;уч.Жанасбай
14920;14911;635249113;с.Сарыбайкиши
14921;14911;635249115;с.Сарыбайулкен
14922;14911;635249116;уч.Сопы
14923;14911;635249117;с.Симтик
14924;14911;635249118;крес.пос.Енбек
14925;14911;635249119;уч.Шакаев
14926;14911;635249121;уч.Шакер
14927;14911;635249122;с.Жылытау
14928;14911;635249123;с.Айнабастау
14929;14911;635249124;с.Казантай
14930;14910;635249200;с.Акчий
14931;14930;635249203;с.Аргымак
14932;14930;635249205;уч.Дорбен
14933;14930;635249208;уч.Кормоцех
14934;14910;635249300;с.Егиндыбулак
14935;14934;635249303;с.Терисайрык
14936;14833;635255000;Куйганский с.о.
14937;14936;635255100;с.Куйган
14938;14937;635255109;уч.Телевышка
14939;14936;635255200;с.Кайнар
14940;14939;635255203;с.Чердояк
14941;14939;635255205;с.Карабулак
14942;14936;635255400;с.Кайынды
14943;14833;635257000;Маралдинский с.о.
14944;14943;635257100;с.Маралды
14945;14944;635257105;крес.пос.Алтай
14946;14944;635257107;с.Жума
14947;14944;635257111;с.Лукпан
14948;14944;635257113;уч.Ортен
14949;14944;635257115;уч.Куркели
14950;14943;635257300;с.Курчумкистауы
14951;14950;635257307;уч.Корык
14952;14950;635257309;уч.Орысай
14953;14943;635257500;с.Ушбулак
14954;14953;635257504;крес.пос.Сарытау
14955;14953;635257506;уч.Сарытау
14956;14953;635257507;уч.Батпак
14957;14833;635259000;Сарыоленский с.о.
14958;14957;635259100;с.Сарыолен
14959;14958;635259102;крес.пос.Амангельды
14960;14958;635259105;уч.Баян-Кызыл
14961;14958;635259106;уч.Водомерка 1
14962;14958;635259107;уч.Водомерка 2
14963;14958;635259108;уч.Елюбай Коль
14964;14958;635259109;уч.Кенжебай
14965;14958;635259111;уч.Кенетай
14966;14958;635259112;уч.Кызыл Кериш
14967;14958;635259113;уч.Сабырбай
14968;14958;635259114;уч.Сарыколь
14969;14958;635259115;уч.Сатжол
14970;14958;635259116;уч.Чункурчи
14971;14958;635259117;уч.Чурегей
14972;14957;635259300;с.Бирлик
14973;14972;635259311;уч.Токабай
14974;14957;635259400;с.Барак батыра
14975;14974;635259402;уч.Абакан
14976;14974;635259405;уч.Куговое
14977;14974;635259409;уч.Молодежное
14978;14411;635400000;Катон-Карагайский район
14979;14978;635430000;Катон-Карагайский с.о.
14980;14979;635430100;с.Катон-Карагай
14981;14979;635430200;с.Жана-Ульга
14982;14979;635430300;с.Кабырга
14983;14979;635430400;с.Мойылды
14984;14979;635430500;с.Шынгыстай
14985;14978;635433000;Аксуский с.о.
14986;14985;635433100;с.Аксу
14987;14986;635433109;с.Талды
14988;14985;635433200;с.Жазаба
14989;14985;635433300;с.Акшарбак
14990;14985;635433400;с.Бекалка
14991;14978;635435000;Жамбылский с.о.
14992;14991;635435100;с.Жамбыл
14993;14992;635435102;с.Маралды
14994;14991;635435200;с.Берель
14995;14994;635435205;с.Караайрык
14996;14991;635435500;с.Рахмановские ключи
14997;14978;635445000;Коробихинский с.о.
14998;14997;635445100;с.Коробиха
14999;14998;635445107;с.Усть-Язовая
15000;14997;635445200;с.Барлык
15001;14997;635445400;с.Ушбулак
15002;14978;635447000;Белкарагайский с.о.
15003;15002;635447100;с.Белкарагай
15004;15002;635447200;с.Орнек
15005;15002;635447300;с.Согорное
15006;15002;635447400;с.Топкаин
15007;14978;635457000;Урыльский с.о.
15008;15007;635457100;с.Урыль
15009;15007;635457200;с.Аршаты
15010;15007;635457300;с.Енбек
15011;14978;635465000;Аккайнарский с.о.
15012;15011;635465100;с.Аккайнар
15013;15011;635465200;с.Кайынды
15014;15011;635465300;с.Кызылжулдыз
15015;15011;635465400;с.Акмарал
15016;14411;635500000;район Марқакөл
15017;15016;635530000;Маркакольский с.о.
15018;15017;635530100;с.Маркаколь
15019;15018;635530102;крес.пос.Ашалы
15020;15018;635530104;Куринная ферма
15021;15018;635530105;с.Мойылды
15022;15018;635530106;уч.Александровка
15023;15018;635530111;уч.Акбалшык
15024;15018;635530113;уч.Туйекуйрык
15025;15018;635530115;уч.Жогары Ашалы
15026;15018;635530117;уч.Шеттеректы
15027;15018;635530118;с.Тентек
15028;15018;635530119;Пасека
15029;15017;635530200;с.Акжайлау
15030;15029;635530203;с.Матабай
15031;15017;635530400;с.Булгартабыты
15032;15031;635530402;уч.Акбейит
15033;15031;635530405;уч.Койтубек
15034;15031;635530406;уч.Коксалды
15035;15031;635530407;уч.Колен
15036;15031;635530409;уч.Торетума
15037;15017;635530500;с.Карашилик
15038;15037;635530505;с.Чошан
15039;15017;635530600;с.Караой
15040;15039;635530603;с.Актума
15041;15039;635530604;с.Жанибек
15042;15039;635530606;уч.Тукур
15043;15039;635530609;уч.Шанды
15044;15017;635530700;с.Кайнарлы
15045;15016;635533000;Тоскаинский с.о.
15046;15045;635533100;с.Тоскаин
15047;15046;635533105;Комендатура Тоскайын
15048;15045;635533200;с.Балыктыбулак
15049;15045;635533300;с.Бугумуюз
15050;15045;635533600;с.Урунхайка
15051;15050;635533608;крес.пос.Карагайлыбулак
15052;15050;635533609;крес.пос.Верхняя Еловка
15053;15045;635533700;с.Шаганатты
15054;15053;635533705;Застава " Кокжота"
15055;15053;635533706;Застава " Маралды"
15056;15053;635533707;Застава " Шаганатты"
15057;15016;635535000;Бурановский с.о.
15058;15057;635535100;с.Буран
15059;15058;635535106;уч.За Иртышом 1
15060;15058;635535107;уч.За Иртышом 2
15061;15058;635535113;уч.Наби
15062;15058;635535117;уч.Абдырас
15063;15058;635535119;уч.Кожебай
15064;15058;635535121;уч.Мельница
15065;15058;635535123;уч.Туйетас
15066;15057;635535200;с.Жанааул
15067;15057;635535300;с.Жиделы
15068;15067;635535305;уч.Горка
15069;15067;635535308;уч.Каратал 1
15070;15057;635535400;с.Игилик
15071;15070;635535405;уч.Жарык
15072;15057;635535500;с.Казахстан
15073;15016;635537000;Акбулакский с.о.
15074;15073;635537100;с.Акбулак
15075;15074;635537106;с.Сарыкобен
15076;15074;635537108;уч.Рсак
15077;15074;635537109;уч.Тортинши
15078;15074;635537113;крес.пос.Майтерек
15079;15074;635537114;с.Алтай
15080;15073;635537300;с.Кунгей-Бокенбай
15081;15080;635537302;с.Нургазы
15082;15080;635537304;с.Шиликты
15083;15080;635537305;уч.Касымбек
15084;15080;635537306;уч.Аргынбай
15085;15080;635537307;уч.Тлеу
15086;15080;635537308;уч.Атымтай
15087;15073;635537500;с.Терскей-Бокенбай
15088;15087;635537505;уч.Кабыргатал
15089;15087;635537509;уч.Саветбай
15090;15016;635539000;Калжырский с.о.
15091;15090;635539100;с.Калжыр
15092;15091;635539102;уч.Жыргалан 1
15093;15091;635539103;уч.Жыргалан 2
15094;15091;635539104;уч.Иманбай
15095;15091;635539106;уч.Кызылжар 1
15096;15091;635539109;уч.Стан
15097;15091;635539111;уч.Тегистик 1
15098;15091;635539112;уч.Байшуак
15099;15091;635539115;уч.Тумсыкши
15100;15090;635539200;с.Правый Усть-Кальжыр
15101;15100;635539202;уч.Бас Шубарчилик
15102;15100;635539205;уч.Орта Шубарчилик
15103;15090;635539300;с.Такыр
15104;15103;635539303;уч.Кашаган
15105;15103;635539304;уч.Косай
15106;15103;635539309;уч.Танжарык
15107;15090;635539400;с.Шенгельды
15108;15107;635539405;уч.Кызылту
15109;15107;635539409;уч.Таскора
15110;14411;635600000;район Самар
15111;15110;635630000;Самарский с.о.
15112;15111;635630100;с.Самарское
15113;15111;635630300;с.Кайынды
15114;15111;635630500;с.Шубаркайын
15115;15110;635633000;с.о.Аккала
15116;15115;635633100;с.Аккала
15117;15115;635633200;с.Жанажол
15118;15115;635633300;с.Караткуль
15119;15115;635633400;с.Койтас
15120;15110;635635000;Бастаушинский с.о.
15121;15120;635635100;с.Бастауши
15122;15120;635635200;с.Кокжота
15123;15110;635637000;Кулынжонский с.о.
15124;15123;635637100;с.Кулынжон
15125;15123;635637200;с.Кокжыра
15126;15110;635639000;Мариногорский с.о.
15127;15126;635639100;с.Мариногорка
15128;15126;635639300;с.Жўмба
15129;15126;635639400;с.Мойылды
15130;15110;635641000;Миролюбовский с.о.
15131;15130;635641100;с.Миролюбовка
15132;15130;635641400;с.Раздольное
15133;15110;635643000;Палатцынский с.о.
15134;15133;635643100;с.Палатцы
15135;15133;635643280;с.Каракол
15136;15133;635643300;с.Песчанка
15137;15133;635643480;с.Подгорное
15138;15110;635645000;Сарыбельский с.о.
15139;15138;635645100;с.Сарыбел
15140;15138;635645300;с.Новостройка
15141;14411;635800000;Тарбагатайский район
15142;15141;635830000;Акжарский с.о.
15143;15142;635830100;с.Акжар
15144;15143;635830104;с.Диирмен
15145;15143;635830105;с.Екибас
15146;15143;635830106;с.Еспе
15147;15143;635830107;с.Калигажи
15148;15143;635830108;с.Карой
15149;15143;635830109;с.Кулдаулет
15150;15143;635830112;с.Мойын
15151;15143;635830114;с.Петька
15152;15143;635830115;с.Сарбулак
15153;15143;635830116;с.Серенкамал
15154;15142;635830200;с.Жаналык
15155;15154;635830203;с.Каскак
15156;15142;635830300;с.Жанатилеу
15157;15156;635830302;с.Огиз кора
15158;15156;635830304;с.Токтамыс 1
15159;15156;635830305;с.Токтамыс 2
15160;15141;635839000;Жанааулский с.о.
15161;15160;635839100;с.Жанаауыл
15162;15161;635839102;с.Аккора
15163;15161;635839103;с.Боданбай
15164;15161;635839107;с.Карашокы
15165;15161;635839117;с.Сана
15166;15161;635839118;с.Талпын 2
15167;15161;635839119;с.Талпын
15168;15161;635839125;с.Бокпай 1
15169;15161;635839126;с.Бокпай 2
15170;15161;635839127;с.Туайт
15171;15161;635839128;с.Баятар
15172;15160;635839200;с.Ахметбулак
15173;15172;635839202;с.Ахметбулак 1
15174;15172;635839204;с.Комсомол
15175;15172;635839208;с.Курмангали
15176;15172;635839209;с.Кызылтас
15177;15172;635839211;с.Тентек
15178;15172;635839212;с.Бокпай 3
15179;15172;635839213;с.Казанбай
15180;15172;635839214;с.Курмангалы 2
15181;15172;635839215;с.Оскелен
15182;15160;635839300;с.Жанаталап
15183;15182;635839304;с.Жыргалы
15184;15182;635839306;с.Куаныш
15185;15182;635839308;с.Каске
15186;15182;635839309;с.Аушык
15187;15182;635839311;с.Ушбулак
15188;15182;635839312;с.Кымызбай
15189;15160;635839400;с.Сарыолен
15190;15189;635839404;с.Жазике
15191;15189;635839413;с.Узынбулак
15192;15141;635841000;Жетыаральский с.о.
15193;15192;635841100;с.Жетыарал
15194;15192;635841200;с.Асусай
15195;15194;635841202;с.Аккора
15196;15194;635841203;с.Актас
15197;15194;635841204;с.Атамбай
15198;15194;635841205;с.Ашутас
15199;15194;635841206;с.Бекбау
15200;15194;635841207;с.Бозша
15201;15194;635841208;с.Боуык
15202;15194;635841209;с.Ески Асусай
15203;15194;635841211;с.Жалгызбастау
15204;15194;635841212;с.Жантемир
15205;15194;635841213;с.Жоке
15206;15194;635841214;с.Келтебулак
15207;15194;635841215;с.Копбай
15208;15194;635841216;с.Киябай
15209;15194;635841217;с.Мади
15210;15194;635841218;с.Мейрамбай
15211;15194;635841219;с.Метке
15212;15194;635841221;с.Мендеке
15213;15194;635841222;с.Мынжан
15214;15194;635841223;с.Лак
15215;15194;635841224;Ортакора
15216;15194;635841225;с.Сушы
15217;15194;635841226;с.Шалгынбай
15218;15192;635841300;с.Жангызтал
15219;15218;635841302;с.Анкау
15220;15218;635841303;с.Актобе
15221;15218;635841304;с.Каби
15222;15218;635841305;с.Караоба
15223;15218;635841306;Кызылкора
15224;15218;635841307;с.Аккора
15225;15192;635841400;с.Камысты
15226;15225;635841402;с.Абиш
15227;15225;635841403;с.Айнабастау
15228;15225;635841404;с.Атархан
15229;15225;635841405;с.Балык
15230;15225;635841406;с.Болтек
15231;15225;635841407;с.Жабагы
15232;15225;635841408;с.Жаналык
15233;15225;635841409;с.Кисыкмойыншы
15234;15225;635841411;с.Конырбай
15235;15225;635841412;с.Кызылкесик
15236;15225;635841413;с.Мойынтам
15237;15225;635841414;с.Муздыбулак
15238;15225;635841415;с.Нуржан
15239;15225;635841416;с.Нокаш
15240;15225;635841417;с.Отембай
15241;15225;635841418;с.Саутбай
15242;15225;635841419;с.Семсербай
15243;15225;635841421;с.Сойлесбай
15244;15225;635841422;с.Сыбан
15245;15225;635841423;с.Тесиктас
15246;15225;635841424;с.Турлыбай
15247;15225;635841425;с.Тиленши
15248;15141;635843000;Кабанбайский с.о.
15249;15248;635843100;с.Кабанбай
15250;15249;635843102;с.Алыбай
15251;15249;635843103;с.Байуали
15252;15249;635843104;с.Карамерген
15253;15248;635843200;с.Казахстан
15254;15253;635843202;с.Акмектеп
15255;15253;635843203;с.Балшыкбай
15256;15253;635843204;с.Жуметкен
15257;15253;635843205;Кызылкора
15258;15253;635843206;с.Сат
15259;15248;635843300;с.Тауке
15260;15259;635843302;с.Абдилдабек
15261;15259;635843303;с.Камен
15262;15259;635843304;с.Кайса
15263;15259;635843305;с.Тесибакан
15264;15248;635843400;с.Шенгельды
15265;15264;635843402;с.Денгельбай
15266;15264;635843403;Донкора
15267;15264;635843404;с.Жылыбулак
15268;15264;635843405;с.Кулболды
15269;15264;635843406;с.Каркес
15270;15264;635843407;с.Карашенгел
15271;15264;635843408;Кызылкора
15272;15264;635843409;ЛСП
15273;15248;635843500;с.Шорга
15274;15273;635843502;с.Азжике
15275;15273;635843503;с.Атабай
15276;15273;635843504;с.Дуанбай
15277;15273;635843505;с.Жаманбай
15278;15273;635843506;с.Жылкыкора
15279;15273;635843507;с.Екибас 1
15280;15273;635843508;с.Екибас 2
15281;15273;635843509;с.Кайса
15282;15273;635843511;с.Кызылсыдык
15283;15273;635843512;с.Ногай
15284;15273;635843513;с.Сталин
15285;15273;635843515;с.Сарыбас 1
15286;15273;635843517;с.Таскудык
15287;15273;635843519;с. Туйекора
15288;15141;635847000;Карасуский с.о.
15289;15288;635847100;с.Карасу
15290;15288;635847200;с.Акмектеп
15291;15290;635847203;с.Алдаберген
15292;15290;635847204;с.Алшынбай
15293;15290;635847205;с.Батколда
15294;15290;635847206;с.Долымбек
15295;15290;635847207;с.Болеккум
15296;15290;635847211;с.Карахан
15297;15290;635847213;с.Кулмандай
15298;15290;635847215;Кызылкора
15299;15290;635847217;с.Киши сейт
15300;15290;635847219;с.Манакбай
15301;15290;635847221;с.Мырзахан
15302;15290;635847223;с.Токабай 1
15303;15290;635847225;с.Токабай 2
15304;15290;635847227;с.Улкен сейт
15305;15288;635847400;с.Жолкурылыс
15306;15288;635847700;с.Шолакорда
15307;15306;635847702;с.Аманжол
15308;15306;635847703;с.Арганаты
15309;15306;635847704;с.Армандас
15310;15306;635847705;с.Жиекбай
15311;15306;635847706;с.Илгидай
15312;15306;635847707;с.Коксеген
15313;15306;635847708;с.Костобе
15314;15306;635847709;с.Сембай
15315;15306;635847711;с.Токбакбай
15316;15288;635847800;с.Караой
15317;15316;635847803;Кабибаза
15318;15316;635847804;Калибаза
15319;15316;635847805;Кызылкора
15320;15141;635851000;Куйганский с.о.
15321;15320;635851100;с.Куйган
15322;15321;635851102;с.Асемет
15323;15321;635851103;с.Актеке
15324;15321;635851105;с.Арганаты
15325;15321;635851106;с.Арганаты 1
15326;15321;635851107;с.Арганаты 2
15327;15321;635851108;с.Бектас
15328;15321;635851109;с.Болатсу
15329;15321;635851111;с.Жаки
15330;15321;635851112;с.Жакыпбай
15331;15321;635851113;с.Кокашы
15332;15321;635851114;с.Кызыбай
15333;15321;635851115;с.Кызылкайын
15334;15321;635851116;с.Кызылкора
15335;15321;635851117;с.Кызылшокы
15336;15321;635851118;ЛСП
15337;15321;635851119;с.Ногайбай
15338;15321;635851121;с.Сагындык
15339;15321;635851123;с.Тесипаккан
15340;15321;635851124;с.Шахар
15341;15320;635851200;с.Жаланаш
15342;15341;635851202;с.Аккора
15343;15341;635851203;с.Алтай
15344;15341;635851204;Отгон
15345;15341;635851205;с.Жобалай
15346;15341;635851206;с.Ески Алтай
15347;15341;635851207;с.Еспе
15348;15341;635851209;с.Нугыман
15349;15341;635851211;Саден
15350;15341;635851212;с.Жанасаден
15351;15341;635851213;с.Ески Саден
15352;15320;635851300;с.Жамбыл
15353;15352;635851302;с.Айтак
15354;15352;635851303;с.Акшал
15355;15352;635851304;с.Акежантуна
15356;15352;635851305;с.Бегетай
15357;15352;635851306;с.Жарык
15358;15352;635851308;с.Кокбай
15359;15352;635851309;с.Мошан
15360;15352;635851311;с.Уса
15361;15352;635851312;с.Акежан
15362;15352;635851313;с.Жанаалтай
15363;15352;635851315;с.Тума
15364;15141;635857000;Маныракский с.о.
15365;15364;635857100;с.Манырак
15366;15365;635857102;с.Апахай
15367;15365;635857104;с.Балагазы
15368;15365;635857105;с.Сарашы
15369;15365;635857106;с.Жыланбай
15370;15365;635857107;с.Кайырбайбулак
15371;15365;635857111;с.Ленин
15372;15365;635857115;с.Сенгир
15373;15364;635857400;с.Даулетбай
15374;15373;635857402;с.Байгонды
15375;15373;635857403;с.Мынбай
15376;15373;635857404;с.Басбулак
15377;15373;635857405;с.Бегенбай
15378;15373;635857408;с.Дерели
15379;15373;635857409;с.Иманбай
15380;15373;635857412;с.Коктас
15381;15373;635857413;с.Шолак булак
15382;15373;635857414;с.Кошкенбай
15383;15373;635857415;с.Кызылаши
15384;15373;635857418;с.Сая
15385;15373;635857419;с.Сиырбозша
15386;15141;635863000;Тугыльский с.о.
15387;15386;635863100;с.Тугыл
15388;15387;635863105;с.Байбиче
15389;15386;635863200;с.Байтогас
15390;15389;635863202;с.Актюбек
15391;15389;635863203;с.Бесшана
15392;15389;635863204;с.Ески Тугыл
15393;15389;635863205;с.Карсакбай
15394;15389;635863206;с.Тайтузген
15395;14411;636200000;Уланский район
15396;15395;636230000;с.о.Касыма Кайсенова
15397;15396;636230100;с.Касыма Кайсенова
15398;15395;636233000;Аблакетский с.о.
15399;15398;636233100;с.Сагыр
15400;15399;636233102;уч.Акбаур
15401;15399;636233103;уч.Жанбай
15402;15399;636233104;уч.Займка
15403;15399;636233105;уч.Медведка
15404;15399;636233106;отг.Кошанай
15405;15399;636233107;отг.Макпал
15406;15399;636233108;отг.Карымсак
15407;15399;636233109;с.Кызыл Тас
15408;15398;636233200;с.Бестерек
15409;15408;636233202;уч.Алдай
15410;15408;636233203;уч.Токсанбай
15411;15408;636233204;уч.Темеке
15412;15408;636233205;уч.Шоже
15413;15408;636233206;отг.Майтас
15414;15408;636233207;отг.Толекы
15415;15408;636233208;отг.Томенгы Шоже
15416;15398;636233300;с.Мамай батыра
15417;15416;636233302;уч.Карачука
15418;15416;636233304;уч.Подхоз
15419;15398;636233400;с.Желдиозек
15420;15395;636235000;Азовский с.о.
15421;15420;636235100;с.Ново-Азовое
15422;15421;636235180;с.Азовое
15423;15420;636235200;с.Беткудук
15424;15395;636237000;Алмасайский с.о.
15425;15424;636237100;с.Алмасай
15426;15425;636237105;Заимка в с. Алмасай
15427;15425;636237106;Заимка в с. Б.Утепов
15428;15424;636237200;с.Баяш Утепов
15429;15424;636237500;с.Сарыөзек
15430;15395;636239000;Асубулакский с.о.
15431;15430;636239100;с.Асубулак
15432;15430;636239200;с.Белогорское
15433;15432;636239205;с.Нижняя Таинта
15434;15395;636243000;Багратионовский с.о.
15435;15434;636243100;с.Привольное
15436;15434;636243200;с.Митрофановка
15437;15395;636249000;Егинсуский с.о.
15438;15437;636249100;с.Уланское
15439;15438;636249102;отг.Боранбай
15440;15438;636249104;отг.Есенгельды
15441;15438;636249105;отг.Жекетап
15442;15438;636249106;отг.Кушикбай
15443;15438;636249107;отг.Саухат
15444;15438;636249108;отг.Сарыбастау
15445;15438;636249109;отг.Танат
15446;15438;636249111;отг.Жумакан
15447;15438;636249112;отг.Каскак
15448;15438;636249113;отг.Тоганас
15449;15437;636249200;с.Бурсак
15450;15449;636249203;отг.Старая Канайка
15451;15449;636249205;отг.Мырзат
15452;15449;636249206;отг.56 км
15453;15449;636249207;отг.Жосалы
15454;15437;636249300;с.Жанузак
15455;15454;636249302;отг.Жыланды
15456;15454;636249303;отг.Карабастау
15457;15454;636249304;отг.Корпебай
15458;15395;636253000;Айыртауский с.о.
15459;15458;636253100;с.Айыртау
15460;15459;636253102;с.Сартымбет
15461;15459;636253103;с.Тукуль
15462;15459;636253104;с.Узунбулак
15463;15459;636253107;с.Кадышев Лог
15464;15458;636253200;с.Новая Канайка
15465;15395;636255000;Каменский с.о.
15466;15465;636255100;с.Каменка
15467;15465;636255300;с.Тройницкое
15468;15395;636257000;Бозанбайский с.о.
15469;15468;636257100;с.Бозанбай
15470;15469;636257102;с.Кындык
15471;15469;636257103;с.Сатай
15472;15469;636257104;с.Тоганас
15473;15469;636257105;с.Нижний Акчи
15474;15469;636257106;уч.Амен
15475;15469;636257107;уч.Акши
15476;15469;636257108;уч.Диермен
15477;15469;636257109;с.Акжартас
15478;15469;636257111;с.Мыншункур
15479;15469;636257112;с.Кызылсу
15480;15468;636257200;с.Алгабас
15481;15480;636257202;уч.Каракезен
15482;15480;636257203;с.Майтубек
15483;15480;636257205;с.Сибирские Озера
15484;15395;636263000;Огневский с.о.
15485;15484;636263100;с.Огневка
15486;15484;636263200;с.Смолянка
15487;15484;636263400;с.Жантас
15488;15395;636265000;Усть-Каменогорский с.о.
15489;15488;636265100;с.Восточное
15490;15488;636265200;с.Донское
15491;15488;636265300;с.Макеевка
15492;15488;636265400;с.Мирное
15493;15395;636267000;Саратовский с.о.
15494;15493;636267100;с.Саратовка
15495;15493;636267200;с.Ново-Одесское
15496;15493;636267300;с.Отрадное
15497;15395;636269000;Таврический с.о.
15498;15497;636269100;с.Таврическое
15499;15497;636269200;с.Актобе
15500;15497;636269300;с.Пролетарка
15501;15497;636269400;с.Гагарино
15502;15501;636269403;отг.Центральный
15503;15501;636269407;с.Южное
15504;15395;636273000;Таргынский с.о.
15505;15504;636273100;с.Таргын
15506;15504;636273300;с.Верхние Таинты
15507;15504;636273400;с.Манат
15508;15504;636273500;с.Изгутты Айтыков
15509;15395;636275000;Толеген Тохтаровский с.о.
15510;15509;636275100;с.Герасимовка
15511;15509;636275300;с.Казачье
15512;15509;636275600;с.Украинка
15513;15512;636275603;Хутор Земляники
15514;14411;636300000;район Үлкен Нарын
15515;15514;636330000;Улкен Нарынский с.о.
15516;15515;636330100;с.Улкен Нарын
15517;15515;636330200;с.Балгын
15518;15515;636330300;с.Жулдыз
15519;15515;636330400;с.Коктерек
15520;15515;636330500;с.Свинчатка
15521;15515;636330600;с.Кокбастау
15522;15514;636333000;Алтынбельский с.о.
15523;15522;636333100;с.Алтынбел
15524;15522;636333200;с.Егынды
15525;15522;636333300;с.Майемер
15526;15522;636333500;с.Уштобе
15527;15514;636335000;Новополяковский с.о.
15528;15527;636335100;с.Новополяковка
15529;15527;636335200;с.Бесюй
15530;15527;636335400;с.Каражал
15531;15530;636335402;с.Ульяновка
15532;15530;636335403;с.Красная Поляна
15533;15527;636335500;с.Сенное
15534;15514;636337000;Новохайрузовский с.о.
15535;15534;636337100;с.Ново-Хайрузовка
15536;15534;636337200;с.Алыбай
15537;15534;636337400;с.Приморское
15538;15514;636339000;Солдатовский с.о.
15539;15538;636339100;с.Солдатово
15540;15514;636341000;Солоновский с.о.
15541;15540;636341100;с.Солоновка
15542;15540;636341200;с.Мало Нарымка
15543;14411;636800000;Шемонаихинский район
15544;15543;636820000;Шемонаихинская г.а.
15545;15544;636820100;г.Шемонаиха
15546;15543;636835000;Вавилонский с.о.
15547;15546;636835100;с.Камышинка
15548;15546;636835200;с.Горкуново
15549;15546;636835300;с.Кенюхово
15550;15546;636835400;с.Пруггерово
15551;15546;636835500;с.Сугатовка
15552;15543;636837000;Волчанский с.о.
15553;15552;636837100;с.Волчанка
15554;15552;636837200;с.Березовка
15555;15554;636837208;с.Моисеевка
15556;15554;636837209;с.Трехгорное
15557;15552;636837500;с.Кандыковка
15558;15552;636837600;с.Крюковка
15559;15552;636837900;с.Большая речка
15560;15543;636839000;Выдрихинский с.о.
15561;15560;636839100;с.Выдриха
15562;15560;636839200;с.Межовка
15563;15543;636841000;Верх-Убинский с.о.
15564;15563;636841100;с.Верх-Уба
15565;15564;636841109;с.Зауба
15566;15543;636843000;Зевакинский с.о.
15567;15566;636843100;с.Зевакино
15568;15566;636843200;с.Новая Убинка
15569;15566;636843400;с.Убинка
15570;15543;636845000;Каменевский с.о.
15571;15570;636845100;с.Рассыпное
15572;15571;636845105;с.Волчовка
15573;15571;636845107;с.Новоселово
15574;15570;636845300;с.Коневка
15575;15570;636845400;с.Михайловка
15576;15570;636845700;с.Рулиха
15577;15576;636845709;с.Шапорево
15578;15543;636847000;Октябрьский с.о.
15579;15578;636847100;с.Октябрьское
15580;15579;636847103;с.Садовое
15581;15579;636847105;с.Лазовое
15582;15578;636847300;с.Луговое
15583;15543;636849000;Разинский с.о.
15584;15583;636849100;с.Красная Шемонаиха
15585;15584;636849109;р.Казахстанский
15586;15583;636849200;с.Белый Камень
15587;15583;636849400;с.Медведка
15588;15543;636857000;Первомайский с.о.
15589;15588;636857100;с.Первомайский
15590;15588;636857200;с.Барашки
15591;15588;636857300;с.Ново-Ильинка
15592;15591;636857311;ст.Фестивальная
15593;15543;636863000;Усть-Таловский с.о.
15594;15593;636863100;с.Усть-Таловка
15595;15593;636863200;с.Березовка
15596;15593;636863400;с.Половинка
15597;0;710000000;г.Астана
15598;15597;711110000;район Алматы
15599;15597;711210000;район Есиль
15600;15597;711310000;район Сарыарка
15601;15597;711410000;район Байқоңыр
15602;15597;711510000;район Нұра
15603;15597;711610000;район Сарайшық
15604;0;750000000;г.Алматы
15605;15604;751110000;Алмалинский район
15606;15604;751210000;Алатауский район
15607;15604;751310000;Ауэзовский район
15608;15604;751410000;Бостандыкский район
15609;15604;751510000;Жетысуский район
15610;15604;751710000;Медеуский район
15611;15604;751810000;Наурызбайский район
15612;15604;751910000;Турксибский район
15613;0;790000000;г.Шымкент
15614;15613;791110000;Абайский район
15615;15613;791310000;Аль-Фарабийский район
15616;15613;791510000;Енбекшинский район
15617;15613;791710000;Каратауский район
15618;15613;791910000;район Тұран
