id;parent_id;code;name
1;0;100000000;Абай облысы
2;1;101000000;Семей Қ.Ә.
3;2;101010000;Семей қ.
4;1;101800000;Курчатов Қ.Ә.
5;4;101810000;Курчатов қ.
6;1;103200000;Абай ауданы
7;6;103230000;Қараауыл а.о.
8;7;103230100;Қараауыл а.
9;6;103233000;Кеңгірбай би а.о.
10;9;103233100;Кеңгірбай би а.
11;10;103233127;Жидебай а.
12;6;103235000;Арқат а.о.
13;12;103235100;Арқат а.
14;12;103235500;Орда а.
15;6;103239000;Қасқабұлақ а.о.
16;15;103239100;Қасқабұлақ а.
17;15;103239400;Борлы а.
18;6;103243000;Құндызды а.о.
19;18;103243100;Жүрекадыр а.
20;19;103243134;Мендеке а.
21;19;103243135;Жаңаарна а.
22;6;103245000;Медеу а.о.
23;22;103245100;Медеу а.
24;6;103247000;Көкбай а.о.
25;24;103247100;Көкбай а.
26;25;103247117;Баянқар а.
27;25;103247164;Рамазан а.
28;6;103249000;Тоқтамыс а.о.
29;28;103249100;Тоқтамыс а.
30;6;103253000;Сарыжал а.о.
31;30;103253100;Сарыжал а.
32;1;103400000;Ақсуат ауданы
33;32;103430000;Ақсуат а.о.
34;33;103430100;Ақсуат а.
35;34;103430115;Училище а.
36;32;103433000;Екпін а.о.
37;36;103433100;Екпін а.
38;37;103433103;Жаңатілек а.
39;37;103433104;Қызылқайың а.
40;37;103433106;Лагер
41;37;103433107;Сүттиген а.
42;37;103433108;Түйебаз
43;37;103433109;Хасен а.
44;37;103433111;Шифербаз
45;37;103433113;Шитөбе а.
46;37;103433114;Ақтас а.
47;37;103433115;Бердібай а.
48;37;103433116;Күйгенқора
49;37;103433117;Нарын а.
50;37;103433118;Ақбаз-1 а.
51;37;103433119;Наум а.
52;37;103433121;Ақшағыл а.
53;37;103433122;Атақан а.
54;37;103433123;Барлыбай а.
55;37;103433124;Бектұр а.
56;37;103433125;Бесбастау а.
57;37;103433126;Дос а.
58;37;103433127;Жалпақ а.
59;37;103433128;Жанұзақ а.
60;37;103433129;Жұмақан-1 а.
61;37;103433131;Жұмақан-2 а.
62;37;103433132;Кәкебай а.
63;37;103433133;Қасенғажы а.
64;37;103433134;Қармыс а.
65;37;103433135;Қонақбай а.
66;37;103433136;Қызбай а.
67;37;103433137;Күнбосын а.
68;37;103433138;Зекен-1 а.
69;37;103433139;Зекен-2 а.
70;37;103433141;Майса а.
71;37;103433142;Манақ а.
72;37;103433143;Мұхаметжан а.
73;37;103433144;Нұртаза а.
74;37;103433145;Оралбай а.
75;37;103433146;Өскенбай а.
76;37;103433147;Пштахан а.
77;37;103433148;Сарбастау а.
78;37;103433149;Теміртек а.
79;37;103433151;Шонтайбек а.
80;36;103433200;Аққала а.
81;80;103433203;Байбалта а.
82;80;103433205;Шұбаршы а.
83;32;103435000;Көкжыра а.о.
84;83;103435100;Көкжыра а.
85;83;103435200;Базарға а.
86;85;103435202;Алмас а.
87;85;103435203;Байқара а.
88;85;103435204;Дулағали а.
89;85;103435205;Жасқайрат а.
90;85;103435206;Жаңабаз а.
91;85;103435207;Қараоба а.
92;85;103435208;Кішкенетау а.
93;85;103435209;Базаршат а.
94;85;103435211;Қаражал а.
95;83;103435500;Мүрсәлім а.
96;95;103435502;Әділхан а.
97;95;103435503;Апырым а.
98;95;103435504;Дендагүл а.
99;95;103435505;Қымбат а.
100;95;103435506;Көшкін а.
101;95;103435507;Маше а.
102;95;103435508;Мырзабай а.
103;95;103435509;Орақ а.
104;95;103435511;Рақыш а.
105;95;103435513;Сарыбайбосын а.
106;95;103435515;Сейсеке а.
107;95;103435516;Әсемжан а.
108;95;103435517;Әзімхан а.
109;95;103435518;Ақсақал а.
110;95;103435519;Ахмади а.
111;95;103435521;Боранбай а.
112;95;103435522;Ермұхан а.
113;95;103435523;Жоныс а.
114;95;103435524;Жұмахан а.
115;95;103435525;Мазабай а.
116;95;103435526;Мұқажан а.
117;95;103435527;Пима а.
118;95;103435528;Тоқтар а.
119;95;103435529;Шаяхмет а.
120;95;103435531;Мешел а.
121;95;103435532;Ақтүбек а.
122;95;103435533;Ақшал а.
123;95;103435534;Амре а.
124;95;103435535;Қамза а.
125;95;103435536;Сарша а.
126;83;103435600;Серіктес а.
127;126;103435602;Алау а.
128;126;103435603;Молдабек а.
129;126;103435604;ЛСП
130;32;103437000;Кіндікті а.о.
131;130;103437100;Кіндікті а.
132;131;103437102;Кеңжалы а.
133;131;103437103;Үмбет а.
134;131;103437104;Армандастар а.
135;131;103437105;Сепқожа а.
136;131;103437106;Сарыбұлақ а.
137;131;103437107;Ақтоғай а.
138;131;103437108;Арап а.
139;131;103437109;Аяған а.
140;131;103437111;Болсынбек а.
141;131;103437112;Қарман а.
142;131;103437113;Мәрсембай а.
143;131;103437114;Шаң а.
144;131;103437115;Жаңабай-Жақып а.
145;130;103437200;Алғабас а.
146;145;103437202;Ақжал а.
147;145;103437203;Ашудас а.
148;145;103437204;Зейнолла а.
149;145;103437205;Ораз а.
150;145;103437206;Өтебай а.
151;145;103437207;Сандықтас а.
152;145;103437208;Үмітхан а.
153;32;103439000;Құмкөл а.о.
154;153;103439100;Құмкөл а.
155;154;103439103;Әбілхайыр а.
156;154;103439104;Ақбаз а.
157;154;103439105;Ақтыбай а.
158;154;103439107;Дөң а.
159;154;103439108;Иманбай а.
160;154;103439109;Қайрақбай а.
161;154;103439111;Қаныпхан а.
162;154;103439112;Мырзахан а.
163;154;103439113;Обши а.
164;154;103439114;Рахия а.
165;154;103439115;Саятбай а.
166;154;103439116;Үштөбе а.
167;154;103439117;Шымғолхан а.
168;154;103439118;Киров а.
169;154;103439119;Солтыбай а.
170;153;103439200;Көкбастау а.
171;170;103439202;Әділ а.
172;170;103439203;Байшуақ а.
173;170;103439204;Бақтен а.
174;170;103439205;Бітімбай а.
175;170;103439206;Жаңабай а.
176;170;103439207;Жыланды а.
177;170;103439208;Карче а.
178;170;103439209;Қожамжар а.
179;170;103439211;Қосбастау а.
180;170;103439213;Қызылқора
181;170;103439217;Рақымбай а.
182;170;103439219;Сертекбай а.
183;170;103439221;Сұңқар а.
184;170;103439223;Тасбастау а.
185;170;103439225;Төленіш а.
186;170;103439227;Шапат а.
187;170;103439228;Жақты
188;170;103439229;Тақия кеткен а.
189;170;103439231;Плотина а.
190;170;103439232;Сорқора а.
191;170;103439233;Қазы а.
192;170;103439234;Егінбай а.
193;170;103439235;Садубай а.
194;170;103439236;Баянды а.
195;170;103439237;Тебіске а.
196;170;103439238;Жақып а.
197;170;103439239;Өтейсуы а.
198;170;103439241;Испе а.
199;170;103439242;Ахмади а.
200;170;103439243;Қоспа а.
201;170;103439244;Бітембай а.
202;170;103439245;Осқан а.
203;170;103439246;Зергер а.
204;170;103439247;Қарғын а.
205;153;103439300;Қарғыба а.
206;205;103439302;Айдабол а.
207;205;103439303;Байқан а.
208;205;103439304;Жаманүй
209;205;103439305;Ержан а.
210;205;103439306;Қаратал 1 а.
211;205;103439307;Қаратал 2 а.
212;205;103439308;Кеңесбай а.
213;205;103439309;Томар а.
214;205;103439311;Шыбынды а.
215;205;103439313;Шұңқыроба а.
216;205;103439314;Диірмен а.
217;153;103439400;Қызылжұлдыз а.
218;217;103439402;Бақша
219;217;103439403;Бруцеллез а.
220;217;103439404;Алпысжылдық а.
221;217;103439405;Қарасу а.
222;217;103439406;Тебіске а.
223;217;103439407;Төртжатыр а.
224;217;103439408;Шекара
225;217;103439409;Ержан а.
226;217;103439411;Тілебалды база а.
227;217;103439412;Қайнар база а.
228;217;103439413;Қабдеш база а.
229;217;103439414;Байқан а.
230;32;103441000;Қызылкесек а.о.
231;230;103441100;Қызылкесек а.
232;231;103441105;Байғали а.
233;231;103441106;Бердіке а.
234;231;103441109;Исатай а.
235;231;103441115;Кеңесбай а.
236;231;103441129;Қуан а.
237;230;103441200;Егіндібұлақ а.
238;237;103441202;Алақ а.
239;237;103441203;Есенқара а.
240;237;103441204;Жанұзақ а.
241;237;103441205;Жіңішке а.
242;237;103441206;Жұртыбай а.
243;237;103441207;Қарашаш а.
244;237;103441208;Қожаберген а.
245;237;103441209;Майлышат а.
246;237;103441211;Мойылды а.
247;237;103441213;Мұздысай а.
248;237;103441214;Егіндібұлақ 2 а.
249;237;103441215;Талдыбұлақ а.
250;237;103441217;Тоқсанбай а.
251;237;103441219;Үшқара а.
252;237;103441221;Шона а.
253;237;103441222;Шетбоғас а.
254;237;103441223;Ағымбай а.
255;237;103441224;Ақтүбек а.
256;237;103441225;Арап а.
257;237;103441226;Аюбай а.
258;237;103441227;Дәуітбай а.
259;237;103441228;Жәркен а.
260;237;103441229;Еспе а.
261;237;103441231;Егіндібұлақ а.
262;237;103441232;Көктөбе а.
263;237;103441233;Қараағаш а.
264;237;103441234;Қосылбек а.
265;237;103441235;Тақас а.
266;237;103441236;Егіндібұлақ 2 а.
267;237;103441237;Қаратақыр а.
268;237;103441238;Құл а.
269;237;103441239;Мамыжан а.
270;237;103441241;Сама а.
271;237;103441242;Бақалы а.
272;237;103441243;Жұмагүл а.
273;237;103441244;Жылыбет а.
274;237;103441245;Байорал а.
275;237;103441246;Түйебаз а.
276;230;103441400;Үштөбе а.
277;276;103441402;Амантай а.
278;276;103441403;Бақалы а.
279;276;103441404;Досымхан а.
280;276;103441405;Жаңғызтал а.
281;276;103441406;Қараша а.
282;276;103441407;Қаражал а.
283;276;103441408;Қасым а.
284;276;103441409;Қосқызыл а.
285;276;103441411;Қойтас а.
286;276;103441413;Қызбике а.
287;276;103441415;Қызыломар а.
288;276;103441417;Көлбўлағы а.
289;276;103441419;Сәуле а.
290;276;103441421;Сәмет а.
291;276;103441423;Тауық а.
292;276;103441425;Талдыбазар а.
293;276;103441427;Хамқожан а.
294;276;103441429;Шынтемір а.
295;276;103441431;Шынтай а.
296;276;103441432;Саршоқы а.
297;276;103441433;Қоқия а.
298;276;103441434;Аманбай а.
299;276;103441435;Елеусіз а.
300;276;103441436;Аққұдық а.
301;276;103441437;Дара а.
302;276;103441438;Әліпбайәлі а.
303;276;103441439;Елаул а.
304;276;103441441;Байшойын а.
305;276;103441442;Ақжайлау а.
306;276;103441443;Абат а.
307;276;103441444;Ақбаз а.
308;276;103441445;Алшын а.
309;276;103441446;Ералы а.
310;276;103441447;Зергер а.
311;276;103441448;Итбай а.
312;276;103441449;Қабыш а.
313;276;103441451;Максим Горький а.
314;276;103441452;Молдажар а.
315;276;103441453;Лаубай а.
316;276;103441454;Сарыөзек а.
317;276;103441455;Томар а.
318;276;103441456;Төребек а.
319;32;103443000;Ойшылық а.о.
320;319;103443100;Ойшылық а.
321;320;103443102;Жырғалы а.
322;320;103443103;Көккемір а.
323;320;103443104;Қонысбай а.
324;320;103443105;Ортаойшылық а.
325;320;103443106;Ұзынбұлақ а.
326;320;103443107;Ескікөкемер а.
327;320;103443108;Жаңакөкемер а.
328;320;103443109;Жырғалы а.
329;320;103443111;Тасбастау а.
330;320;103443112;Қарабастау а.
331;320;103443113;Шілебастау а.
332;319;103443200;Айнабастау а.
333;332;103443202;Жартас а.
334;332;103443203;Қарасай а.
335;332;103443204;Қайранбай а.
336;332;103443205;Қыземшек а.
337;332;103443206;Суан а.
338;332;103443207;Тақыр а.
339;332;103443208;Шору а.
340;332;103443209;Шилібастау а.
341;332;103443211;Шөбіре а.
342;319;103443300;Ақжол а.
343;342;103443302;Бекбай а.
344;342;103443304;Билеуші а.
345;342;103443305;Бимырза а.
346;342;103443307;Қызылқора а.
347;319;103443400;Есім а.
348;347;103443402;Әбділдә а.
349;347;103443403;Бекежан а.
350;347;103443406;Жаңғызтал а.
351;347;103443407;Емдеу а.
352;347;103443411;Ұшқын а.
353;319;103443500;Таңамырза а.
354;353;103443504;Монақ а.
355;353;103443508;Шәкен а.
356;353;103443509;Манақ а.
357;319;103443600;Томар а.
358;357;103443603;Апар а.
359;357;103443604;Жүніс а.
360;357;103443605;Қожахмет а.
361;357;103443606;Қошан а.
362;357;103443607;Нўрғазы а.
363;357;103443608;Тойке а.
364;357;103443609;Тымырсық а.
365;357;103443615;Шөкетай а.
366;32;103445000;Сәтбаев а.о.
367;366;103445100;Сәтбаев а.
368;367;103445102;Ақой а.
369;367;103445103;Бесшатыр а.
370;367;103445104;Дархан а.
371;367;103445105;Елужылдық а.
372;367;103445106;Дора а.
373;367;103445107;Құсайын а.
374;367;103445108;Төртгүл а.
375;367;103445109;Ұса а.
376;367;103445111;Шолпай а.
377;367;103445113;Шүрек 1 а.
378;367;103445115;Шүрек 2 а.
379;366;103445200;Көктүбек а.
380;379;103445202;Ақоба а. а.
381;379;103445203;Ақсиыр а.
382;379;103445204;Жалғызтал а.
383;379;103445205;Жаңаш а.
384;379;103445206;Қазанғап а.
385;379;103445207;Қамысбаз а.
386;379;103445208;Рахмет Тоғысбаев атын.а.
387;366;103445300;Сұлутал а.
388;387;103445302;Ақан а.
389;387;103445303;Дөненбекбазы
390;387;103445304;Малдайындау
391;387;103445305;Кәрім а.
392;387;103445306;Қайса а.
393;387;103445307;Өркен 1 а.
394;387;103445308;Өркен 2 а.
395;387;103445309;Райхан а.
396;387;103445311;Үшқұдық а.
397;387;103445313;Уалхан а.
398;387;103445315;Шоқан а.
399;32;103447000;Ырғызбай а.о.
400;399;103447100;Жантікей а.
401;400;103447102;Әмір а.
402;400;103447103;Ақтөбе а.
403;400;103447104;Балпан а.
404;400;103447105;Бөгенбай а.
405;400;103447106;Жаңғызтал а.
406;400;103447107;Қарашеңгел а.
407;400;103447108;Мұқатай а.
408;400;103447109;Ортабаз а.
409;400;103447111;Сәрсенбай а.
410;400;103447112;Боғас а.
411;400;103447113;Уан а.
412;400;103447114;Базар а.
413;400;103447115;Шекей а.
414;399;103447300;Қожакелді а.
415;414;103447302;Ортамалбордақылау а.
416;414;103447303;Ортақараоба а.
417;414;103447304;Тауық а.
418;414;103447305;УПИ 1 а.
419;414;103447306;УПИ 2 а.
420;414;103447307;Шекей а.
421;1;103600000;Аягөз ауданы
422;421;103620000;Аягөз қ.ә.
423;422;103620100;Аягөз қ.
424;422;103620200;Айғыржал а.
425;422;103620300;Егізқызыл а.
426;422;103620400;Жыланды а.
427;422;103620500;Көшкентал а.
428;421;103639000;Айқыз а.о.
429;428;103639100;Айқыз а.
430;429;103639102;Айтуар а.
431;429;103639103;Әубәкір а.
432;429;103639104;Баймұса а.
433;429;103639105;Батырбай а.
434;429;103639106;Қалыбай а.
435;429;103639107;Кәрібжан а.
436;429;103639108;Қожа а.
437;429;103639109;Қызай а.
438;429;103639112;Қызылкесек а.
439;429;103639113;Қорайлы а.
440;429;103639114;Құйған а.
441;429;103639115;Майтас а.
442;429;103639116;Маусымбай а.
443;429;103639117;Мектеп а.
444;429;103639118;Саға а.
445;429;103639119;Сағындық а.
446;429;103639121;Оңғар а.
447;429;103639122;Оразбай а.
448;429;103639123;Хамит а.
449;429;103639124;Шалай а.
450;429;103639125;Орталықбаз
451;429;103639126;Борлы а.
452;428;103639300;Көксала а.
453;452;103639305;Балду а.
454;452;103639306;Бірген а.
455;452;103639307;Бозахан а.
456;452;103639308;Дөненбай а.
457;452;103639309;Дөребай а.
458;452;103639311;Жаңабаз а.
459;452;103639312;Мереке а.
460;452;103639313;Молдахан а.
461;452;103639314;Мырзахан а.
462;452;103639315;Нөке а.
463;452;103639316;Нұрым а.
464;452;103639317;Отырықшы а.
465;452;103639318;Рай а.
466;452;103639319;Төленді а.
467;421;103641000;Ақтоғай а.о.
468;467;103641100;Ақтоғай а.
469;421;103643000;Ақшатау а.о.
470;469;103643100;Дөненбай а.
471;470;103643102;Айнабұдақ а.
472;470;103643104;Қызыалдар а.
473;470;103643105;Мұстафа а.
474;470;103643106;Тынышби а.
475;470;103643107;Қалғытты а.
476;470;103643108;Әбутолла а.
477;470;103643109;Жартыбай а.
478;469;103643200;Аққілет а.
479;478;103643202;Ақтай а.
480;478;103643203;Байсұлтан а.
481;478;103643204;Балпош а.
482;421;103645000;Ақшәулі а.о.
483;482;103645100;Ақшәулі а.
484;482;103645300;Қарабұлақ а.
485;421;103647000;Ақши а.о.
486;485;103647100;Ақши а.
487;486;103647102;Әли а.
488;486;103647103;Егіндібұлақ а.
489;486;103647104;Ескісынтас а.
490;486;103647105;Жаңасынтас а.
491;486;103647106;Қанапия а.
492;486;103647107;Көкашы а.
493;486;103647108;Қызылбастау а.
494;486;103647109;Өмірбай а.
495;485;103647200;Ақтүбек а.
496;495;103647202;Ақтас а.
497;495;103647203;Алтуайт а.
498;495;103647204;Іргебай а.
499;495;103647205;Қарашоқы а.
500;495;103647206;Сүйекбай а.
501;495;103647207;Тұяқбай а.
502;421;103649000;Байқошқар а.о.
503;502;103649100;Байқошқар а.
504;503;103649103;Аққайың а.
505;503;103649105;Ақтан а.
506;503;103649127;Кенсуат а.
507;503;103649129;Нұрдос а.
508;503;103649131;Айдос а.
509;503;103649133;Айдос 1 а.
510;503;103649135;Сырым а.
511;503;103649137;Жәкен а.
512;503;103649139;Алнұр а.
513;503;103649141;Қуат а.
514;503;103649143;Дәулет а.
515;503;103649145;Нұржан а.
516;503;103649147;Рауан а.
517;503;103649149;Үшөзен а.
518;503;103649151;Ермек а.
519;503;103649153;Динар а.
520;503;103649155;Айбол а.
521;421;103651000;Баршатас а.о.
522;521;103651100;Баршатас а.
523;421;103653000;Бидайық а.о.
524;523;103653100;Бидайық а.
525;524;103653102;Ақни а.
526;524;103653103;Әбдіресін а.
527;524;103653104;Сатай а.
528;524;103653106;Шағрай а.
529;524;103653107;Жалын а.
530;524;103653108;Жатақбет а.
531;524;103653111;Малдайындау
532;524;103653112;Мартын а.
533;524;103653115;Қарағаш а.
534;524;103653116;Қаразат а.
535;524;103653117;Кенжеқара а.
536;524;103653119;Құралай а.
537;524;103653123;Қосбейіт а.
538;524;103653125;Көктем а.
539;524;103653129;Қосағаш а.
540;524;103653137;Саябай а.
541;421;103655000;Емелтау а.о.
542;541;103655100;Емелтау а.
543;421;103659000;Қараағаш а.о.
544;543;103659100;Қараағаш а.
545;544;103659103;Атүбек а.
546;544;103659108;Қырма а.
547;544;103659115;отяр 1
548;544;103659116;отяр 2
549;544;103659117;отяр 3
550;544;103659121;Сөрелі 1 а.
551;544;103659122;Сөрелі 2 а.
552;543;103659300;Қаражал а.
553;552;103659307;Еріқара а.
554;552;103659311;Сарашоқы а.
555;552;103659321;Үшқарасу а.
556;421;103661000;Қопа а.о.
557;556;103661100;Қопа а.
558;557;103661102;Қарасу а.
559;556;103661200;Қарақұм а.
560;421;103663000;Қосағаш а.о.
561;560;103663100;Қосағаш а.
562;561;103663106;Ақышбай а.
563;561;103663109;Желдібай а.
564;561;103663112;Егіндібұлақ а.
565;561;103663116;Қарабұлақ а.
566;561;103663125;Қусақ а.
567;561;103663129;Сымтас а.
568;561;103663131;Сарымолла а.
569;561;103663139;Шет а.
570;421;103665000;Мәдениет а.о.
571;570;103665100;Мәдениет а.
572;571;103665104;Арай а.
573;571;103665109;Дәулет а.
574;571;103665115;Көл а.
575;571;103665121;Қоянды а.
576;571;103665125;Суарлы а.
577;571;103665127;Сұңқар а.
578;571;103665129;Талдыбұлақ а.
579;571;103665141;Жандос а.
580;571;103665143;Қарабұжыр а.
581;571;103665145;Қызылқайнар а.
582;571;103665147;Кішікөктал а.
583;571;103665149;Жарқымбай а.
584;571;103665151;Ќабырғатал а.
585;571;103665152;Көктал а.
586;421;103667000;Майлин а.о.
587;586;103667100;Майлин а.
588;587;103667102;Барақ а.
589;587;103667103;Жыланды а.
590;587;103667104;Ибағар а.
591;587;103667106;Қансейіт а.
592;587;103667107;Қасқасу а.
593;587;103667108;Көксу а.
594;587;103667109;Текежан а.
595;587;103667112;Медетжан а.
596;587;103667114;Қаражартас а.
597;587;103667115;Үйтас а.
598;587;103667116;Қарабұлақ а.
599;587;103667117;Топар а.
600;587;103667118;Тоқтар а.
601;587;103667121;Тосқара 1 а.
602;587;103667122;Тосқара 2 а.
603;586;103667300;Ескі Майлин а.
604;586;103667700;рзд.18 км
605;421;103669000;Малкелді а.о.
606;605;103669100;Қорық а.
607;606;103669113;Ешке а.
608;606;103669129;Каугай а.
609;606;103669135;Құсмұрын а.
610;606;103669137;Құр а.
611;606;103669161;Самал а.
612;606;103669163;3 ферма
613;606;103669165;Масақбай а.
614;606;103669167;Жайна а.
615;606;103669169;Комет а.
616;606;103669171;1 ферма
617;606;103669172;Жорға а.
618;606;103669173;Қосқұман а.
619;606;103669174;Нұрбай а.
620;421;103671000;Мыңбұлақ а.о.
621;620;103671100;Ай а.
622;621;103671103;Айка а.
623;621;103671111;Қасқырбай 1 а.
624;621;103671112;Қасқырбай 2 а.
625;621;103671113;Қасқырбай 3 а.
626;621;103671114;Қызылқайнар а.
627;620;103671200;Ақтас а.
628;627;103671205;Қарабай а.
629;627;103671206;Қолғалы а.
630;620;103671300;Ескенебұлағы а.
631;630;103671304;3 гурт
632;630;103671305;Қаржартас а.
633;630;103671306;Мыңбұлақ а.
634;630;103671307;3 мекен
635;630;103671309;Шәкірті а.
636;620;103671400;Желдіқара а.
637;636;103671403;Ақбастау а.
638;636;103671405;Қазанкемпір а.
639;620;103671500;Кеңқолат а.
640;639;103671505;Жаманақ а.
641;639;103671506;Қайыңды а.
642;639;103671507;Қызылшоқы а.
643;639;103671508;Тоқбай а.
644;639;103671509;Томала а.
645;421;103673000;Нарын а.о.
646;645;103673100;Шынқожа а.
647;646;103673105;Бетонбаз
648;646;103673106;Қараауыл а.
649;646;103673107;Шопан үйі
650;646;103673108;Төленді а.
651;646;103673109;Ботабай а.
652;646;103673111;Шопан үйі
653;421;103675000;Өркен а.о.
654;653;103675100;Өркен а.
655;654;103675103;Ақши а.
656;654;103675105;Дос қанат а.
657;654;103675107;Жалғызтал а.
658;654;103675108;Жас клен а.
659;654;103675109;Жасталап а.
660;654;103675111;Жігер а.
661;654;103675112;Қаражиде а.
662;654;103675113;Қосай а.
663;654;103675114;Құлақмет а.
664;654;103675115;Құрманбай а.
665;654;103675116;Ортақон а.
666;654;103675117;Райымқан а.
667;654;103675118;Сейітқан а.
668;654;103675119;Тасбау а.
669;654;103675121;Тілеміс а.
670;654;103675122;Тұғыл а.
671;654;103675123;Тұрлыбек а.
672;421;103679000;Сарыарқа а.о.
673;672;103679100;Сарыарқа а.
674;673;103679105;Белтұма а.
675;673;103679106;Шұбартөс а.
676;672;103679200;Биесимас а.
677;676;103679203;Ақтас а.
678;421;103681000;Мамырсу а.о.
679;678;103681100;Мамырсу а.
680;679;103681102;Әбдірахман а.
681;679;103681103;Алпысатар а.
682;679;103681104;Алтынай а.
683;679;103681106;Депо
684;679;103681107;Жалғызқайың а.
685;679;103681108;Жағыпар а.
686;679;103681111;Аманғазы а.
687;679;103681112;Қаражал а.
688;679;103681113;Қарашоқа а.
689;679;103681114;Көгілдір а.
690;679;103681115;Көктерек а.
691;679;103681116;Комсомол а.
692;679;103681117;Қопалы а.
693;679;103681118;Көпірбұлақ а.
694;679;103681119;Лагерь
695;679;103681121;Матвей а.
696;679;103681141;Жұмағұл а.
697;678;103681200;Батпақ а.
698;697;103681215;Сарыөзек а.
699;678;103681300;Бозай а.
700;421;103685000;Тарлаулы а.о.
701;700;103685100;Тарлаулы а.
702;701;103685102;Ақши а.
703;701;103685103;Ажырық а.
704;701;103685105;Қозы-Көрпеш а.
705;700;103685200;Ақбұлақ ст.
706;700;103685400;Жүзағаш ст.
707;700;103685700;Таңсық ст.
708;421;103687000;Тарбағатай а.о.
709;708;103687100;Тарбағатай а.
710;709;103687102;Әбдіразақ 1 а.
711;709;103687103;Ақбаз а.
712;709;103687104;Ақбастау а.
713;709;103687105;Боз а.
714;709;103687106;Боқас а.
715;709;103687107;Бостанбай а.
716;709;103687108;Жакула а.
717;709;103687109;Жангелді а.
718;709;103687111;Қараой а.
719;709;103687112;Қарасу а.
720;709;103687113;Көрпеш а.
721;709;103687114;Көкқия а.
722;709;103687115;Қызылқора а.
723;709;103687116;Мақажан а.
724;709;103687117;Мыңбұлақ а.
725;709;103687118;Оянбірлік а.
726;709;103687119;Пұшбақбай а.
727;709;103687121;Райбай а.
728;709;103687122;Сангру а.
729;709;103687123;Сиырқара а.
730;709;103687124;Сыдық а.
731;709;103687125;Таркезең а.
732;709;103687126;Тұрар 2 а.
733;709;103687127;Үмбетей а.
734;709;103687128;Хабин а.
735;709;103687129;Шленбай а.
736;709;103687131;Әбден а.
737;709;103687132;Абдан а.
738;709;103687133;Текбұлақ а.
739;708;103687400;Малтүгел а.
740;739;103687402;Әбдіразақ 2 а.
741;739;103687403;Әбсейіт а.
742;739;103687404;Айнабай а.
743;739;103687405;Исабек а.
744;739;103687406;Молдабай а.
745;739;103687407;Назарбай а.
746;739;103687408;Өмірбай а.
747;739;103687409;Сампай а.
748;739;103687411;Серкебай а.
749;1;103800000;Бесқарағай ауданы
750;749;103830000;Бесқарағай а.о.
751;750;103830100;Бесқарағай а.
752;749;103833000;Баскөл а.о.
753;752;103833100;Қарағайлы а.
754;752;103833200;Баскөл а.
755;754;103833202;Базаркөл а.
756;754;103833203;Кермекдальн а.
757;754;103833204;Сарықамыс 2 а.
758;754;103833205;Сарықамыс 3 а.
759;752;103833300;Бүкебай а.
760;749;103835000;Беген а.о.
761;760;103835100;Беген а.
762;761;103835103;Жандос а.
763;761;103835105;Босшілік мал жайылымы
764;760;103835200;Беген орманшар
765;749;103837000;Глухов а.о.
766;765;103837100;Глуховка а.
767;765;103837300;Белокаменка а.
768;765;103837400;Бірлік а.
769;765;103837600;Старая Крепость а.
770;769;103837603;Елімай спортбазасы
771;769;103837605;Лесная Поляна лагері
772;765;103837700;Стеклянка а.
773;749;103841000;Дөлен а.о.
774;773;103841100;Дөлен а.
775;774;103841102;Шығыс орманшар
776;774;103841103;ХПП кенті
777;773;103841200;Бөдене а.
778;777;103841202;Алға мал жайылымы
779;777;103841203;Бланка мал жайылымы
780;777;103841204;Жаңақұм мал жайылымы
781;777;103841205;Көл мал жайылымы
782;777;103841206;Окун мал жайылымы
783;777;103841207;Тасқұдық мал жайылымы
784;777;103841208;Тұзөндірісі мал жайылымы
785;773;103841300;Мостик а.
786;773;103841400;Черемушка а.
787;786;103841403;Жаңабаз мал жайылымы
788;749;103843000;Қанөнер а.о.
789;788;103843100;Қанөнер а.
790;789;103843102;Қарабаш а.
791;788;103843200;Қарамырза а.
792;788;103843300;Жыланды а.
793;749;103845000;Малая Владимировка а.о.
794;793;103845100;Малая Владимировка а.
795;794;103845102;Рамадан шекарасы
796;793;103845200;Бозтал а.
797;749;103847000;Қарабас а.о.
798;797;103847100;Қарабас а.
799;798;103847102;Дөңгелек а.
800;798;103847103;Теректі а.
801;798;103847104;Семеновское орманшар
802;797;103847200;Өндіріс а.
803;749;103849000;Жетіжар а.о.
804;803;103849100;Жетіжар а.
805;804;103849102;Байбура а.
806;804;103849103;Қожахмет а.
807;804;103849104;Нұрбай а.
808;804;103849105;Шамар а.
809;803;103849200;Кривинка а.
810;809;103849202;Құланшы а.
811;809;103849203;Миялы 1 а.
812;809;103849204;Миялы 2 а.
813;809;103849205;Тарақты а.
814;809;103849206;Шіліктікөл а.
815;803;103849300;Лесное а.
816;815;103849302;Алтыбай а.
817;815;103849303;Грачи а.
818;815;103849304;Мұздықұдық а.
819;815;103849305;Мұқатай а.
820;815;103849306;Целинный а.
821;815;103849307;Чумычкино а.
822;749;103851000;Ерназар а.о.
823;822;103851100;Ерназар а.
824;823;103851102;Полянка а.
825;822;103851200;Қоянбай а.
826;822;103851300;Морозов орманшар
827;1;104000000;Бородулиха ауданы
828;827;104030000;Бородулиха а.о.
829;828;104030100;Бородулиха а.
830;828;104030200;Барышовка а.
831;828;104030300;Знаменка а.
832;828;104030400;Поднебесное а.
833;828;104030600;Успенка а.
834;827;104033000;Андреев а.о.
835;834;104033100;Михайличенково а.
836;835;104033102;Петроградское а.
837;827;104035000;Белағаш а.о.
838;837;104035100;Белағаш а.
839;837;104035400;Бековка а.
840;839;104035403;Бек-Карьер а.
841;837;104035600;рзд.Дүйсекен
842;837;104035700;Зенковка а.
843;842;104035702;Өмірзақ а.
844;837;104035800;рзд.41
845;827;104037000;Бақа а.о.
846;845;104037100;Қарөстелі а.
847;846;104037104;Тарск а.
848;845;104037200;Ауыл ст.
849;827;104043000;Дмитриев а.о.
850;849;104043100;Дмитриевка а.
851;849;104043200;Бурабай а.
852;827;104045000;Жезкент а.о.
853;852;104045100;Жезкент а.
854;827;104047000;Жернов а.о.
855;854;104047100;Жерновка а.
856;854;104047300;Боровлянка а.
857;854;104047500;Поллог а.
858;827;104049000;Зубаир а.о.
859;858;104049100;Зубаир а.
860;858;104049200;Байтанат а.
861;858;104049300;Жаңаауыл а.
862;827;104051000;Краснояр а.о.
863;862;104051100;Қызылжар а.
864;862;104051200;Речное а.
865;862;104051300;Уба-Форпост а.
866;865;104051302;Девятка а.
867;827;104055000;Құнарлы а.о.
868;867;104055100;Песчанка а.
869;868;104055102;Мурзово а.
870;867;104055400;Жарбұлақ а.
871;870;104055401;Алексеевка а.
872;870;104055402;Жаңа Васильевка а.
873;827;104057000;Новодвор а.о.
874;873;104057100;Ивановка а.
875;873;104057200;Березовка қосшар
876;873;104057300;Березовка емдеу-сауықтыруы
877;873;104057500;Сосновка а.
878;827;104059000;Новопокровка а.о.
879;878;104059100;Новопокровка а.
880;878;104059200;Қарағайлы а.
881;878;104059300;Сарыноғай а.
882;827;104061000;Новошульба а.о.
883;882;104061100;Новая Шульба а.
884;883;104061102;Потапенково а.
885;882;104061400;Ақши а.
886;882;104061600;Солоновка а.
887;886;104061602;Ключики а.
888;827;104063000;Переменов а.о.
889;888;104063100;Переменовка а.
890;888;104063200;Андроновка а.
891;888;104063300;Орловка а.
892;888;104063400;Ремки а.
893;827;104065000;Петропавл а.о.
894;893;104065100;Петропавловка а.
895;894;104065102;Воскресеновка а.
896;893;104065300;Изатулла а.
897;896;104065303;Мещанка а.
898;827;104067000;Подборный а.о.
899;898;104067100;Камышенка а.
900;898;104067200;Михайловка а.
901;900;104067203;Жақсылық а.
902;827;104069000;Степной а.о.
903;902;104069100;Шелехово а.
904;903;104069102;Троицкое а.
905;902;104069300;Орловка а.
906;905;104069303;Қызылтай а.
907;827;104071000;Таврия а.о.
908;907;104071100;Буркотово а.
909;908;104071102;Богомолово а.
910;908;104071104;Кондратьевка а.
911;907;104071400;Сохновка а.
912;1;104100000;Жаңасемей ауданы
913;912;104133000;Абралы а.о.
914;913;104133100;Абралы а.
915;914;104133102;Ақшабай а.
916;914;104133103;Алсай а.
917;914;104133104;Бастұйық а.
918;914;104133105;Жорабай а.
919;914;104133106;Кенжебек а.
920;914;104133107;Қабаш а.
921;914;104133108;Қарақұдық а.
922;914;104133109;Қожымбек а.
923;914;104133111;Қоңырша а.
924;914;104133112;Қосшоқы а.
925;914;104133113;Құрманбай а.
926;914;104133114;Қызылтас а.
927;914;104133115;Маужан а.
928;914;104133116;Орал а.
929;914;104133117;Оспанқұл а.
930;914;104133118;Серікбай а.
931;914;104133119;Таңбалы а.
932;914;104133121;Табеке а.
933;914;104133123;Тобылғылы а.
934;914;104133125;Тоғызбай а.
935;914;104133126;Шәріп а.
936;914;104133127;Омар а.
937;914;104133128;Байзақ а.
938;914;104133129;Маутан 2 а.
939;914;104133131;Саңқы а.
940;914;104133132;Керегетас а.
941;914;104133133;Ақбастау а.
942;914;104133134;Қауғабай а.
943;914;104133135;Саңқы 2 а.
944;914;104133136;Айбас а.
945;914;104133137;Қарақұдық а.
946;912;104135000;Айнабұлақ а.о.
947;946;104135100;Айнабұлақ а.
948;947;104135102;Жаңабаз қыстауы
949;947;104135103;Қасымбек қыстауы
950;947;104135104;Қарабұжыр қыстауы
951;947;104135105;Қарашоқы 2 қыстауы
952;947;104135106;Қарашоқы 4 қыстауы
953;947;104135107;Қызыл қыстауы
954;947;104135108;Құрманәлі қыстауы
955;947;104135109;Сұңқар қыстауы
956;947;104135111;Тасбасқан қыстауы
957;946;104135200;Самай а.
958;912;104137000;Ақбұлақ а.о.
959;958;104137100;Ақбұлақ а.
960;959;104137102;Әубәкір а.
961;959;104137103;Аршалы а.
962;959;104137104;Ақан а.
963;959;104137105;Балтабек а.
964;959;104137106;Байсары а.
965;959;104137107;Қажы а.
966;959;104137108;Қоңырат а.
967;959;104137109;Көжкей а.
968;959;104137113;Салақ 1 а.
969;959;104137123;Темеш а.
970;959;104137125;Төре а.
971;959;104137127;Тұщықұдық а.
972;959;104137129;Үкілішат а.
973;959;104137131;Социалистік Қазақстан а.
974;959;104137132;Әзімбай а.
975;959;104137133;Аққора 2 а.
976;959;104137134;Алтыуақыт а.
977;959;104137135;Аршабай а.
978;959;104137136;Арем 2 а.
979;959;104137137;Баспақ а.
980;959;104137138;Қайыңды а.
981;959;104137139;Қаражал а.
982;959;104137141;Қаражал 1 а.
983;959;104137142;Керегетас а.
984;959;104137143;Қызылшоқы 1 а.
985;959;104137144;Сарыбұлақ а.
986;959;104137145;Тезекбай а.
987;958;104137200;Танат а.
988;912;104139000;Алғабас а.о.
989;988;104139100;Алғабас а.
990;989;104139106;Құлжабас а.
991;989;104139109;Киікқашқан а.
992;989;104139111;Жал а.
993;989;104139112;Тоғым а.
994;989;104139113;Қызылжал а.
995;989;104139115;Айдабол а.
996;989;104139116;Найманбай а.
997;912;104143000;Достық а.о.
998;997;104143100;Шекоман а.
999;997;104143200;Достық а.
1000;999;104143203;Талды уч.
1001;912;104145000;Ертіс а.о.
1002;1001;104145100;Мұқыр а.
1003;1001;104145200;Мұрат а.
1004;1003;104145203;Ново-Чайковка уч.
1005;1003;104145205;рзд.16
1006;1003;104145207;рзд.22
1007;1001;104145300;Прииртышское а.
1008;1007;104145303;Жалпақ а.
1009;1007;104145305;Кенжебай а.
1010;1007;104145307;Крупская атын.а.
1011;912;104149000;Жиенәлі а.о
1012;1011;104149100;Бөкенші а.
1013;1012;104149103;Байғазы уч.
1014;1012;104149104;Жасбүлек уч.
1015;1012;104149105;Қарабас уч.
1016;1012;104149109;Үшаша а.
1017;1011;104149200;Маралды а.
1018;1017;104149202;Арғынбай уч.
1019;1017;104149205;Мойылдыбұлақ уч.
1020;1017;104149206;Смаил уч.
1021;1017;104149208;Ерлан а.
1022;1017;104149209;Айнабұлақ а.
1023;1017;104149211;Айқали а.
1024;1017;104149212;Жұлдыз а.
1025;1017;104149213;Арна а.
1026;1017;104149214;Балауса а.
1027;1017;104149215;Загитов а.
1028;1017;104149216;Жәнібек а.
1029;1017;104149217;Тұрым а.
1030;1017;104149218;Еркебұлан а.
1031;1017;104149219;Болашақ а.
1032;912;104151000;Кокентау а.о.
1033;1032;104151100;Кокентау а.
1034;1033;104151103;Жалын уч.
1035;1033;104151106;Суық бұлақ 2 а.
1036;1033;104151107;Үштаған уч.
1037;1033;104151108;Қызылотау а.
1038;1033;104151109;Әубәкір уч.
1039;1033;104151111;Ақзам уч.
1040;1033;104151112;Бидайық уч.
1041;1033;104151113;Босаға уч.
1042;1033;104151114;Исахан уч.
1043;1033;104151115;Қаратөбе уч.
1044;1033;104151116;Қызылқия уч.
1045;1033;104151117;Қуандық уч.
1046;1033;104151118;Новая база уч.
1047;1033;104151119;Репинка уч.
1048;1033;104151121;Сарша уч.
1049;1033;104151122;Чкалов уч.
1050;1032;104151200;Қыземшек а.
1051;1050;104151202;Әтей уч.
1052;1050;104151203;Арап уч.
1053;1050;104151204;Беляш уч.
1054;1050;104151206;Көксу уч.
1055;1050;104151207;Қайыңды уч.
1056;1050;104151208;Қарасай уч.
1057;1050;104151209;Күлібай уч.
1058;1050;104151211;Мұқырбұлақ уч.
1059;1050;104151213;Сарыбұлақ уч.
1060;1050;104151215;Семейтау уч.
1061;1050;104151217;Суықбұлақ уч.
1062;1050;104151219;17 мың уч.
1063;1050;104151221;Ұнай уч.
1064;1050;104151223;Шетқызыл уч.
1065;1050;104151225;Шолағасу уч.
1066;1050;104151226;Семейтау 2 а.
1067;1050;104151227;Семейтау 3 а.
1068;1050;104151228;Кенжебай а.
1069;1050;104151229;Нәсіпбек а.
1070;1050;104151231;Қошқарбай а.
1071;1050;104151232;Өгіз Өлген а.
1072;1050;104151233;Актас а.
1073;1050;104151234;Әсемхан а.
1074;1050;104151239;Чкалов 2 а.
1075;1050;104151243;Мамайкөл а.
1076;1050;104151245;Сынтас а.
1077;1032;104151500;Жазық а.
1078;1077;104151503;Ақтас а.
1079;1077;104151504;Алтыапан а.
1080;1077;104151505;Арғымбай а.
1081;1077;104151508;Березка а.
1082;1077;104151509;Водокачка а.
1083;1077;104151511;Егінші а.
1084;1077;104151512;Ербала а.
1085;1077;104151513;Жанан уч.
1086;1077;104151514;Жырық 1 а.
1087;1077;104151515;Жырық 2 а.
1088;1077;104151516;Заветы Ильича а.
1089;1077;104151517;Күйгенқұдық а.
1090;1077;104151518;Қарағанды а.
1091;1077;104151519;Қаракемпір а.
1092;1077;104151521;Қарасеңгір а.
1093;1077;104151522;Қызылтан а.
1094;1077;104151523;Обалы а.
1095;1077;104151524;Сарапан а.
1096;1077;104151525;Сарыкемпір а.
1097;1077;104151526;Торайғыр уч.
1098;1077;104151528;Үсен а.
1099;1077;104151532;Юбилейный а.
1100;912;104153000;Новобаженово а.о.
1101;1100;104153100;Новобаженово а.
1102;1100;104153200;Баженово а.
1103;1100;104153300;Бұлақ а.
1104;1103;104153303;Қияқты а.
1105;1103;104153305;Талдықорған а.
1106;1100;104153400;Климентьевка а.
1107;912;104155000;Қараөлең а.о.
1108;1107;104155100;Қайнар а.
1109;1108;104155102;Айнашолақ а.
1110;1108;104155103;Байсейіт а.
1111;1108;104155104;Бассақал а.
1112;1108;104155105;Қабанбай а.
1113;1108;104155106;Қабақши 1 а.
1114;1108;104155107;Қабақши 2 а.
1115;1108;104155108;Мазақбай а.
1116;1108;104155109;Маремік 1 а.
1117;1108;104155111;Маремік 2 а.
1118;1108;104155113;Мастекбай а.
1119;1108;104155114;Қараөлең а.
1120;912;104157000;Өзер а.о.
1121;1120;104157100;Өзеркі а.
1122;1121;104157103;Қаштақ а.
1123;1121;104157105;Қаштақ орманшар
1124;1121;104157107;Кіші Ақтөбе а.
1125;1120;104157200;Қаракөл а.
1126;1125;104157203;Балтатарақ а.
1127;1120;104157300;Половинка а.
1128;1127;104157303;Типқашы а.
1129;1120;104157400;Талица а.
1130;912;104159000;Приречный а.о.
1131;1130;104159100;Приречное а.
1132;1131;104159103;рзд.1
1133;1130;104159200;Гранитное а.
1134;1133;104159203;Жұра а.
1135;1130;104159300;Жарқын а.
1136;1130;104159400;Мұздыбай а.
1137;1136;104159403;Күлтөбе а.
1138;1130;104159500;Шоптығақ а.
1139;912;104163000;Шаған к.ә.
1140;1139;104163100;Шаған к.
1141;912;104165000;Шүлбі к.ә.
1142;1141;104165100;Шүлбі к.
1143;1;104200000;Жарма ауданы
1144;1143;104221000;Шар қ.ә.
1145;1144;104221100;Шар қ.
1146;1144;104221300;Кезенсу а.
1147;1146;104221302;Ақбастау а.
1148;1146;104221303;Аққұдық а.
1149;1146;104221304;Атығай а.
1150;1146;104221305;Аяқжыра а.
1151;1146;104221306;Ауғанбай а.
1152;1146;104221307;Қызылшоқы а.
1153;1146;104221308;Мұздыбай а.
1154;1146;104221309;Сахай а.
1155;1146;104221311;Темірбек а.
1156;1146;104221313;Шакей а.
1157;1146;104221314;Еспе а.
1158;1146;104221315;рзд.6
1159;1144;104221400;Көшек а.
1160;1159;104221405;Қараш а.
1161;1144;104221700;Сарыарқа а.
1162;1144;104221900;Суырлы а.
1163;1143;104230000;Қалбатау а.о.
1164;1163;104230100;Қалбатау а.
1165;1164;104230102;Кесікпай а.
1166;1164;104230103;Камышитовая а.
1167;1164;104230104;ЛТО
1168;1164;104230105;Никитенка а.
1169;1164;104230106;Бақша
1170;1164;104230107;Бригада 1 Табор
1171;1164;104230108;Көрікшар а.
1172;1164;104230109;Орумбай а.
1173;1164;104230111;Арасан а.
1174;1164;104230112;Доран а.
1175;1164;104230113;Жолан а.
1176;1164;104230114;Новая а.
1177;1164;104230115;Озерный а.
1178;1164;104230116;Бүрліағаш а.
1179;1164;104230117;мекен 1
1180;1164;104230118;мекен 2
1181;1164;104230119;Юбилейная а.
1182;1163;104230400;Батыр Қапай а.
1183;1163;104230800;Ортабұлақ а.
1184;1183;104230803;Боршабұлақ а.
1185;1183;104230804;Алайғыр уч.
1186;1143;104233000;Ақжал а.о.
1187;1186;104233100;Жаңаөзен а.
1188;1187;104233102;Белдеу а.
1189;1187;104233103;Тоқтакүшік а.
1190;1187;104233106;Жіңішке а.
1191;1186;104233300;Ақжал а.
1192;1191;104233302;Бөке а.
1193;1143;104235000;Әуезов а.о.
1194;1193;104235100;Әуезов а.
1195;1193;104235200;Солнечное а.
1196;1143;104237000;Белтерек а.о.
1197;1196;104237100;Белтерек а.
1198;1197;104237102;Әбжан уч.
1199;1197;104237103;Баулық уч.
1200;1197;104237104;Жағыпар уч.
1201;1197;104237105;Кәрібай уч.
1202;1197;104237106;Қаратас уч.
1203;1197;104237107;Қырқа уч.
1204;1197;104237108;Өрімбай уч.
1205;1197;104237109;Сарыөлен уч.
1206;1197;104237111;Сылдырбай уч.
1207;1197;104237112;Қарашоқы а.
1208;1197;104237113;Айбас уч.
1209;1197;104237114;Иман уч.
1210;1197;104237115;Қабанбай уч.
1211;1197;104237116;Шошқалы уч.
1212;1197;104237117;Шуақ уч.
1213;1197;104237118;Қарабие уч.
1214;1196;104237200;Балықтыкөл а.
1215;1196;104237400;Сегізінші Наурыз а.
1216;1215;104237402;Айнабұлақ уч.
1217;1215;104237403;Алтыбай уч.
1218;1215;104237404;Аяққол уч.
1219;1215;104237405;Көкен уч.
1220;1215;104237406;Қараш уч.
1221;1215;104237407;Қолбұлақ уч.
1222;1215;104237408;Қызылқайнар уч.
1223;1215;104237409;Нагол уч.
1224;1215;104237411;Рами уч.
1225;1215;104237413;Танеке уч.
1226;1143;104239000;Бөжегүр а.о.
1227;1226;104239100;Салқынтөбе а.
1228;1226;104239200;Қаражал а.
1229;1226;104239300;Үкілі а.
1230;1143;104245000;Бірлік а.о.
1231;1230;104245100;Бірлік а.
1232;1231;104245102;Амангелді а.
1233;1231;104245107;Қарақожа а.
1234;1143;104247000;Бірлікшіл а.о.
1235;1234;104247100;Сұлусары а.
1236;1235;104247103;Еңбекту а.
1237;1235;104247105;Юбилейная а.
1238;1235;104247107;Қазаншұңқыр а.
1239;1235;104247108;Қойтас а.
1240;1235;104247109;Қойтас 1 а.
1241;1235;104247111;Нұрғали а.
1242;1234;104247500;Шымылдық а.
1243;1242;104247503;Ақбиік а.
1244;1242;104247505;Уайхан а.
1245;1143;104257000;Жаңғызтөбе а.о.
1246;1245;104257100;Жаңғызөбе а.
1247;1246;104257105;рзд.9 км
1248;1245;104257300;рзд.10 км
1249;1245;104257400;Шуақ а.
1250;1143;104263000;Жарма а.о.
1251;1250;104263100;Жарма а.
1252;1251;104263104;рзд.15 км
1253;1251;104263105;рзд.16 км
1254;1250;104263200;Қарақойтас а.
1255;1143;104265000;Жарық а.о.
1256;1255;104265100;Жарық а.
1257;1256;104265102;Арғынбай мекені
1258;1256;104265103;Комсомол мекені
1259;1256;104265104;Қайран мекені
1260;1256;104265105;Қарасу мекені
1261;1256;104265107;Қосшар мекені
1262;1256;104265109;Құланбай мекені
1263;1256;104265113;Тұрқан мекені
1264;1256;104265114;Қызылқайың а.
1265;1256;104265115;Ақбаз мекені
1266;1255;104265300;Малай а.
1267;1266;104265302;Бесбаз мекені
1268;1266;104265303;Еділбай мекені
1269;1266;104265304;Сарыоба мекені
1270;1266;104265305;Үйтас мекені
1271;1143;104273000;Аршалы а.о.
1272;1271;104273100;Аршалы а.
1273;1272;104273102;Петровка а.
1274;1272;104273103;Суықбұлақ а.
1275;1272;104273104;Тума а.
1276;1272;104273105;Түріксіб а.
1277;1271;104273200;Жарықтас а.
1278;1277;104273202;Ақай а.
1279;1277;104273203;Ақпай а.
1280;1277;104273204;Жалпақбас а.
1281;1277;104273205;Иманбай а.
1282;1277;104273206;Қарашоқы а.
1283;1277;104273207;Қосбұлақ а.
1284;1277;104273208;Қызылқасқа а.
1285;1277;104273209;Құттымбет а.
1286;1277;104273211;Сарыбұжыр а.
1287;1277;104273213;Сұңқар а.
1288;1277;104273215;Шылтан а.
1289;1143;104275000;Қапанбұлақ а.о.
1290;1289;104275100;Қапанбұлақ а.
1291;1290;104275103;Нарбота а.
1292;1290;104275105;Первомайское а.
1293;1290;104275107;рзд.12 км
1294;1290;104275108;рзд.14 км
1295;1289;104275200;Балықтыкөл а.
1296;1289;104275300;Егінбұлақ а.
1297;1296;104275302;Ақажан а.
1298;1296;104275303;Аққора а.
1299;1296;104275304;Бердіқожа а.
1300;1296;104275305;Разин а.
1301;1289;104275400;Қапанбұлақ ст.
1302;1289;104275500;Төлеуғали Әбдібекова а.
1303;1302;104275502;Берден а.
1304;1302;104275503;Боз а.
1305;1302;104275504;Досхана а.
1306;1302;104275505;Кенебай а.
1307;1302;104275506;Киікбай а.
1308;1302;104275507;Көсе а.
1309;1302;104275508;Қарабұлақ а.
1310;1302;104275509;Қарақия а.
1311;1302;104275511;Қамбар а.
1312;1302;104275513;Сартмойнақ а.
1313;1302;104275515;Сұлтан а.
1314;1143;104277000;Қарасу а.о.
1315;1314;104277100;Кіші Қарасу а.
1316;1315;104277102;Ақмолда уч.
1317;1315;104277103;Ақтөбе уч.
1318;1315;104277104;Байғара уч.
1319;1315;104277105;Балтабай уч.
1320;1315;104277106;Белая база уч.
1321;1315;104277107;Бүйрексирақ уч.
1322;1315;104277108;Қызылағаш уч.
1323;1315;104277109;Нестровка уч.
1324;1315;104277111;Новая Черногорка уч.
1325;1315;104277113;Тәжірибе уч.
1326;1315;104277115;Старая Черногорка уч.
1327;1315;104277117;Шағыл уч.
1328;1315;104277119;Шолақтұмсық уч.
1329;1314;104277200;Асқаралы а.
1330;1329;104277203;Баймырза уч.
1331;1329;104277204;Бектас уч.
1332;1329;104277205;Бесқай уч.
1333;1329;104277206;Ближний Байгон уч.
1334;1329;104277207;Дальний Байгон уч.
1335;1329;104277208;Дөке уч.
1336;1329;104277209;Қарашоқы уч.
1337;1329;104277211;Қызылшелек уч.
1338;1329;104277213;Сеймазы уч.
1339;1329;104277215;Төстік уч.
1340;1329;104277217;Шат уч.
1341;1314;104277300;Қоңырбиік а.
1342;1341;104277302;Әбей уч.
1343;1341;104277303;Деткоммуна уч.
1344;1341;104277304;Изенді уч.
1345;1341;104277305;Қансар уч.
1346;1341;104277306;Қауымбай уч.
1347;1341;104277307;Көксу уч.
1348;1341;104277308;Қызылжетек уч.
1349;1341;104277309;Үсен уч.
1350;1341;104277311;Сейіт уч.
1351;1341;104277313;Шабақ уч.
1352;1341;104277315;Шардала уч.
1353;1341;104277316;Майса а.
1354;1341;104277317;Суықбұлақ а.
1355;1341;104277318;Мүсіреп уч.
1356;1341;104277319;Ханкелді уч.
1357;1143;104279000;Қаратөбе а.о.
1358;1357;104279100;Қаратөбе а.
1359;1357;104279200;Әди а.
1360;1359;104279203;Есерке а.
1361;1357;104279300;Қеңтарлау а.
1362;1361;104279303;Даубай а.
1363;1143;104281000;Қызылағаш а.о.
1364;1363;104281100;Қызылағаш а.
1365;1364;104281102;Арабаз
1366;1364;104281103;Жарықты а.
1367;1364;104281104;Қаратоғай а.
1368;1364;104281105;Құлжабас а.
1369;1364;104281106;Құсхана
1370;1364;104281107;Сәметей а.
1371;1364;104281108;Сандықтас а.
1372;1364;104281109;Сарсембай а.
1373;1364;104281111;Шыныбай а.
1374;1364;104281112;Қаратоған а.
1375;1364;104281113;Баужан а.
1376;1364;104281114;Суықбастау а.
1377;1364;104281115;Үкіліжартас а.
1378;1363;104281300;Қарасу а.
1379;1378;104281303;Он жетінші км
1380;1143;104283000;Үшбиік а.о.
1381;1380;104283100;Үшбиік а.
1382;1381;104283102;Дамба мекені
1383;1381;104283103;Жаңабаз мекені
1384;1381;104283104;Горсовет мекені
1385;1381;104283105;Қақпатас мекені
1386;1381;104283106;Қосай мекені
1387;1381;104283107;Қоянбай мекені
1388;1381;104283108;Қараадыр 3 мекені
1389;1381;104283109;Молбұлақ мекені
1390;1381;104283111;Лепес мекені
1391;1381;104283113;Аудауырухана мекені
1392;1381;104283115;Солтүстік Қаражал мекені
1393;1381;104283117;Фонтан мекені
1394;1381;104283118;Еңрекей а.
1395;1381;104283119;Дәулетбай мекені
1396;1381;104283121;Жұмахан мекені
1397;1381;104283122;Иманмұса мекені
1398;1381;104283123;Изембай мекені
1399;1381;104283124;Қараадыр 1 мекені
1400;1381;104283125;Қараадыр 2 мекені
1401;1381;104283126;Қырғызжал мекені
1402;1381;104283127;Айнабұлақ уч.
1403;1381;104283128;Наймантай мекені
1404;1381;104283129;Ұзынбұлақ уч.
1405;1381;104283131;Түбек мекені
1406;1381;104283132;Үшқұмалақ мекені
1407;1381;104283133;Шұрық мекені
1408;1381;104283134;Тошала уч.
1409;1143;104285000;Суықбұлақ а.о.
1410;1409;104285100;Суықбұлақ а.
1411;1409;104285200;Делбегетей а.
1412;1411;104285203;рзд.3
1413;1411;104285205;рзд.4
1414;1409;104285300;Жайма а.
1415;1414;104285302;Ақбастау 1 а.
1416;1414;104285303;Ақбастау 2 а.
1417;1414;104285304;Ағашқұдық а.
1418;1414;104285305;Қорғанбай а.
1419;1414;104285306;Малшаруашылығы кеңсесі
1420;1414;104285307;Қарашоқы а.
1421;1414;104285308;Қасқабұлақ 1 а.
1422;1414;104285309;Қасқабұлақ 2 а.
1423;1414;104285311;Наймантай а.
1424;1414;104285312;Қасқабұлақ 3 а.
1425;1414;104285313;Ортабаз
1426;1409;104285400;Терістаңбалы а.
1427;1426;104285403;Раис уч.
1428;1409;104285500;Ұзынжал а.
1429;1143;104289000;Шалабай а.о.
1430;1429;104289100;Шалабай а.
1431;1430;104289103;Мөртас а.
1432;1430;104289104;Қостөбе а.
1433;1430;104289105;Иман а.
1434;1430;104289106;Молдабай а.
1435;1430;104289107;Черниговка а.
1436;1430;104289108;Холодный Ключ а.
1437;1430;104289109;Жаңаауыл а.
1438;1430;104289111;Алексеевка а.
1439;1430;104289112;Қарабұлақ а.
1440;1;104400000;Көкпекті ауданы
1441;1440;104430000;Көкпекті а.о.
1442;1441;104430100;Көкпекті а.
1443;1441;104430300;Ажа а.
1444;1441;104430400;Ұзынбұлақ а.
1445;1441;104430500;Шәріптоғай а.
1446;1441;104430600;Толағай а.
1447;1440;104435000;Үлкенбөкен а.о.
1448;1447;104435100;Үлкенбөкен а.
1449;1448;104435105;Тентек а.
1450;1447;104435200;Ақтас а.
1451;1447;104435300;Жалсары а.
1452;1440;104439000;Көкжайық а.о.
1453;1452;104439100;Көкжайық а.
1454;1453;104439105;Жұмыскер а.
1455;1453;104439107;Талапкер а.
1456;1452;104439300;Ақой а.
1457;1452;104439500;Қарамойыл а.
1458;1452;104439600;Қарағандыкөл а.
1459;1440;104445000;Қойгелді Аухадиев атын. а.о.
1460;1459;104445100;Преображенка а.
1461;1459;104445200;Үкіліқыз а.
1462;1461;104445203;Кіші Бөкен а.
1463;1459;104445400;Черноярка а.
1464;1440;104459000;Биғаш а.о.
1465;1464;104459100;Биғаш а.
1466;1464;104459200;Егінбұлақ а.
1467;1466;104459204;Комсомол а.
1468;1466;104459205;Қарғалы а.
1469;1440;104465000;Тассай а.о.
1470;1469;104465100;Тассай а.
1471;1470;104465105;Самық а.
1472;1469;104465200;Ақсу а.
1473;1469;104465300;Қайнар а.
1474;1469;104465500;Үшкүмей а.
1475;1440;104467000;Теректі а.о.
1476;1475;104467100;Теректі а.
1477;1476;104467102;Каменка а.
1478;1476;104467103;Қызыл-Жұлдыз а.
1479;1476;104467104;Өрнек а.
1480;1476;104467105;Сарышығанақ а.
1481;1440;104469000;Үлгілімалшы а.о.
1482;1481;104469100;Үлгілімалшы а.
1483;1482;104469105;Дәулетбай а.
1484;1481;104469400;Нұра а.
1485;1481;104469500;Сүлеймен а.
1486;1481;104469600;Мамай а.
1487;1440;104477000;Шұғылбай а.о.
1488;1487;104477100;Шұғылбай а.
1489;1487;104477300;Мелитополь а.
1490;1;104500000;Мақаншы ауданы
1491;1490;104530000;Мақаншы а.о.
1492;1491;104530100;Мақаншы а.
1493;1490;104533000;Ақшоқы а.о.
1494;1493;104533100;Ақшоқы а.
1495;1493;104533300;Подгорное а.
1496;1490;104535000;Бақты а.о.
1497;1496;104535100;Бақты а.
1498;1490;104537000;Келдімұрат а.о.
1499;1498;104537100;Келдімұрат а.
1500;1498;104537200;Қызылжұлдыз а.
1501;1490;104539000;Қабанбай а.о.
1502;1501;104539100;Қабанбай а.
1503;1502;104539106;Жалаңашкөл а.
1504;1490;104541000;Қаратұма а.о.
1505;1504;104541100;Қаратұма а.
1506;1490;104543000;Көктал а.о.
1507;1506;104543100;Көктал а.
1508;1490;104545000;Көктерек а.о.
1509;1508;104545100;Көктерек а.
1510;1508;104545200;Қайыңды а.
1511;1508;104545300;Қызылбұлақ а.
1512;1490;104547000;Қарабұта а.о.
1513;1512;104547100;Қарабұта а.
1514;1490;104549000;Қарабұлақ а.о.
1515;1514;104549100;Қарабұлақ а.
1516;1514;104549200;Барлықарасан а.
1517;1490;104551000;Қаратал а.о.
1518;1517;104551100;Қаратал а.
1519;1517;104551300;Бекет а.
1520;1517;104551400;Бұғыбай а.
1521;1;104600000;Үржар ауданы
1522;1521;104630000;Үржар а.о.
1523;1522;104630100;Үржар а.
1524;1522;104630200;Бұрғон а.
1525;1522;104630300;Қызылту а.
1526;1521;104633000;Ақжар а.о.
1527;1526;104633100;Ақжар а.
1528;1526;104633200;Амангелді а.
1529;1526;104633300;Қарамойыл а.
1530;1521;104635000;Көлденең а.о.
1531;1530;104635100;Көлденең а.
1532;1521;104639000;Алтыншоқы а.о.
1533;1532;104639100;Алтыншоқы а.
1534;1532;104639200;Атбай атындағы а.
1535;1532;104639300;Лайбұлақ а.
1536;1532;104639400;Текебұлақ а.
1537;1521;104643000;Бестерек а.о.
1538;1537;104643100;Бестерек а.
1539;1537;104643200;Қазымбет а.
1540;1537;104643300;Қабанбай а.
1541;1521;104647000;Жаңа тілек а.о.
1542;1541;104647100;Жаңа тілек а.
1543;1541;104647200;Тасарық а.
1544;1521;104649000;Егінсу а.о.
1545;1544;104649100;Егінсу а.
1546;1544;104649200;Жанай а.
1547;1521;104651000;Елтай а.о.
1548;1547;104651100;Елтай а.
1549;1521;104655000;Көкөзек а.о.
1550;1549;104655100;Көкөзек а.
1551;1521;104667000;Қаракөл а.о.
1552;1551;104667100;Қаракөл а.
1553;1552;104667103;Сарытерек а.
1554;1552;104667104;ферма 3
1555;1552;104667180;ферма 1 Абай
1556;1551;104667400;Сағат а.
1557;1521;104671000;Қоңыршаулы а.о.
1558;1557;104671100;Таскескен а.
1559;1557;104671200;Үшбұлақ а.
1560;1521;104675000;Науалы а.о.
1561;1560;104675100;Науалы а.
1562;1560;104675200;Малақ а.
1563;1521;104677000;Жоғарғы Егінсу а.о.
1564;1563;104677100;Жоғарғы Егінсу а.
1565;1521;104679000;Барқытбел а.о.
1566;1565;104679100;Барқытбел а.
1567;1565;104679300;Благодатное а.
1568;1565;104679400;Некрасовка а.
1569;1565;104679500;Батпақты а.
1570;1521;104681000;Салқынбел а.о.
1571;1570;104681100;Сегізбай а.
1572;1570;104681300;Қарабұйрат а.
1573;1521;104683000;Шолпан а.о.
1574;1573;104683100;Шолпан а.
1575;0;110000000;Ақмола облысы
1576;1575;111000000;Көкшетау Қ.Ә.
1577;1576;111010000;Көкшетау қ.
1578;1576;111033000;Красный Яр а.о.
1579;1578;111033100;Красный Яр а.
1580;1578;111033300;Қызылжұлдыз а.
1581;1576;111037000;Станционный к.ә.
1582;1581;111037100;Станционный к.
1583;1575;111600000;Қосшы Қ.Ә.
1584;1583;111610000;Қосшы қ.
1585;1583;111633000;Тайтөбе а.ә.
1586;1585;111633100;Тайтөбе а.
1587;1575;111800000;Степногор Қ.Ә.
1588;1587;111810000;Степногор қ.
1589;1587;111833000;Ақсу к.ә.
1590;1589;111833100;Ақсу к.
1591;1587;111837000;Бестөбе к.ә.
1592;1591;111837100;Бестөбе к.
1593;1587;111841000;Зауыт к.ә.
1594;1593;111841100;Зауыт к.
1595;1587;111843000;Қарабұлақ а.ә.
1596;1595;111843100;Қарабұлақ а.
1597;1596;111843105;Көксал а.
1598;1596;111843107;Первомайка а.
1599;1587;111845000;Шаңтөбе к.ә.
1600;1599;111845100;Шаңтөбе к.
1601;1599;111845200;Новокронштадка а.
1602;1587;111847000;Бөгембай а.о.
1603;1602;111847100;Байқоныс а.
1604;1602;111847300;Бөгембай а.
1605;1587;111849000;Изобильный а.ә.
1606;1605;111849100;Изобильное а.
1607;1587;111851000;Қырыққұдық а.ә.
1608;1607;111851100;Қырыққұдық а.
1609;1575;113200000;Ақкөл ауданы
1610;1609;113220000;Ақкөл қ.ә.
1611;1610;113220100;Ақкөл қ.
1612;1610;113220200;Ақкөл орманшар
1613;1610;113220400;Радовка а.
1614;1609;113239000;Азат а.ә.
1615;1614;113239100;Азат а.
1616;1609;113241000;Қарасай а.о.
1617;1616;113241100;Қына а.
1618;1616;113241200;Қарасай а.
1619;1616;113241300;Сазды бұлақ а.
1620;1619;113241303;Селета а.
1621;1609;113243000;Кеңес а.о.
1622;1621;113243100;Домбыралы а.
1623;1621;113243200;Кеңес а.
1624;1621;113243300;Айдарлы а.
1625;1621;113243400;Малый Барап а.
1626;1609;113247000;Наумов а.о.
1627;1626;113247100;Наумовка а.
1628;1627;113247107;Филипповка а.
1629;1626;113247200;Кемеркөл а.
1630;1626;113247300;Өрнек а.
1631;1609;113249000;Новорыбинка а.о.
1632;1631;113249100;Новорыбинка а.
1633;1631;113249200;Қараөзек а.
1634;1631;113249300;Құрылыс а.
1635;1609;113251000;Жалғызқарағай а.о.
1636;1635;113251100;Жалғызқарағай а.
1637;1635;113251300;Тастыадыр а.
1638;1609;113253000;Еңбек а.о.
1639;1638;113253100;Еңбек а.
1640;1638;113253300;Рамадан а.
1641;1638;113253400;Табиғат а.
1642;1609;113255000;Урюпин а.о.
1643;1642;113255100;Урюпинка а.
1644;1642;113255200;Амангелді а.
1645;1642;113255300;Ерназар а.
1646;1642;113255500;Мереке а.
1647;1642;113255600;Талқара а.
1648;1642;113255700;Малоалександровка а.
1649;1575;113400000;Аршалы ауданы
1650;1649;113430000;Аршалы к.ә.
1651;1650;113430100;Аршалы к.
1652;1649;113431000;Ақбұлақ а.о.
1653;1652;113431100;Ақбұлақ а.
1654;1653;113431180;Ақтасты а.
1655;1649;113432000;Жібек жолы к.ә.
1656;1655;113432100;Жібек жолы к.
1657;1649;113433000;Жібек жолы а.о.
1658;1657;113433200;Жалтыркөл а.
1659;1657;113433300;рзд.41
1660;1657;113433400;рзд.102
1661;1649;113435000;Анар а.о.
1662;1661;113435100;Анар ст.
1663;1661;113435500;Анаркөл а.
1664;1649;113437000;Бірсуат а.о.
1665;1664;113437100;Бірсуат а.
1666;1665;113437107;Шалғай а.
1667;1664;113437200;Байдала а.
1668;1649;113441000;Елтоқ а.о.
1669;1668;113441100;Елтоқ а.
1670;1668;113441500;Қойкелді а.
1671;1670;113441503;Береке а.
1672;1668;113441600;рзд.42
1673;1649;113442000;Арнасай а.о.
1674;1673;113442100;Арнасай а.
1675;1673;113442200;Бабатай ст.
1676;1649;113443000;Ижев а.о.
1677;1676;113443100;Ижевское а.
1678;1676;113443200;Шөптікөл ст.
1679;1649;113445000;Константинов а.о.
1680;1679;113445100;Константиновка а.
1681;1679;113445200;Белоярка а.
1682;1679;113445400;Шортанды а.
1683;1649;113447000;Түрген а.о.
1684;1683;113447100;Түрген а.
1685;1683;113447200;Красное Озеро а.
1686;1683;113447300;Родники а.
1687;1649;113449000;Михайлов а.о.
1688;1687;113449100;Михайловка а.
1689;1687;113449200;Николаевка а.
1690;1687;113449300;Ольгинка а.
1691;1649;113451000;Бұлақсай а.о.
1692;1691;113451100;Бұлақсай а.
1693;1691;113451400;Ақжар а.
1694;1691;113451700;Қостомар а.
1695;1649;113453000;Сарыоба а.о.
1696;1695;113453100;Сарыоба а.
1697;1695;113453500;Сарыоба ст.
1698;1575;113600000;Астрахан ауданы
1699;1698;113630000;Астрахан а.о.
1700;1699;113630100;Астраханка а.
1701;1699;113630200;Жаңабірлік а.
1702;1699;113630300;Таволжанка а.
1703;1698;113637000;Есіл а.о.
1704;1703;113637100;Зеленое а.
1705;1703;113637200;Шілікті а
1706;1703;113637300;Степное а.
1707;1706;113637303;Бесбидайық а.
1708;1698;113640000;Жалтыр а.о.
1709;1708;113640100;Жалтыр а.
1710;1709;113640105;Астрахан ст.
1711;1708;113640500;Жарсуат а.
1712;1698;113641000;Каменка а.ә.
1713;1712;113641100;Каменка а.
1714;1698;113645000;Қызылжар а.о.
1715;1714;113645100;Жаңатұрмыс а.
1716;1714;113645200;Акимовка а.
1717;1714;113645400;Оксановка а.
1718;1698;113649000;Николаев а.о.
1719;1718;113649100;Петровка а.
1720;1718;113649200;Жамбыл а.
1721;1718;113649500;Өрнек а.
1722;1698;113650000;Новочеркас а.о.
1723;1722;113650100;Новочеркасское а.
1724;1722;113650400;Өндіріс а.
1725;1722;113650600;Приишимка а.
1726;1698;113651000;Острогор а.о.
1727;1726;113651100;Жаңа Колутон а.
1728;1726;113651200;Қаракөл а.
1729;1698;113653000;Первомай а.о.
1730;1729;113653100;Первомайка а.
1731;1729;113653300;Лозовое а.
1732;1729;113653400;Камышенка а.
1733;1698;113655000;Ескі Колутон а.о.
1734;1733;113655100;Ескі Колутон а.
1735;1733;113655300;Еңбек а.
1736;1733;113655400;Ковыленка а.
1737;1733;113655600;Қоскөл а.
1738;1698;113656000;Колутон а.о.
1739;1738;113656100;Колутон ст.
1740;1738;113656200;Бірлік а.
1741;1698;113657000;Ұзынкөл а.о.
1742;1741;113657100;Ұзынкөл а.
1743;1742;113657107;Қайнар а.
1744;1742;113657109;Луговое а.
1745;1742;113657111;Қаратүбек а.
1746;1741;113657200;Алғабас а.
1747;1741;113657300;Бұлақты а.
1748;1575;113800000;Атбасар ауданы
1749;1748;113820100;Атбасар қ.
1750;1748;113833000;Шұңқыркөл а.о.
1751;1750;113833100;Сочинское а.
1752;1750;113833200;Новомариновка а.
1753;1752;113833202;Шұңқыркөл а.
1754;1748;113835000;Борисовка а.ә.
1755;1754;113835100;Борисовка а.
1756;1748;113841000;Макеев а.о.
1757;1756;113841100;Шуйское а.
1758;1757;113841103;Третьяковка а.
1759;1756;113841200;Макеевка а.
1760;1748;113843000;Маринов а.о.
1761;1760;113843100;Мариновка а.
1762;1760;113843300;Бейіс хазірет а.
1763;1760;113843400;Адыр ст.
1764;1748;113845000;Бастау а.о.
1765;1764;113845100;Бастау а.
1766;1748;113849000;Новосельское а.ә.
1767;1766;113849100;Новосельское а.
1768;1767;113849107;Пролетарка а.
1769;1748;113851000;Ақан Құрманов а.о.
1770;1769;113851100;Ақан Құрманов а.
1771;1769;113851200;Қаракөл а.
1772;1769;113851400;Қосбармақ а.
1773;1748;113852000;Покров а.о.
1774;1773;113852100;Покровка а.
1775;1773;113852200;Садовое а.
1776;1775;113852205;Пригородное а.
1777;1748;113853000;Полтава а.о.
1778;1777;113853100;Полтавка а.
1779;1778;113853105;КФК Сыздыкова
1780;1777;113853300;Титовка а.
1781;1748;113855000;Сепе а.о.
1782;1781;113855100;Сепе а.
1783;1781;113855200;Есенкелді а.
1784;1748;113857000;Сергеев а.о.
1785;1784;113857100;Сергеевка а.
1786;1784;113857200;Ащыкөл а.
1787;1784;113857400;Самарка а.
1788;1748;113863000;Тельман а.о.
1789;1788;113863100;Тельман а.
1790;1789;113863109;рзд.87
1791;1788;113863200;Поповка а.
1792;1791;113863202;Сәдібек а.
1793;1791;113863204;Қаражар а.
1794;1748;113867000;Ярослав а.о.
1795;1794;113867100;Тимашевка а.
1796;1794;113867300;Калиновка а.
1797;1794;113867400;Магдалиновка а.
1798;1794;113867500;Родионовка а.
1799;1798;113867503;Ждановка а.
1800;1794;113867700;Хрящевка а.
1801;1575;114000000;Бұланды ауданы
1802;1801;114020100;Макинск қ.
1803;1801;114031000;Вознесен а.о.
1804;1803;114031100;Вознесенка а.
1805;1803;114031200;Аққайың а.
1806;1803;114031500;Тастыөзек а.
1807;1801;114035000;Алтынды а.о.
1808;1807;114035100;Алтынды а.
1809;1807;114035200;Алакөл а.
1810;1807;114035300;Боярка а.
1811;1807;114035400;Елтай а.
1812;1807;114035500;Жаңаталап а.
1813;1801;114037000;Еркөл а.о.
1814;1813;114037100;Тоқтамыс а.
1815;1813;114037200;Гордеевка а.
1816;1813;114037300;Иванковка а.
1817;1813;114037400;Новокиевка а.
1818;1801;114039000;Журавлев а.о.
1819;1818;114039100;Журавлевка а.
1820;1818;114039200;Воробьевка а.
1821;1818;114039300;Айнакөл а.
1822;1818;114039400;Новодонецк а.
1823;1818;114039500;Острогорское а.
1824;1818;114039600;Ярославка а
1825;1801;114041000;Капитонов а.о.
1826;1825;114041100;Капитоновка а.
1827;1801;114043000;Карамышев а.о.
1828;1827;114043100;Шұбарағаш а.
1829;1827;114043200;Мат а.
1830;1827;114043400;Отрадное а.
1831;1830;114043405;Роза Люксембург атын.а.
1832;1827;114043700;Суворовка а.
1833;1801;114045000;Никольский а.о.
1834;1833;114045100;Никольское а.
1835;1801;114047000;Новобратское а.о.
1836;1835;114047100;Новобратское а.
1837;1835;114047200;Буденновка а.
1838;1801;114053000;Амангелді а.о.
1839;1838;114053100;Партизанка а.
1840;1838;114053300;Ортақшыл а.
1841;1801;114055000;Қараөзек а.о.
1842;1841;114055100;Қараөзек а.
1843;1841;114055600;Купчановка а.
1844;1841;114055700;Байсуат а.
1845;1575;114400000;Егіндікөл ауданы
1846;1845;114430000;Егіндікөл а.о.
1847;1846;114430100;Егіндікөл а.
1848;1845;114435000;Алакөл а.о.
1849;1848;114435100;Полтавское а.
1850;1848;114435200;Көркем а.
1851;1845;114439000;Бауман а.ә.
1852;1851;114439100;Бауманское а.
1853;1845;114441000;Буревестник а.о.
1854;1853;114441100;Буревестник а.
1855;1845;114443000;Спиридоновка а.о.
1856;1855;114443100;Спиридоновка а.
1857;1855;114443200;Абай а.
1858;1845;114445000;Жалманқұлақ а.о.
1859;1858;114445100;Жалманқұлақ а.
1860;1858;114445200;Жұлдыз а.
1861;1860;114445203;Қоңыртүбек а.
1862;1845;114446000;Қоржынкөл а.о.
1863;1862;114446100;Қоржынкөл а.
1864;1845;114447000;Ұзынкөл а.о.
1865;1864;114447100;Ұзынкөл а.
1866;1864;114447200;Тоғанас а.
1867;1575;114500000;Біржан сал ауданы
1868;1867;114520000;Степняк қ.ә.
1869;1868;114520100;Степняк қ.
1870;1868;114520600;Пригорхоз а.
1871;1867;114531000;Ақсу а.ә.
1872;1871;114531100;Ақсу а.
1873;1872;114531103;Сапақ а.
1874;1867;114532000;Аңғал батыр а.о.
1875;1874;114532100;Аңғал батыр а.
1876;1874;114532300;Жаңалық а.
1877;1867;114533000;Бірсуат а.о.
1878;1877;114533100;Бірсуат а.
1879;1877;114533500;Сәуле а.
1880;1879;114533505;Кішкентай а.
1881;1867;114534000;Баймырза а.о.
1882;1881;114534100;Баймырза а.
1883;1881;114534500;Шошқалы а.
1884;1867;114535000;Донской а.о.
1885;1884;114535100;Андықожа батыр а.
1886;1884;114535500;Тасшалқар а.
1887;1867;114537000;Еңбекшілдер а.о.
1888;1887;114537100;Еңбекшілдер а.
1889;1888;114537102;Атансор а.
1890;1887;114537600;Ақбұлақ а.
1891;1887;114537800;Ақтас а.
1892;1867;114538000;Заозерное а.ә.
1893;1892;114538100;Заозерный а.
1894;1867;114539000;Заурал а.о.
1895;1894;114539100;Заураловка а.
1896;1894;114539400;Құдықағаш а.
1897;1894;114539600;Яблоновка а.
1898;1867;114540000;Кеңащы а.ә.
1899;1898;114540100;Кеңашы а.
1900;1899;114540105;Қарасор а.
1901;1867;114541000;Краснофлотское а.ә.
1902;1901;114541100;Краснофлотское а.
1903;1902;114541105;Арай а.
1904;1902;114541106;Белағаш а.
1905;1867;114543000;Макин а.о.
1906;1905;114543100;Макинка а.
1907;1905;114543200;Бұланды а.
1908;1907;114543205;Дачи а.
1909;1905;114543380;Қаратал а.
1910;1905;114543400;Қоғам а.
1911;1905;114543500;Мақпал а.
1912;1905;114543600;Қарағай а.
1913;1867;114544000;Мамай а.ә.
1914;1913;114544100;Мамай а.
1915;1867;114545000;Уәлиханов а.о.
1916;1915;114545100;Уәлиханов а.
1917;1916;114545105;Азнабай а.
1918;1916;114545106;Қарасу а.
1919;1916;114545107;Прожектор а.
1920;1916;114545108;Терек а.
1921;1916;114545109;Құдабас а.
1922;1915;114545300;Алға а.
1923;1867;114547000;Үлгі а.о.
1924;1923;114547100;Үлгі а.
1925;1923;114547200;Жүкей а.
1926;1923;114547300;Карловка а.
1927;1923;114547500;Қызылұйым а.
1928;1923;114547700;Трамбовка а.
1929;1923;114547800;Ұйымшыл а.
1930;1575;114600000;Ерейментау ауданы
1931;1930;114620100;Ерейментау қ.
1932;1930;114633000;Ақмырза а.о.
1933;1932;114633100;Ақмырза а.
1934;1930;114635000;Бестоғай а.о.
1935;1934;114635100;Бестоғай а.
1936;1934;114635200;Байсары а.
1937;1936;114635207;Чилинка а.
1938;1934;114635400;Қызылту а.
1939;1930;114637000;Олжабай батыр а.о.
1940;1939;114637100;Олжабай батыр а.
1941;1940;114637102;Новображенка ж.
1942;1939;114637200;Алғабас а.
1943;1939;114637400;Ынтымақ а.
1944;1943;114637403;Баймен а.
1945;1930;114639000;Бозтал а.о.
1946;1945;114639100;Бозтал а.
1947;1946;114639102;Айғыжар ж.
1948;1946;114639103;Ақтөбе ж.
1949;1946;114639104;Арман ж.
1950;1946;114639105;Арочное ж.
1951;1946;114639106;Жаманқара ж.
1952;1946;114639107;Жуантөбе ж.
1953;1946;114639108;Сейфулла ж.
1954;1946;114639109;Тұмсық ж.
1955;1946;114639111;Тұрқалық ж.
1956;1946;114639113;Баянды ж.
1957;1946;114639117;Ұсамбай а.
1958;1930;114641000;Тайбай а.о.
1959;1958;114641100;Тайбай а.
1960;1958;114641200;Елтай а.
1961;1958;114641300;Жарық а.
1962;1958;114641400;Малтабар а.
1963;1930;114645000;Күншалған а.о.
1964;1963;114645100;Күншалған а.
1965;1964;114645102;Кордон ж.
1966;1963;114645200;Қаратал а.
1967;1963;114645300;Шакей а.
1968;1967;114645302;Бригада 4 ж.
1969;1967;114645303;Бұқторға ж.
1970;1967;114645304;Жалғызтөбе ж.
1971;1967;114645305;Қарабидайық ж.
1972;1967;114645306;Найзатас ж.
1973;1967;114645307;Киізбай 1 ж.
1974;1967;114645308;Киізбай 2 ж.
1975;1967;114645311;Шәріпқара ж.
1976;1930;114646000;Қойтас а.о.
1977;1976;114646100;Қойтас а.
1978;1976;114646200;Ажы а.
1979;1930;114647000;Ақсуат а.ә.
1980;1979;114647100;Ақсуат а.
1981;1980;114647107;Өрнек а.
1982;1980;114647111;Целинное а.
1983;1930;114651000;Майлан а.ә.
1984;1983;114651100;Майлан а.
1985;1930;114653000;Өлеңті а.о.
1986;1985;114653100;Өлеңті а.
1987;1986;114653102;Арғынбай ж.
1988;1986;114653103;Арочная ж.
1989;1986;114653104;Бәке ж.
1990;1986;114653105;Қызылөзек ж.
1991;1986;114653106;Сорғы станциясы
1992;1986;114653107;Ойнақ ж.
1993;1986;114653108;База 109 ж.
1994;1986;114653109;Жаңа Сарыадыр ж.
1995;1986;114653111;Сайдәлі ж.
1996;1986;114653112;Самал ж.
1997;1986;114653113;Сарықамыс ж.
1998;1986;114653114;Сарыадыр ст.ж.
1999;1986;114653115;Тасбақа ж.
2000;1986;114653116;Ұштаған ж.
2001;1986;114653117;Шайанкөл ж.
2002;1985;114653500;Қоржынкөл ст.
2003;1985;114653700;Өлеңті ст.
2004;1930;114655000;Еркіншілік а.о.
2005;2004;114655100;Еркіншілік а.
2006;2005;114655103;Веренка а.
2007;2004;114655300;Еңбек а.
2008;2007;114655302;Сарсен ж.
2009;2007;114655303;Масақбай ж.
2010;1930;114657000;Сілеті а.ә.
2011;2010;114657100;Сілеті а.
2012;1930;114659000;Торғай а.о.
2013;2012;114659100;Торғай а.
2014;2013;114659105;Торғай ст.
2015;2013;114659106;Торғай ХПП
2016;2013;114659180;Жаңажол а.
2017;2012;114659200;Төменгі Торғай а.
2018;2017;114659202;Қараөгіз уч.
2019;2017;114659203;Қосшар уч.
2020;2012;114659300;Балықты а.
2021;2020;114659302;Байғұты уч.
2022;2012;114659400;Қарағайлы а.
2023;2022;114659402;Искакқора уч.
2024;1575;114800000;Есіл ауданы
2025;2024;114820100;Есіл қ.
2026;2024;114833000;Ақсай а.о.
2027;2026;114833100;Ақсай а.
2028;2027;114833102;Есіл орманшар
2029;2027;114833103;Құсфабрикасы
2030;2027;114833104;рзд.15 км
2031;2024;114837000;Бұзылық а.о.
2032;2031;114837100;Бұзылық а.
2033;2031;114837300;Сұрған а.
2034;2024;114841000;Двуречный а.о.
2035;2034;114841100;Двуречное а.
2036;2035;114841102;Сорғы станциясы
2037;2034;114841200;Приишимка а.
2038;2034;114841300;Курское а.
2039;2024;114845000;Жаныспай а.о.
2040;2039;114845100;Жаныспай а.
2041;2039;114845200;Ковыльное а.
2042;2024;114847000;Заречный а.о.
2043;2042;114847100;Заречное а
2044;2042;114847200;Дальное а.
2045;2024;114851000;Знаменка а.ә.
2046;2045;114851100;Знаменка а.
2047;2046;114851105;Елтай а.
2048;2024;114857000;Красивый а.о.
2049;2048;114857100;Красивое а.
2050;2049;114857107;Тасоба а.
2051;2048;114857200;Красивая ст.
2052;2048;114857300;Құмай а.
2053;2048;114857400;Ленинское а.
2054;2048;114857700;Ярославка а.
2055;2024;114859000;Красногор к.ә.
2056;2055;114859100;Красногор к.
2057;2055;114859200;Игілік а.
2058;2055;114859300;Калачи а.
2059;2024;114863000;Қаракөл а.о.
2060;2059;114863100;Қаракөл а.
2061;2059;114863200;Речное а.
2062;2024;114865000;Мәскеу а.о.
2063;2062;114865100;Мәскеу а.
2064;2024;114867000;Орлов а.о.
2065;2064;114867100;Орловка а.
2066;2024;114873000;Свободный а.о.
2067;2066;114873100;Свободное а.
2068;2066;114873300;Раздольное а.
2069;2024;114875000;Юбилейный а.о.
2070;2069;114875100;Юбилейное а.
2071;2069;114875500;Ейское а.
2072;2071;114875502;Қосалқыстанса
2073;2024;114879000;Интернациональный а.о.
2074;2073;114879100;Интернациональное а.
2075;2074;114879109;Маш.ауласы
2076;2073;114879200;Алматы а.
2077;2073;114879300;Біртал а.
2078;1575;115200000;Жақсы ауданы
2079;2078;115230000;Жақсы а.о.
2080;2079;115230100;Жақсы а.
2081;2078;115237000;Белағаш а.о.
2082;2081;115237100;Белағаш а.
2083;2078;115239000;Беловод а.о.
2084;2083;115239100;Беловодское а.
2085;2083;115239200;Перекатное а.
2086;2083;115239300;Қайрақты а.
2087;2086;115239302;Старое Перекатное а.
2088;2078;115243000;Жаңа Қима а.о.
2089;2088;115243100;Жаңа Қима а.
2090;2089;115243102;Тайпақ а.
2091;2088;115243200;Алғабас а.
2092;2088;115243300;Қима а.
2093;2092;115243302;Трудовое а.
2094;2092;115243303;Жирен а.
2095;2092;115243304;Үкі а.
2096;2078;115245000;Запорожье а.о.
2097;2096;115245100;Запорожье а.
2098;2096;115245300;Лозовое а.
2099;2098;115245305;Донское а.
2100;2098;115245307;Новочудное а.
2101;2078;115247000;Ишим а.о.
2102;2101;115247100;Ишимское а.
2103;2102;115247105;Баубек батыр атын.а.
2104;2101;115247300;Қазақстан а.
2105;2101;115247400;Монастырка а.
2106;2078;115251000;Калинин а.о.
2107;2106;115251100;Калининское а.
2108;2107;115251105;Глебовка а.
2109;2106;115251400;Қалмақкөл а.
2110;2106;115251500;Моховое а.
2111;2078;115255000;Киевское а.о.
2112;2111;115255100;Киевское а.
2113;2078;115265000;Қызылсай а.о.
2114;2113;115265100;Киров а.
2115;2114;115265103;Қызылсай а.
2116;2113;115265200;Байегіз а.
2117;2078;115271000;Новокиенка а.ә.
2118;2117;115271100;Новокиенка а.
2119;2118;115271103;Парчевка а.
2120;2078;115273000;Подгорное а.о.
2121;2120;115273100;Подгорное а.
2122;2078;115274000;Тарасовка а.о.
2123;2122;115274100;Тарасовка а.
2124;2122;115274500;Қазақ а.
2125;2078;115275000;Терісаққан а.ә.
2126;2125;115275100;Терісаққан а.
2127;2126;115275102;Көксай а.
2128;2078;115277000;Чапаев а.о.
2129;2128;115277100;Чапаевское а.
2130;1575;115400000;Жарқайың ауданы
2131;2130;115420100;Державин қ.
2132;2130;115431000;Отрадный а.о.
2133;2132;115431100;Отрадное а.
2134;2133;115431102;Шаңырақ а.
2135;2132;115431200;Кенское а.
2136;2130;115437000;Бірсуат а.ә.
2137;2136;115437100;Бірсуат а.
2138;2137;115437102;Балуанкөл а.
2139;2130;115439000;Гастелло а.ә.
2140;2139;115439100;Гастелло а.
2141;2140;115439102;Дауылбай а.
2142;2130;115441000;Далабай а.ә.
2143;2142;115441100;Далабай а.
2144;2143;115441102;Ақтөбе а.
2145;2130;115443000;Жаңадала а.о.
2146;2145;115443100;Тасты-Талды а.
2147;2145;115443200;Жаңадала а.
2148;2145;115443300;Зерноградское а.
2149;2130;115451000;Костычев а.о.
2150;2149;115451100;Костычево а.
2151;2149;115451200;Донское а.
2152;2151;115451205;Маяк а.
2153;2130;115453000;Құмсуат а.ә.
2154;2153;115453100;Құмсуат а.
2155;2154;115453102;Пионерлагер
2156;2154;115453103;ферма
2157;2130;115454000;Львовское а.ә.
2158;2157;115454100;Львовское а.
2159;2130;115455000;Нахимов а.о.
2160;2159;115455100;Нахимовка а.
2161;2160;115455102;Жаркайың байланысторабы үйі
2162;2160;115455103;Шарқож үйі
2163;2159;115455200;Боранкөл а.
2164;2130;115463000;Пригородное а.ә.
2165;2164;115463100;Пригородное а.
2166;2165;115463105;Западное а.
2167;2165;115463106;Қызылтал а.
2168;2130;115465000;Пятигорское а.ә.
2169;2168;115465100;Пятигорское а.
2170;2130;115469000;Тасөткел а.ә.
2171;2170;115469100;Тасөткел а.
2172;2171;115469102;Савиновка а.
2173;2130;115471000;Тассуат а.ә.
2174;2173;115471100;Тассуат а.
2175;2130;115473000;Уәлиханов а.о.
2176;2175;115473100;Уәлиханов а.
2177;2175;115473200;Достық а.
2178;2130;115475000;Үшқарасу а.ә.
2179;2178;115475100;Үшқарасу а.
2180;2130;115479000;Шойындыкөл а.ә.
2181;2180;115479100;Шойындыкөл а.
2182;2181;115479102;Шалғай а.
2183;2181;115479103;Гагаринское а.
2184;1575;115600000;Зеренді ауданы
2185;2184;115630000;Зеренді а.о.
2186;2185;115630100;Зеренді а.
2187;2186;115630103;"ЗЕРЕН"балалар сауықтыру ортал
2188;2186;115630105;КГТПИ демалыс базасы
2189;2186;115630107;"Казмунайгаз"сауықтыру орталығ
2190;2186;115630109;М.Габдулин пионерлагері
2191;2186;115630111;"Сұңқар" сауықтыру орталығы
2192;2186;115630113;Орман-аң шаруашылығы
2193;2186;115630115;П.Морозов пионерлагері
2194;2186;115630117;Тоғаншаруашылығы
2195;2186;115630121;УНГБ саябағы
2196;2185;115630280;Айдарлы а.
2197;2185;115630380;Көктерек а.
2198;2184;115633000;Ақкөл а.о.
2199;2198;115633100;Ақкөл а.
2200;2198;115633200;Ивановка а.
2201;2198;115633300;Қазақстан а.
2202;2198;115633400;Молодежное а.
2203;2202;115633403;Самарбай орманшар
2204;2198;115633500;Туполевка а.
2205;2184;115635000;Алексеев к.ә.
2206;2205;115635100;Алексеевка к.
2207;2205;115635200;Жаманашы ст.
2208;2205;115635300;Чаглинка а.
2209;2184;115637000;Бұлақ а.о.
2210;2209;115637100;Еленовка а.
2211;2210;115637103;Қосалқыстанса
2212;2209;115637400;Жаңаауыл а.
2213;2209;115637500;Жылымды а.
2214;2209;115637600;Қарағай а.
2215;2214;115637603;Еленов ХХП
2216;2209;115637700;Қарлыкөл а.
2217;2184;115641000;Айдабол а.ә.
2218;2217;115641100;Айдабол а.
2219;2184;115643000;Викторов а.о.
2220;2219;115643100;Викторовка а.
2221;2220;115643103;Қосалқыстанса
2222;2220;115643104;Қызылқайнар а.
2223;2219;115643480;Красиловка а.
2224;2219;115643600;Бөгенбай би а.
2225;2184;115647000;Күсеп а.о.
2226;2225;115647100;Өркен а.
2227;2225;115647300;Азат а.
2228;2225;115647400;Өзен а.
2229;2225;115647600;Жамбыл а.
2230;2229;115647605;Айғыржал а.
2231;2225;115647700;Теректі а.
2232;2184;115649000;Қонысбай а.о.
2233;2232;115649100;Қонысбай а.
2234;2232;115649200;Васильковка а.
2235;2232;115649300;Гранитный а.
2236;2232;115649400;Дүңгілағаш а.
2237;2184;115651000;Қызылсая а.о.
2238;2237;115651100;Қызылсая а.
2239;2237;115651200;Биіктесін а.
2240;2237;115651500;Қызылағаш а.
2241;2184;115652000;Ортақ а.о.
2242;2241;115652100;Ортақ а.
2243;2241;115652400;Қызылтаң а.
2244;2241;115652700;Қайыңды а.
2245;2184;115653000;Приречный а.о.
2246;2245;115653100;Приречное а.
2247;2245;115653400;Павловка а.
2248;2184;115655000;Мәлік Ғабдуллин а.о.
2249;2248;115655100;Мәлік Ғабдуллин а.
2250;2249;115655103;Орманшы үйі
2251;2248;115655200;Дороговка а.
2252;2248;115655680;Қойсалған а.
2253;2248;115655700;Кіші Тұйықты а.
2254;2248;115655800;Серафимовка а.
2255;2184;115657000;Симферополь а.о.
2256;2255;115657100;Симферопольское а.
2257;2255;115657200;Бұлақ а.
2258;2255;115657300;Жолдыбай а.
2259;2184;115658000;Троицкое а.о.
2260;2259;115658100;Троицкое а.
2261;2260;115658103;Кордон-мостовой
2262;2259;115658300;Кеңөткел а.
2263;2259;115658400;Қарсақ а.
2264;2259;115658500;Қошқарбай а.
2265;2184;115659000;Шағалалы а.о.
2266;2265;115659100;Шағалалы а.
2267;2265;115659300;Ақадыр а.
2268;2265;115659400;Еңбекбірлік а.
2269;2265;115659700;Ескенежал а.
2270;2265;115659900;Ұялы а.
2271;2184;115663000;Исаковка а.о.
2272;2271;115663100;Исаковка а.
2273;2271;115663400;Костомаровка а.
2274;2271;115663700;Ұялы а.
2275;2184;115665000;Қанай би атын.а.о.
2276;2275;115665100;Қарауыл Қанай би а.
2277;2275;115665300;Жамантұз а.
2278;2275;115665400;Игілік а.
2279;2275;115665800;Желтау а.
2280;2184;115667000;Қызылегіс а.о.
2281;2280;115667100;Қызылегіс а.
2282;2281;115667103;Заречное а.
2283;2281;115667105;Қосалқыстанса
2284;2280;115667500;Қарашілік а.
2285;2280;115667700;Ортаағаш а.
2286;2184;115669000;Бәйтерек а.о.
2287;2286;115669100;Бәйтерек а.
2288;2286;115669300;Ермаковка а.
2289;2286;115669400;Красный Кордон а.
2290;2286;115669600;Өндіріс а.
2291;2286;115669800;Үлгілі а.
2292;2184;115671000;Садовое а.о.
2293;2292;115671100;Садовое а.
2294;2292;115671200;Елікті а.
2295;2292;115671300;Заречное а.
2296;2184;115673000;Сакен Сейфуллин атын.а.о.
2297;2296;115673100;Бірлестік а.
2298;2296;115673300;Жаңатілек а.
2299;2296;115673400;Қараөзек а.
2300;2296;115673500;Сейфуллин а.
2301;2184;115677000;Сарыөзек а.о.
2302;2301;115677100;Ақан а.
2303;2301;115677300;Баратай а.
2304;2301;115677800;Уголки а.
2305;1575;116000000;Қорғалжын ауданы
2306;2305;116030000;Қорғалжын а.о.
2307;2306;116030100;Қорғалжын а.
2308;2307;116030103;Біртабан а.
2309;2307;116030105;Бірлік а.
2310;2306;116030200;Абай а.
2311;2305;116033000;Амангелді а.о.
2312;2311;116033100;Өркендеу а.
2313;2311;116033300;Жұмай а.
2314;2305;116035000;Арықты а.о.
2315;2314;116035100;Арықты а.
2316;2315;116035103;Құлтай а.
2317;2315;116035105;Сулыкөл а.
2318;2315;116035107;Қорқылдақ а.
2319;2314;116035400;Садырбай а.
2320;2305;116037000;Кеңбидайық а.о.
2321;2320;116037100;Кеңбидайық а.
2322;2320;116037200;Екпінді а.
2323;2305;116039000;Майшұқыр а.о.
2324;2323;116039100;Майшұқыр а.
2325;2323;116039300;Құмкөл а.
2326;2305;116041000;Қарашалғы а.о.
2327;2326;116041100;Жантеке а.
2328;2326;116041200;Қарғалы а.
2329;2326;116041400;Ұялы а.
2330;2305;116045000;Қызылсай а.о.
2331;2330;116045100;Шалқар а.
2332;2331;116045103;Алмас а.
2333;2331;116045105;Қасқатау а.
2334;2330;116045500;Үшсарт а.
2335;2305;116047000;Сабынды а.о.
2336;2335;116047100;Сабынды а.
2337;2335;116047200;Алғабас а.
2338;2335;116047300;Қараегін а.
2339;1575;116400000;Сандықтау ауданы
2340;2339;116430000;Балкашин а.о.
2341;2340;116430100;Балкашино а.
2342;2340;116430200;Орманшар
2343;2340;116430300;Петровка а.
2344;2339;116435000;Барақпай а.о.
2345;2344;116435100;Барақпай а.
2346;2344;116435400;Хлебное а.
2347;2346;116435405;Ашулы а.
2348;2339;116437000;Белгород а.о.
2349;2348;116437100;Белгородское а.
2350;2349;116437105;Новодобринка а.
2351;2348;116437300;Преображенка а.
2352;2351;116437303;Профинтерн а.
2353;2348;116437500;Раздольное а.
2354;2339;116438000;Бірлік а.о.
2355;2354;116438100;Красная Поляна а.
2356;2354;116438200;Арбузинка а.
2357;2354;116438600;Петриковка а.
2358;2339;116439000;Васильев а.о.
2359;2358;116439100;Васильевка а.
2360;2358;116439200;Ұлан а.
2361;2358;116439300;Тучное а.
2362;2339;116441000;Веселов а.о.
2363;2362;116441100;Байдалы а.
2364;2362;116441200;Жыланды а.
2365;2362;116441300;Новоселовка а.
2366;2339;116443000;Жамбыл а.о.
2367;2366;116443100;Приозерное а.
2368;2367;116443105;Березовка а.
2369;2366;116443300;Қызылқазақстан а.
2370;2339;116447000;Каменка а.о.
2371;2370;116447100;Каменка а.
2372;2371;116447103;Ключевка а.
2373;2370;116447200;Богословка а.
2374;2339;116449000;Лесной а.о.
2375;2374;116449100;Лесное а.
2376;2375;116449103;Крутые Горки а.
2377;2374;116449200;Быстримовка а.
2378;2374;116449300;Граниковка а.
2379;2374;116449600;Михайловка а.
2380;2374;116449700;Речное а.
2381;2339;116450000;Мәдениет а.о.
2382;2381;116450100;Мәдениет а.
2383;2339;116451000;Максимов а.о.
2384;2383;116451100;Максимовка а.
2385;2383;116451200;Владимировка а.
2386;2383;116451300;Новый Городок а.
2387;2383;116451400;Спасское а.
2388;2339;116453000;Ақсораң а.о.
2389;2388;116453100;Новоникольское а.
2390;2388;116453200;Құмдыкөл а.
2391;2388;116453300;Меньшиковка а.
2392;2388;116453400;Маралды а.
2393;2388;116453500;Смольное а.
2394;2339;116455000;Сандықтау а.о.
2395;2394;116455100;Сандықтау а.
2396;2394;116455200;Новоромановка а.
2397;2339;116459000;Широков а.о.
2398;2397;116459100;Богородка а.
2399;2397;116459300;Дорогинка а.
2400;1575;116600000;Целиноград ауданы
2401;2400;116630000;Ақмол а.о.
2402;2401;116630100;Ақмол а.
2403;2401;116630300;Өтеміс а.
2404;2400;116637000;Нұресіл а.о.
2405;2404;116637100;Нұресіл а.
2406;2404;116637300;Жаңа Жайнақ а.
2407;2404;116637500;Раздольное а.
2408;2400;116643000;Қажымұқан а.ә.
2409;2408;116643100;Қажымұқан а.
2410;2400;116644000;Қаражар а.ә.
2411;2410;116644100;Қаражар а.
2412;2400;116645000;Қоянды а.ә.
2413;2412;116645100;Қоянды а.
2414;2400;116647000;Жарлыкөл а.о
2415;2414;116647100;Жалғызқұдық а.
2416;2414;116647200;Жарлыкөл а.
2417;2400;116648000;Қараөткел а.о.
2418;2417;116648100;Қараөткел а.
2419;2417;116648400;Жаңажол а.
2420;2400;116649000;Оразақ а.о.
2421;2420;116649100;Оразақ а.
2422;2420;116649200;Бірлік а.
2423;2400;116652000;Қызыл суат а.о.
2424;2423;116652100;Қызыл суат а.
2425;2423;116652200;Аққайың а.
2426;2423;116652300;Нұрлы а.
2427;2423;116652500;Шұбар а.
2428;2400;116653000;Тасты а.о.
2429;2428;116653100;Тасты а.
2430;2429;116653103;рзд.93
2431;2428;116653300;Ақмешіт а.
2432;2428;116653700;Тастақ ст.
2433;2400;116655000;Арайлы а.о.
2434;2433;116655100;Арайлы а.
2435;2434;116655180;Жайнақ а.
2436;2433;116655200;Қосшоқы ст.
2437;2433;116655300;Төңкеріс а.
2438;2433;116655400;Ынтымақ а.
2439;2400;116658000;Мәншүк Мәметова а.ә.
2440;2439;116658100;Мәншүк Мәметова а.
2441;2400;116659000;Жаңаесіл а.о.
2442;2441;116659100;Жаңаесіл а.
2443;2441;116659200;Мортық а.
2444;2441;116659300;Қарамеңді батыр а
2445;2400;116661000;Родина а.о.
2446;2445;116661100;Родина а.
2447;2445;116661200;Зеленый Гай а.
2448;2445;116661300;Садовое а.
2449;2400;116663000;Ақжар а.о.
2450;2449;116663100;Ақжар а.
2451;2449;116663200;Опан а.
2452;2400;116665000;Қабанбай батыр а.о.
2453;2452;116665100;Қабанбай батыр а.
2454;2452;116665400;Қызылжар а.
2455;2452;116665500;Нұра а.
2456;2452;116665600;Сарыадыр а.
2457;2400;116667000;Рахымжан Қошқарбаев а.о.
2458;2457;116667100;Рахымжан Қошқарбаев а.
2459;2458;116667102;Ағанас а.
2460;2457;116667400;Сарыкөл а.
2461;2457;116667500;Преображенка а.
2462;2400;116671000;Софиев а.о.
2463;2462;116671100;Софиевка а.
2464;2463;116671105;Апполоновка а.
2465;2462;116671400;Жабай а.
2466;2400;116672000;Талапкер а.ә.
2467;2466;116672100;Талапкер а.
2468;2400;116673000;Шалқар а.о.
2469;2468;116673100;Шалқар а.
2470;2468;116673200;Қаратомар а.
2471;2468;116673300;Отаутүскен а.
2472;2400;116675000;Ыбырай Алтынсарин а.ә.
2473;2472;116675100;Ыбырай Алтынсарин а.
2474;1575;116800000;Шортанды ауданы
2475;2474;116830000;Шортанды к.ә.
2476;2475;116830100;Шортанды к.
2477;2474;116833000;Андреев а.о.
2478;2477;116833100;Андреевка а.
2479;2477;116833800;Октябрьское а.
2480;2474;116835000;Дамса а.о.
2481;2480;116835100;Дамса а.
2482;2480;116835400;Научный к.
2483;2480;116835600;Степное а.
2484;2474;116837000;Бозайғыр а.о.
2485;2484;116837100;Бозайғыр а.
2486;2484;116837200;Ключи а.
2487;2484;116837500;Төңкеріс ст.
2488;2474;116839000;Жолымбет к.ә.
2489;2488;116839100;Жолымбет к.
2490;2474;116841000;Бектау а.о.
2491;2490;116841100;Бектау а.
2492;2490;116841200;Мықтыкөл а.
2493;2490;116841400;Көңқырын а.
2494;2490;116841500;Қаражар а.
2495;2474;116843000;Новокубан а.о.
2496;2495;116843100;Новокубанка а.
2497;2495;116843200;Алтайское а.
2498;2474;116845000;Новоселовка а.о.
2499;2498;116845100;Новоселовка а.
2500;2499;116845105;Первомай а.
2501;2498;116845400;Қаратөбе а.
2502;2498;116845500;Новопервомай а.
2503;2498;116845600;Ошақ а.
2504;2474;116847000;Петров а.о.
2505;2504;116847100;Петровка а.
2506;2505;116847105;Новокавказское а.
2507;2504;116847200;Белое Озеро а.
2508;2504;116847500;Қараадыр ст.
2509;2474;116849000;Пригородный а.о.
2510;2509;116849100;Пригородное а.
2511;2510;116849105;Баскөл а.
2512;2509;116849400;Камышенка а.
2513;2474;116855000;Раевский а.о.
2514;2513;116855100;Раевка а.
2515;2513;116855300;Гуляйполе а.
2516;2513;116855400;Егемен а.
2517;2513;116855500;Новографское а.
2518;1575;117000000;Бурабай ауданы
2519;2518;117020000;Щучинск қ.ә.
2520;2519;117020100;Щучинск қ.
2521;2518;117033000;Абылай хан а.о.
2522;2521;117033100;Қызылағаш а.
2523;2522;117033109;Мезгілсор а.
2524;2521;117033300;Ақылбай а.
2525;2524;117033305;Баянбай а.
2526;2521;117033600;Қарабауыр а.
2527;2526;117033605;Көне Қарабауыр а.
2528;2521;117033800;Озерное а.
2529;2528;117033805;Жанқара а.
2530;2518;117035000;Бурабай к.ә.
2531;2530;117035100;Бурабай к.
2532;2530;117035300;Оқжетпес а.
2533;2530;117035500;Сарыбұлақ а.
2534;2518;117037000;Веденов а.о.
2535;2534;117037100;Веденовка а.
2536;2535;117037103;Қосалқыстанса
2537;2534;117037400;Қарабұлақ а.
2538;2537;117037405;Крупское а.
2539;2518;117049000;Зеленобор а.о.
2540;2539;117049100;Зеленый Бор а.
2541;2540;117049105;Бақша 2
2542;2540;117049109;Подхоз а.
2543;2540;117049180;Жаңаталап а.
2544;2539;117049200;Молбаза а.
2545;2539;117049500;Қымызынай а.
2546;2539;117049600;Мәдениет а.
2547;2539;117049700;Наурызбай батыр а.
2548;2547;117049702;Айқабақ а.
2549;2547;117049703;Бидайық а.
2550;2518;117051000;Златополье а.о.
2551;2550;117051100;Златополье а.
2552;2550;117051200;Лесной Хутор а.
2553;2550;117051300;Новоандреевка а.
2554;2550;117051400;Обалы а.
2555;2550;117051500;Савинка а.
2556;2550;117051600;Сотниковка а.
2557;2550;117051700;Түлкілі а.
2558;2518;117053000;Кенесары а.о.
2559;2558;117053100;Кенесары а.
2560;2559;117053103;Қосалқыстанса
2561;2559;117053108;рзд.17
2562;2559;117053109;рзд.19
2563;2558;117053200;Брусиловка а.
2564;2558;117053300;Баянбай а.
2565;2518;117055000;Атамекен а.о.
2566;2565;117055100;Атамекен а.
2567;2565;117055200;Жаңажол а.
2568;2565;117055300;Жарқайың а.
2569;2565;117055400;Жасыл а.
2570;2565;117055800;Қаражар а.
2571;2565;117055900;Шиелі а.
2572;2518;117057000;Қатаркөл а.о.
2573;2572;117057100;Қатаркөл а.
2574;2573;117057103;Арман пионерлагері
2575;2573;117057105;Восход пионерлагері
2576;2573;117057107;Звездочка пионерлагері
2577;2573;117057109;"Дашенька"балалар сауықтыру ор
2578;2573;117057111;Лесная сказка пионерлагері
2579;2573;117057113;Огонек пионерлагері
2580;2573;117057115;"Континент"балалар сауықтыру о
2581;2573;117057117;"Простор"балалар сауықтыру орт
2582;2573;117057119;КЕГОК-СЕРВИС сауықтыру орталығы
2583;2573;117057121;СПУТНИК демалыс базасы
2584;2573;117057123;С.Сейфуллин емдеу-сауық.профил
2585;2573;117057125;"Чайка"балалар сауықтыру ортал
2586;2573;117057127;"Юная смена"балалар сауықтыру
2587;2573;117057128;"Восход"балалар сауықтыру орта
2588;2573;117057129;"Жезказганец"маусымдық балалар
2589;2573;117057131;"Звездный"балалар сауықтыру ор
2590;2573;117057132;"Приозерный"сауықтыру орталығы
2591;2572;117057200;Вишневое а.
2592;2572;117057300;Ключевое а.
2593;2572;117057500;Сосновка а.
2594;2518;117061000;Үрүмқай а.о.
2595;2594;117061100;Үрүмқай а.
2596;2594;117061200;Дмитриевка а.
2597;2594;117061300;Көрнекті а.
2598;2594;117061400;Аққайың а.
2599;2594;117061500;Күлстан а.
2600;2594;117061600;Кіндікқарағай а.
2601;2594;117061700;Қарашілік а.
2602;2518;117063000;Успеноюрьев а.о.
2603;2602;117063100;Успеноюрьевка а.
2604;2603;117063103;Алексеевский шарқож
2605;2603;117063105;Қосалқыстанса
2606;2603;117063109;Ковалевка а.
2607;2602;117063380;Клинцы а.
2608;2602;117063580;Николаевка а.
2609;2602;117063800;Райгородок а.
2610;0;150000000;Ақтөбе облысы
2611;2610;151000000;Ақтөбе Қ.Ә.
2612;2611;151010000;Ақтөбе қ.
2613;2611;151011100;Астана ауданы
2614;2611;151013100;Алматы ауданы
2615;2610;153200000;Алға ауданы
2616;2615;153220000;Алға қ.ә.
2617;2616;153220100;Алға қ.
2618;2615;153233000;Бесқоспа а.о.
2619;2618;153233100;Есет батыр Көкіұлы а.
2620;2619;153233102;Күсем мекені
2621;2619;153233103;Қайыңдыбұлақ қыстауы
2622;2619;153233104;Калинин мекені
2623;2618;153233300;Қызылту а.
2624;2623;153233302;Тормантай мекені
2625;2615;153235000;Бестамақ а.о.
2626;2625;153235100;Бестамақ а.
2627;2626;153235102;Пионерлагер
2628;2626;153235103;рзд.42
2629;2626;153235105;Қатпар мекені
2630;2625;153235300;Бесқоспа а.
2631;2615;153237000;Қарақұдық а.о.
2632;2631;153237100;Қарақұдық а.
2633;2631;153237200;Көктоғай а.
2634;2633;153237205;Сарытоғай мекені
2635;2631;153237300;Тікқайың а.
2636;2615;153239000;Ақай а.о.
2637;2636;153239100;Ақай а.
2638;2637;153239102;Ақай мекені
2639;2636;153239300;Көлтабан а.
2640;2639;153239302;Қабаштоғай мекені
2641;2639;153239303;Қарсақбай мекені
2642;2615;153241000;Үшқұдық а.о.
2643;2642;153241100;Үшқұдық а.
2644;2642;153241200;Жерұйық а.
2645;2642;153241300;Ақсазды а.
2646;2615;153242000;Қараағаш а.о.
2647;2646;153242100;Самбай а.
2648;2646;153242800;Нұрбұлақ а.
2649;2615;153243000;Қарабұлақ а.о.
2650;2649;153243100;Қарабұлақ а.
2651;2649;153243200;Амангелді а.
2652;2615;153245000;Қарақобда а.о.
2653;2652;153245100;Қарақобда а.
2654;2653;153245102;Самал мекені
2655;2652;153245300;Ерназар а.
2656;2652;153245400;Құмсай а.
2657;2615;153247000;Маржанбұлақ а.о.
2658;2657;153247100;Маржанбұлақ а.
2659;2658;153247102;Тәңаберген мекені
2660;2657;153247200;Қайыңдысай а.
2661;2615;153248000;Сарықобда а.о.
2662;2661;153248100;Сарықобда а.
2663;2661;153248300;Болгарка а.
2664;2615;153249000;Тамды а.о.
2665;2664;153249100;Тамды а.
2666;2665;153249103;Алғабас қыстауы
2667;2664;153249200;Еркінкүш а.
2668;2664;153249300;Талдысай а.
2669;2615;153251000;Тоқмансай а.о.
2670;2669;153251100;Қайнар а.
2671;2669;153251300;Тоқмансай а.
2672;2669;153251400;Тоқмансай ст.
2673;2610;153400000;Әйтеке би ауданы
2674;2673;153430000;Темірбек Жүргенов а.о.
2675;2674;153430100;Темірбек Жүргенов а.
2676;2674;153430500;Талдысай а.
2677;2673;153433000;Ақкөл а.о.
2678;2677;153433100;Ақкөл а.
2679;2673;153435000;Ақтасты а.о.
2680;2679;153435100;Ақтасты а.
2681;2679;153435300;Толыбай а.
2682;2673;153437000;Аралтоғай а.о.
2683;2682;153437100;Аралтоғай а.
2684;2682;153437300;Қияқты а.
2685;2682;153437400;Милысай а.
2686;2682;153437500;Ұлғайсын бөлімшесі
2687;2673;153439000;Қызылжұлдыз а.о.
2688;2687;153439100;Аралтөбе а.
2689;2673;153441000;Әйке а.о.
2690;2689;153441100;Әйке а.
2691;2690;153441108;Теміржол вокзалы
2692;2689;153441500;Тереңсай а.
2693;2673;153443000;Тұмабұлақ а.о.
2694;2693;153443100;Тұмабұлақ а.
2695;2693;153443600;Сарыбұлақ а.
2696;2673;153447000;Жабасақ а.о.
2697;2696;153447100;Жабасақ а.
2698;2696;153447200;Аққұм а.
2699;2696;153447400;Байжанкөл а.
2700;2673;153449000;Жамбыл а.о.
2701;2700;153449100;Жамбыл а.
2702;2673;153451000;Қайрақты а.о.
2703;2702;153451100;Талдық а.
2704;2673;153453000;Қарабұтақ а.о.
2705;2704;153453100;Қарабұтақ а.
2706;2704;153453300;Белқопа а.
2707;2704;153453400;Еңбекту а.
2708;2704;153453500;Жарөткел а.
2709;2673;153457000;Құмқұдық а.о.
2710;2709;153457100;Құмқұдық а.
2711;2673;153458000;Сарат а.о.
2712;2711;153458100;Сарат а.
2713;2673;153459000;Сұлукөл а.о.
2714;2713;153459100;Сұлукөл а.
2715;2673;153473000;Ұшқатты а.о.
2716;2715;153473100;Ұшқатты а.
2717;2610;153600000;Байғанин ауданы
2718;2717;153630000;Қарауылкелді а.о.
2719;2718;153630100;Қарауылкелді а.
2720;2719;153630105;Почта қыстауы
2721;2719;153630112;Тірітам 1 қыстауы
2722;2719;153630116;Тірітам 2 қыстауы
2723;2719;153630117;Жаңабаз қыстауы
2724;2718;153630200;Кенжалы а.
2725;2718;153630400;Көкбұлақ а.
2726;2725;153630406;Қопа қыстауы
2727;2718;153630500;Қосарал а.
2728;2727;153630503;Жаңабаз 2 қыстауы
2729;2727;153630505;Көне Қосарал қыстауы
2730;2727;153630511;Сағыз қыстауы
2731;2717;153633000;Ащы а.о.
2732;2731;153633100;Ноғайты а.
2733;2732;153633114;202 рзд
2734;2717;153635000;Жаңажол а.о.
2735;2734;153635100;Оймауыт а.
2736;2735;153635123;Қарашбай қыстауы
2737;2735;153635124;Ынтымақ қыстауы
2738;2735;153635125;Шатай қыстауы
2739;2717;153637000;Жарқамыс а.о.
2740;2739;153637100;Жарқамыс а.
2741;2740;153637112;Қаражар қыстауы
2742;2740;153637113;Ақтоғай қыстауы
2743;2740;153637114;Аша қыстауы
2744;2740;153637115;Барғана қыстауы
2745;2740;153637116;Жырық қыстауы
2746;2740;153637117;Почта қыстауы
2747;2740;153637118;Түбек қыстауы
2748;2740;153637119;Қызылжар қыстауы
2749;2739;153637200;Ақтам а.
2750;2749;153637213;Ақши 1 қыстауы
2751;2739;153637400;Қаражар а.
2752;2751;153637409;Сарыкөл қыстауы
2753;2751;153637411;Қаражар 1 қыстауы
2754;2751;153637412;Ақши 2 қыстауы
2755;2751;153637413;Алшын қыстауы
2756;2751;153637414;Қарабұлақ қыстауы
2757;2751;153637415;Құтанши қыстауы
2758;2751;153637416;Көндісай қыстауы
2759;2751;153637417;Тасаудан қыстауы
2760;2717;153641000;Көлтабан а.о.
2761;2760;153641100;Жарлы а.
2762;2761;153641102;рзд.174
2763;2761;153641103;Кенжалы қыстауы
2764;2761;153641104;Аққұдық қыстауы
2765;2761;153641105;Ербас қыстауы
2766;2761;153641106;Қаражар қыстауы
2767;2761;153641107;Қарабұйрат қыстауы
2768;2761;153641108;Қамысқора қыстауы
2769;2761;153641109;Қызылту қыстауы
2770;2761;153641111;Қызылтаң қыстауы
2771;2761;153641112;Құлақ қыстауы
2772;2761;153641113;Мойындықияқ қыстауы
2773;2761;153641114;Сарыбұлақ қыстауы
2774;2761;153641115;Шиқетер қыстауы
2775;2761;153641116;Елібай қыстауы
2776;2761;153641117;Қарағандысай қыстауы
2777;2761;153641118;Қызылқұдық қыстауы
2778;2761;153641119;Теренқұдық қыстауы
2779;2761;153641121;Үлкен Сорқұдық қыстауы
2780;2760;153641300;Қораши а.
2781;2760;153641500;Жыңғылдытоғай а.
2782;2717;153643000;Қопа а.о.
2783;2782;153643100;Ебейті а.
2784;2783;153643103;Ебейті қыстауы
2785;2783;153643104;Бұзауқора қыстауы
2786;2783;153643105;Нүркебай қыстауы
2787;2783;153643106;Үшбұлақ қыстауы
2788;2782;153643200;Айырық а.
2789;2788;153643207;Сарбас қыстауы
2790;2788;153643209;рзд. 236
2791;2782;153643300;Көптоғай а.
2792;2782;153643400;Қопа а.
2793;2717;153649000;Қызылбұлақ а.о.
2794;2793;153649100;Кемерші а.
2795;2793;153649200;Бұлақтыкөл а.
2796;2795;153649218;Ойық қыстауы
2797;2793;153649300;Жаңатаң а.
2798;2717;153651000;Сарытоғай а.о.
2799;2798;153651100;Алтай батыр а.
2800;2798;153651200;Баршақұм а.
2801;2798;153651300;Шұқыршы а.
2802;2717;153655000;Миялы а.о.
2803;2802;153655100;Миялы а.
2804;2803;153655112;Теріскенді қыстауы
2805;2803;153655113;Қаражар қыстауы
2806;2803;153655114;Ақсуат қыстауы
2807;2802;153655300;Дияр а.
2808;2610;154000000;Қарғалы ауданы
2809;2808;154030000;Бадамша а.о.
2810;2809;154030100;Бадамша а.
2811;2810;154030102;Кемпірсай ст.
2812;2808;154033000;Ащылысай а.о.
2813;2812;154033100;Ащылысай а.
2814;2812;154033200;Бозтөбе а.
2815;2812;154033400;Преображеновка а.
2816;2812;154033500;Ақкөл а.
2817;2808;154035000;Әлімбет а.о.
2818;2817;154035100;Әлімбет а.
2819;2808;154049000;Велихов а.о.
2820;2819;154049100;Велихов а.
2821;2819;154049400;Ақжайық а.
2822;2821;154049402;Қалымбай мекені
2823;2821;154049403;Кеңсайран қыстауы
2824;2808;154051000;Желтау а.о.
2825;2824;154051100;Петропавловка а.
2826;2808;154053000;Кемпірсай а.о.
2827;2826;154053100;Жосалы а.
2828;2826;154053200;Кемпірсай а.
2829;2808;154055000;Қосестек а.о.
2830;2829;154055100;Қосестек а.
2831;2808;154057000;Степной а.о.
2832;2831;154057100;Степное а.
2833;2831;154057200;Қайрақты а.
2834;2808;154059000;Шәмші Қалдаяқов а.ә.
2835;2834;154059100;Шәмші Қалдаяқов а.
2836;2835;154059102;Қарғалы суқоймасы
2837;2835;154059104;Ақшуақ шарқож
2838;2610;154200000;Қобда ауданы
2839;2838;154230000;Қобда а.о.
2840;2839;154230100;Қобда а.
2841;2839;154230200;Құрсай а.
2842;2838;154233000;Акраб а.о.
2843;2842;154233100;Ақраб а.
2844;2838;154235000;Бестау а.о.
2845;2844;154235100;Бестау а.
2846;2838;154237000;Сарыбұлақ а.о.
2847;2846;154237100;Сарыбұлақ а.
2848;2838;154239000;Бұлақ а.о.
2849;2848;154239100;Әлия а.
2850;2848;154239200;Бұлақ а.
2851;2838;154241000;Иманғали Білтабанов а.о.
2852;2851;154241100;Иманғали Білтабанов атын.а.
2853;2851;154241200;Қосөткел а.
2854;2851;154241500;Байтақ а.
2855;2838;154247000;Жарсай а.о.
2856;2855;154247100;Жарсай а.
2857;2855;154247200;Ақсай а.
2858;2855;154247300;Қарағанды а.
2859;2838;154249000;Жарық а.о.
2860;2859;154249100;Жарық а.
2861;2859;154249300;Жаманкөл а.
2862;2859;154249400;Қанай а.
2863;2859;154249500;Ортақ а.
2864;2838;154251000;Жиренқопа а.о.
2865;2864;154251100;Жиренқопа а.
2866;2838;154255000;Бегалы а.о.
2867;2866;154255100;Бесқұдық а.
2868;2838;154257000;Қызылжар а.о.
2869;2868;154257100;Қызылжар а.
2870;2868;154257300;Қаракемер а.
2871;2838;154258000;И.Құрманов атын.а.о.
2872;2871;154258100;Бегалы а.
2873;2871;154258500;Егіндібұлақ а.
2874;2838;154261000;Өтек а.о.
2875;2874;154261100;Өтек а.
2876;2874;154261200;Жарсай а.
2877;2838;154263000;Сөғалі а.о.
2878;2877;154263100;Көк Үй а.
2879;2877;154263200;Қоғалы а.
2880;2877;154263300;Сөғалі а.
2881;2838;154265000;Талдысай а.о.
2882;2881;154265100;Талдысай а.
2883;2838;154267000;Терісаққан а.о.
2884;2883;154267100;Терісаққан а.
2885;2883;154267200;Жаңаталап а.
2886;2610;154600000;Мәртөк ауданы
2887;2886;154630000;Мәртөк а.о.
2888;2887;154630100;Мәртөк а.
2889;2887;154630200;Жаңатаң а.
2890;2887;154630300;Қазан а.
2891;2887;154630500;Құмсай а.
2892;2886;154635000;Байторысай а.о.
2893;2892;154635100;Байторысай а.
2894;2892;154635200;Дмитриевка а.
2895;2892;154635300;Покровка а.
2896;2892;154635400;Полтавка а.
2897;2886;154637000;Қазірет а.о.
2898;2897;154637100;Қазірет а.
2899;2897;154637200;Жездібай а.
2900;2886;154639000;Жайсаң а.о.
2901;2900;154639100;Жайсаң а.
2902;2901;154639102;рзд.33
2903;2900;154639500;Көкпекті а.
2904;2886;154643000;Қаратоғай а.о.
2905;2904;154643100;Қаратоғай а.
2906;2886;154645000;Қарашай а.о.
2907;2906;154645100;Қаратаусай а.
2908;2906;154645300;Аққайың а.
2909;2886;154647000;Қызылжар а.о.
2910;2909;154647100;Қызылжар а.
2911;2909;154647200;Бөрте а.
2912;2909;154647300;Шевченко а.
2913;2886;154651000;Тәңірберген а.о.
2914;2913;154651100;Саржансай а.
2915;2913;154651300;Кеңсахара а.
2916;2886;154653000;Байнассай а.о.
2917;2916;154653100;Байнассай а.
2918;2916;154653400;Ақмоласай а.
2919;2886;154655000;Аққұдық а.о.
2920;2919;154655100;Вознесеновка а.
2921;2919;154655200;Достық а.
2922;2919;154655300;Первомайка а.
2923;2919;154655400;Жаңажол а.
2924;2919;154655500;Қарабұлақ а.
2925;2886;154657000;Родников а.о.
2926;2925;154657100;Родниковка а.
2927;2886;154659000;Құрмансай а.о.
2928;2927;154659100;Құрмансай а.
2929;2927;154659300;Егізата а.
2930;2927;154659400;Шаңды а.
2931;2886;154661000;Сарыжар а.о.
2932;2931;154661100;Сарыжар а.
2933;2610;154800000;Мұғалжар ауданы
2934;2933;154820000;Қандыағаш қ.ә.
2935;2934;154820100;Қандыағаш қ.
2936;2933;154823000;Ембі қ.ә.
2937;2936;154823100;Ембі қ.
2938;2933;154825000;Жем қ.ә.
2939;2938;154825100;Жем қ.
2940;2933;154833000;Ақкемер а.о.
2941;2940;154833100;Ақкемер а.
2942;2940;154833200;Көктөбе а.
2943;2942;154833205;рзд.312
2944;2940;154833300;Жарық а.
2945;2940;154833400;Елек а.
2946;2940;154833600;Көтібар а.
2947;2933;154835000;Ащысай а.о.
2948;2947;154835100;Ащысай а.
2949;2947;154835300;Ақсу а.
2950;2947;154835500;Сабындыкөл а.
2951;2933;154837000;Батпақкөл а.о.
2952;2951;154837100;Жағабұлақ а.
2953;2951;154837200;Жаркемер а.
2954;2951;154837300;Қожасай а.
2955;2951;154837400;Саға а.
2956;2951;154837500;Шенгелші а.
2957;2933;154839000;Егіндібұлақ а.о.
2958;2957;154839100;Бұлақты а.
2959;2957;154839600;Миялыкөл а.
2960;2933;154841000;Еңбек а.о.
2961;2960;154841100;Сағашилі а.
2962;2961;154841104;Жетінші ауыл қыстауы
2963;2961;154841105;Жалғыз ағаш қыстауы
2964;2960;154841200;Басшилі а.
2965;2960;154841880;Темір көпір ст.
2966;2960;154841900;Тепсен Қарабұлақ а.
2967;2933;154843000;Құдайберген Жұбанов атын.а.о.
2968;2967;154843100;Қаракөл а.
2969;2968;154843109;Атайсайы заимка
2970;2968;154843111;Қаралатсай қыстауы
2971;2968;154843112;Ордашқора қыстауы
2972;2968;154843113;Амансай қыстауы
2973;2967;154843200;Жаңатұрмыс а.
2974;2933;154845000;Жұрын а.о.
2975;2974;154845100;Жұрын а.
2976;2975;154845108;Аманкелді қыстауы
2977;2974;154845300;Көбелей а.
2978;2974;154845400;Көлденең Темір а.
2979;2974;154845600;рзд.53
2980;2933;154847000;Қайыңды а.о.
2981;2980;154847100;Қайыңды а.
2982;2980;154847300;Алтынды а.
2983;2933;154851000;Құмжарған а.о.
2984;2983;154851100;Бірлік а.
2985;2983;154851300;Құмсай а.
2986;2985;154851307;Құдық бекеті
2987;2983;154851400;Құмжарған а.
2988;2933;154855000;Құмсай а.о.
2989;2988;154855100;Құмсай а.
2990;2933;154857000;Мұғалжар а.о.
2991;2990;154857100;Мұғалжар а.
2992;2991;154857105;Қырғыз бекеті
2993;2991;154857106;рзд.57
2994;2933;154865000;Талдысай а.о.
2995;2994;154865100;Талдысай а.
2996;2995;154865104;Ешкібаз мекені
2997;2994;154865400;Еңбек а.
2998;2997;154865407;Шокімбаз қыстауы
2999;2610;155200000;Ойыл ауданы
3000;2999;155230000;Ойыл а.о.
3001;3000;155230100;Ойыл а.
3002;3001;155230102;Доброво қыстауы
3003;3001;155230103;Қамысбаз қыстауы
3004;3001;155230104;Кералы қыстауы
3005;3001;155230105;Миқол қыстауы
3006;3001;155230106;Сарат қыстауы
3007;3001;155230107;Тоғыз үй қыстауы
3008;3001;155230108;Ащықара қыстауы
3009;3001;155230109;Еңсеген қыстауы
3010;3001;155230111;Тайлақбай қыстауы
3011;3001;155230112;Ащысай қыстауы
3012;3001;155230113;Сегізсай қыстауы
3013;3001;155230114;Талтоғай қыстауы
3014;3000;155230200;Ақшатау а.
3015;3000;155230300;Екпетал а.
3016;3000;155230400;Қаракемер а.
3017;2999;155235000;Қайыңды а.о.
3018;3017;155235100;Ақжар а.
3019;3017;155235300;Көсембай а.
3020;2999;155237000;Қараой а.о.
3021;3020;155237100;Қараой а.
3022;3020;155237300;Құбасай а.
3023;2999;155239000;Ш.Берсиев атын. а.о.
3024;3023;155239100;Қаратал а.
3025;3024;155239104;Тұралы қыстауы
3026;3024;155239105;Тереңқұдық қыстауы
3027;3024;155239106;Сарықолқа қыстауы
3028;3024;155239107;Ринат қыстауы
3029;3024;155239108;Нұртәжі қыстауы
3030;3024;155239109;Байбеке қыстауы
3031;3024;155239111;Ақ үй қыстауы
3032;3024;155239112;Ұштамақ қыстауы
3033;3024;155239113;Ұшкатты қыстауы
3034;3024;155239114;Қияқты қыстауы
3035;3024;155239115;Құмсай қыстауы
3036;3024;155239116;Қарғатұяқ қыстауы
3037;3024;155239117;Қырқым қыстауы
3038;3024;155239118;Кіші кемер қыстауы
3039;3024;155239119;Көздікол қыстауы
3040;3024;155239121;Кемерші қыстауы
3041;3024;155239122;Жаңаталап қыстауы
3042;3024;155239123;Шанке қыстауы
3043;3023;155239200;Қарасу а.
3044;3023;155239300;Құмжарған а.
3045;2999;155243000;Көптоғай а.о.
3046;3045;155243100;Көптоғай а.
3047;3046;155243105;Індісай қыстауы
3048;3046;155243106;Ақсай қыстауы
3049;3046;155243107;Бисебай қыстауы
3050;3046;155243108;Ешкібаз қыстауы
3051;3046;155243109;Жалғызшағыл қыстауы
3052;3046;155243111;Жаңабаз қыстауы
3053;3046;155243112;Жыланбас қыстауы
3054;3046;155243113;Ойылбаз қыстауы
3055;3046;155243114;Шатпа-3 қыстауы
3056;3046;155243115;Шижаға қыстауы
3057;3046;155243116;Қарасу қыстауы
3058;3046;155243117;Қоңырсай қыстауы
3059;3046;155243118;Қоңыртоғай қыстауы
3060;3046;155243119;Құмақсай қыстауы
3061;3046;155243121;Алғабас қыстауы
3062;3046;155243122;Тартоғай қыстауы
3063;3046;155243123;Шибұлақ қыстауы
3064;3046;155243124;Таушан қыстауы
3065;3045;155243200;Аманкелді а.
3066;3045;155243300;Қарасу а.
3067;3045;155243400;Шубарши а.
3068;2999;155245000;Саралжың а.о.
3069;3068;155245100;Кемер а.
3070;3068;155245200;Ақкемер а.
3071;3070;155245205;Қарақұыс қыстауы
3072;3068;155245300;Бестамақ а.
3073;3068;155245400;Қоңырат а.
3074;3068;155245500;Шиқұдық а.
3075;2999;155247000;Сарыбие а.о.
3076;3075;155247100;Сарыбие а.
3077;3076;155247104;Үшқарасу қыстауы
3078;3076;155247105;Саралжын қыстауы
3079;3076;155247106;Жүндібай қыстауы
3080;3076;155247107;Жаңабаз қыстауы
3081;3076;155247108;Боқтыарал қыстауы
3082;3075;155247200;Қаракөл а.
3083;2610;155600000;Темір ауданы
3084;3083;155621000;Темір қ.ә.
3085;3084;155621100;Темір қ.
3086;3084;155621200;Жамбыл а.
3087;3083;155630000;Шұбарқұдық а.о.
3088;3087;155630100;Шұбарқұдық к.
3089;3083;155632000;Ақсай а.о.
3090;3089;155632100;Ақсай а.
3091;3090;155632103;Ақжар мекені
3092;3090;155632104;Бадамша қыстауы
3093;3090;155632107;Қондайбаз қыстауы
3094;3090;155632108;Сарытөбе мекені
3095;3090;155632114;Еділсай қыстауы
3096;3090;155632115;Ермекбай қыстауы
3097;3090;155632116;Жаңабаз қыстауы
3098;3090;155632117;Қаржаубаз қыстауы
3099;3090;155632118;Ойылбаз қыстауы
3100;3090;155632119;Сүлікті қыстауы
3101;3090;155632121;Тарттоғай қыстауы
3102;3089;155632200;Ащысай а.
3103;3089;155632300;Бірлік а.
3104;3103;155632302;Игібай мекені
3105;3103;155632303;Құмды мекені
3106;3089;155632500;Шығырлы а.
3107;3083;155633000;Алтықарасу а.о.
3108;3107;155633100;Алтықарасу а.
3109;3108;155633103;Баспақбаз мекені
3110;3108;155633106;Есенбай қыстауы
3111;3108;155633108;Қалмен мекені
3112;3108;155633111;Құмды мекені
3113;3108;155633112;Тасқабақ мекені
3114;3107;155633300;Еңбекші а.
3115;3114;155633304;Шығырлы мекені
3116;3114;155633305;Мәрі қыстауы
3117;3114;155633306;Ақтоғай қыстауы
3118;3107;155633400;Сарытоғай а.
3119;3118;155633403;Күйгенбаз мекені
3120;3118;155633406;Таскемер қыстауы
3121;3083;155637000;Қайыңды а.о.
3122;3121;155637100;Құмқұдық а.
3123;3122;155637102;Құмқұдық қыстауы
3124;3122;155637103;Сарыкемер қыстауы
3125;3121;155637200;Бабатай а.
3126;3125;155637202;Жаңатан қыстауы
3127;3125;155637203;Молбай қыстауы
3128;3121;155637300;Шибұлақ а.
3129;3128;155637302;Сағабаз қыстауы
3130;3083;155639000;Кеңқияқ а.о.
3131;3130;155639100;Кеңқияқ а.
3132;3130;155639200;Бәшенкөл а.
3133;3132;155639202;Әшекей қыстауы
3134;3083;155641000;Кеңесту а.о.
3135;3134;155641100;Қопа а.
3136;3135;155641103;Қызылқұдық қыстауы
3137;3135;155641105;Төс қыстауы
3138;3134;155641300;Қалмаққырылған ст.
3139;3134;155641600;Шитүбек а.
3140;3083;155642000;Сарыкөл а.о.
3141;3140;155642100;Шұбарши к.
3142;3140;155642400;Қопа а.
3143;3142;155642402;Боқтықарын қыстауы
3144;3142;155642406;Мәтен қыстауы
3145;3142;155642407;Қарағанды қыстауы
3146;3142;155642408;Мәжит қыстауы
3147;3140;155642500;Құмсай а.
3148;3147;155642503;Қарақойшы қыстауы
3149;3083;155643000;Тасқопа а.о.
3150;3149;155643100;Тасқопа а.
3151;3150;155643105;Қызылжар мекені
3152;3150;155643114;Ортабаз қыстауы
3153;3150;155643116;Ортабаз мекені
3154;3083;155645000;Жақсымай а.о.
3155;3154;155645100;Шұбарқұдық а.
3156;3154;155645300;Жақсымай ст.
3157;2610;156000000;Хромтау ауданы
3158;3157;156020100;Хромтау қ.
3159;3157;156033000;Абай а.о.
3160;3159;156033100;Абай а.
3161;3159;156033800;Тассай а.
3162;3157;156035000;Бөгетсай а.о.
3163;3162;156035100;Бөгетсай а.
3164;3162;156035400;Қарлау а.
3165;3157;156036000;Дөң а.о.
3166;3165;156036100;Дөң а.
3167;3165;156036600;Оңғар а.
3168;3157;156037000;Көктөбе а.о.
3169;3168;156037100;Майтөбе а.
3170;3168;156037500;Көктерек а.
3171;3157;156039000;Аққұдық а.о.
3172;3171;156039100;Аққұдық а.
3173;3157;156040000;Көктау а.о.
3174;3173;156040100;Көктау а.
3175;3157;156041000;Қопа а.о.
3176;3175;156041100;Қопа а.
3177;3175;156041400;Тамды а.
3178;3157;156043000;Құдықсай а.о.
3179;3178;156043100;Құдықсай а.
3180;3178;156043500;Ойсылқара а.
3181;3157;156045000;Қызылсу а.о.
3182;3181;156045100;Сарысай а.
3183;3181;156045600;Қызылсу а.
3184;3157;156047000;Ақжар а.о.
3185;3184;156047100;Ақжар а.
3186;3185;156047104;Тұсқайыңсай қыстауы
3187;3184;156047500;Жазық ст.
3188;3157;156048000;Никельтау а.ә.
3189;3188;156048100;Никельтау а.
3190;3157;156049000;Табантал а.о.
3191;3190;156049100;Табантал а.
3192;3190;156049300;Жайлаусай а.
3193;3190;156049400;Көптоғай а.
3194;3157;156051000;Тассай а.о.
3195;3194;156051100;Тассай а.
3196;3194;156051400;Көкпекті а.
3197;3157;156053000;Тасөткел а.о.
3198;3197;156053100;Тасөткел а.
3199;3197;156053200;Ақбұлақ а.
3200;3197;156053300;Ақтасты а.
3201;2610;156400000;Шалқар ауданы
3202;3201;156420000;Шалқар қ.ә.
3203;3202;156420100;Шалқар қ.
3204;3201;156433000;Айшуақ а.о.
3205;3204;156433100;Бегімбет а.
3206;3205;156433102;Аққора мекені
3207;3205;156433103;Жаманқұм мекені
3208;3205;156433104;ГКС-11
3209;3205;156433105;Қаражиде мекені
3210;3205;156433106;Көзқора мекені
3211;3205;156433107;Миялы мекені
3212;3205;156433108;Оразымбет мекені
3213;3205;156433109;Прімбет мекені
3214;3205;156433111;Сарыапан мекені
3215;3205;156433112;Сорқұдық мекені
3216;3205;156433113;Талап мекені
3217;3205;156433115;Ақшақұдық мекені
3218;3205;156433116;Көкала мекені
3219;3205;156433117;Маташ мекені
3220;3205;156433118;Сейіл мекені
3221;3205;156433119;Тұз базасы
3222;3204;156433200;Есетата а.
3223;3222;156433203;Бектемір базасы
3224;3222;156433204;Бүйрек мекені
3225;3222;156433205;Жолқұдық мекені
3226;3222;156433206;Жаңабаз мекені
3227;3222;156433207;Кішікөл мекені
3228;3222;156433208;Найзакесен мекені
3229;3222;156433209;Сарыұста мекені
3230;3222;156433211;Сынтас 1 мекені
3231;3222;156433212;Сынтас 2 мекені
3232;3222;156433213;Сынтас 3 мекені
3233;3222;156433214;Сынтас 4 мекені
3234;3222;156433215;Тастықорған мекені
3235;3201;156435000;Ақтоғай а.о.
3236;3235;156435100;Қотыртас а.
3237;3236;156435106;Қауылжыр ст.
3238;3235;156435200;Ақтан батыр ат.ауыл
3239;3235;156435300;Қорғанжар а.
3240;3201;156437000;Бозой а.о.
3241;3240;156437100;Бозой а.
3242;3241;156437102;Әлібек мекені
3243;3241;156437103;Жақсыбай мекені
3244;3241;156437104;Жолқұдық мекені
3245;3241;156437105;Қараноғай мекені
3246;3241;156437106;Күйгенбаз мекені
3247;3241;156437107;Қызғалдақ мекені
3248;3241;156437108;Латипшеріп мекені
3249;3241;156437109;Тасқора мекені
3250;3241;156437111;Томарқұдық мекені
3251;3241;156437112;Шаштыбай мекені
3252;3240;156437200;Қаңбақты а.
3253;3252;156437202;Алтынқұдық мекені
3254;3252;156437203;Бақанды мекені
3255;3252;156437204;Қаратөбе мекені
3256;3252;156437205;Нарегей мекені
3257;3252;156437206;Сағымбай мекені
3258;3252;156437207;Смағұл мекені
3259;3252;156437208;Тасқора мекені
3260;3252;156437209;Хан мекені
3261;3201;156438000;Бершүгір а.о.
3262;3261;156438100;Біршоғыр а.
3263;3261;156438200;Алабас а.
3264;3261;156438400;Сарысай а.
3265;3201;156439000;Есет Көтібаров атын.а.о.
3266;3265;156439100;Байқадам а.
3267;3266;156439102;Ақбұлақ мекені
3268;3266;156439103;Бекет мекені
3269;3266;156439104;Бозкөл мекені
3270;3266;156439105;Итжемес мекені
3271;3266;156439106;Күнгей мекені
3272;3266;156439107;Күлет мекені
3273;3266;156439108;Маяқұм мекені
3274;3266;156439109;Сарытабан мекені
3275;3266;156439111;Сәкі 1 мекені
3276;3266;156439112;Сәкі 2 мекені
3277;3266;156439113;Танашхан мекені
3278;3266;156439114;Ұштаған 1 мекені
3279;3266;156439115;Ұштаған 2 мекені
3280;3266;156439116;Шағылқұдық мекені
3281;3266;156439117;Әлімбет мекені
3282;3266;156439118;Айжарқын мекені
3283;3266;156439119;Бақтыбай мекені
3284;3266;156439121;Ғаббас мекені
3285;3266;156439122;Жаманшілі мекені
3286;3266;156439123;Қарабұлақ мекені
3287;3266;156439124;Қияқты мекені
3288;3266;156439125;Қызылбұрыш мекені
3289;3266;156439126;Сасықкөл мекені
3290;3266;156439127;Шұқыр мекені
3291;3201;156441000;Жаңақоныс а.о.
3292;3291;156441100;Аққайтым а.
3293;3292;156441102;Ақши мекені
3294;3292;156441103;Астаушы мекені
3295;3292;156441104;Бақберген мекені
3296;3292;156441105;Жиделкүзен мекені
3297;3292;156441106;Жүндіқұдық мекені
3298;3292;156441107;Итжемес мекені
3299;3292;156441108;Қабырға мекені
3300;3292;156441109;Қонысбай мекені
3301;3292;156441111;Қойынбай мекені
3302;3292;156441112;Күйгелек мекені
3303;3292;156441113;Маяк мекені
3304;3292;156441114;Мешелқара мекені
3305;3292;156441115;Сарытабан 8 мекені
3306;3292;156441116;Сарытабан 10 мекені
3307;3292;156441117;Сарықуыс мекені
3308;3292;156441118;Ойыл мекені
3309;3292;156441119;Тәжіқоңыр мекені
3310;3292;156441121;Тентнесары мекені
3311;3292;156441122;Тұзбазасы мекені
3312;3292;156441123;Тышқандықұдық мекені
3313;3291;156441200;Қопасор а.
3314;3313;156441202;Мәжік мекені
3315;3313;156441203;Жаңабаз мекені
3316;3313;156441204;Жомарт мекені
3317;3313;156441205;Тасүйген мекені
3318;3313;156441206;Томарқұдық мекені
3319;3313;156441207;Тоқтантұз мекені
3320;3201;156442000;Кішіқұм а.о.
3321;3320;156442100;Шілікті а.
3322;3321;156442102;Ақтам мекені
3323;3321;156442103;Ақпан 1 мекені
3324;3321;156442104;Акпан 2 мекені
3325;3321;156442105;Ащықұдық мекені
3326;3321;156442106;Аққұдық мекені
3327;3321;156442107;Астаусор мекені
3328;3321;156442108;Бөлеген мекені
3329;3321;156442109;Жалаулы мекені
3330;3321;156442111;Жаппас мекені
3331;3321;156442112;Жолымет мекені
3332;3321;156442113;Килібай мекені
3333;3321;156442114;Кекрелі мекені
3334;3321;156442115;Қарақұдық мекені
3335;3321;156442116;Құрмыш мекені
3336;3321;156442117;Қолқұдық мекені
3337;3321;156442118;Мешіт мекені
3338;3321;156442119;Мұрынқұм мекені
3339;3321;156442121;Меңдікөл мекені
3340;3321;156442122;Сарытепсен мекені
3341;3321;156442123;Сарыбас мекені
3342;3321;156442124;Самбай мекені
3343;3321;156442125;Тәжірибе мекені
3344;3321;156442126;Талқора мекені
3345;3321;156442127;Тепсен мекені
3346;3321;156442128;Тілекқұл мекені
3347;3321;156442129;Түзгенді мекені
3348;3321;156442131;Трасса мекені
3349;3320;156442200;Ақеспе а.
3350;3320;156442300;Қарашоқат а.
3351;3320;156442800;Шоқысу а.
3352;3201;156443000;Қауылжыр а.о.
3353;3352;156443100;Қауылжыр а.
3354;3353;156443105;Сарышоқы қыстауы
3355;3353;156443106;Ащысай мекені
3356;3353;156443107;Жалғызқұдық мекені
3357;3353;156443108;Қарабұлақ мекені
3358;3353;156443109;Сайқұдық мекені
3359;3353;156443111;Тұз қыстауы
3360;3352;156443880;Соленый ст.
3361;3352;156443900;Ұлпан а.
3362;3201;156444000;Мөңке би а.о.
3363;3362;156444100;Мөңке би а.
3364;3363;156444105;Ақмолалыкөл мекені
3365;3363;156444106;Жалшоқты мекені
3366;3363;156444107;Жиде мекені
3367;3363;156444108;Қарашеген мекені
3368;3363;156444109;Құдайкөл мекені
3369;3363;156444111;Құмшоқат мекені
3370;3363;156444112;Қызылкеспе мекені
3371;3363;156444113;Саралжылдысу мекені
3372;3363;156444114;Тасқара мекені
3373;3363;156444115;Түгіскен мекені
3374;3363;156444116;Қабыкөл мекені
3375;3363;156444117;Құдық мекені
3376;3363;156444118;Сүттікөл мекені
3377;3363;156444119;Талдықұдық мекені
3378;3363;156444121;Ұялыкөл мекені
3379;3201;156445000;Тоғыз а.о.
3380;3379;156445100;Тоғыз а.
3381;3379;156445200;Жылан а.
3382;3381;156445280;Көпмола а.
3383;3379;156445400;Кеңдала а.
3384;3379;156445600;Төсбұлақ а.
3385;3201;156447000;Шалқар а.о.
3386;3385;156447100;Жылтыр а.
3387;3386;156447102;Ақойма мекені
3388;3386;156447103;Ақтөбек мекені
3389;3386;156447104;Ебес мекені
3390;3386;156447105;Ережеп мекені
3391;3386;156447106;Жазықбай мекені
3392;3386;156447107;Қарағайлы мекені
3393;3386;156447108;Қаратал мекені
3394;3386;156447109;Қаражиде мекені
3395;3386;156447111;Құтым мекені
3396;3386;156447114;Шұқыр мекені
3397;3386;156447116;Ақши мекені
3398;3386;156447117;Дамбар мекені
3399;3386;156447118;Дәулетияр мекені
3400;3386;156447119;Қамбаршы мекені
3401;3386;156447121;Маяқұм мекені
3402;3386;156447122;Мойынқұм мекені
3403;3386;156447123;Қойма мекені
3404;3386;156447124;Томарқұдық мекені
3405;3386;156447125;Тұз мекені
3406;3386;156447126;Шыңырау мекені
3407;3385;156447300;Талдықұм а.
3408;3407;156447302;Ащықұдық мекені
3409;3407;156447303;Аянқора мекені
3410;3407;156447304;Дәндібек мекені
3411;3407;156447305;Дүздібай мекені
3412;3407;156447306;Қадым мекені
3413;3407;156447307;Қанке мекені
3414;3407;156447308;Қаңбақты мекені
3415;3407;156447309;Қолқамыс мекені
3416;3407;156447311;Қияқты мекені
3417;3407;156447312;Мешіт мекені
3418;3407;156447313;Сызқара мекені
3419;3407;156447314;Ұтараралы мекені
3420;3407;156447315;Шиқұдық мекені
3421;3201;156451000;Шетырқыз а.о.
3422;3421;156451100;Қаратоғай а.
3423;3422;156451102;Көкпектікөл мекені
3424;3422;156451103;Қайыңды мекені
3425;3422;156451104;Қарасай мекені
3426;3422;156451105;Қызылжар мекені
3427;3422;156451106;Томан мекені
3428;3422;156451108;Көкжар мекені
3429;3422;156451109;Қопа мекені
3430;3421;156451200;Тұмалыкөл а.
3431;2610;156800000;Ырғыз ауданы
3432;3431;156830000;Ырғыз а.о.
3433;3432;156830100;Ырғыз а.
3434;3433;156830112;Есеншағыл қыстауы
3435;3432;156830200;Ақши а.
3436;3435;156830202;Ақши 1қыстауы
3437;3435;156830203;Ақши 2 қыстауы
3438;3432;156830300;Қалыбай а.
3439;3438;156830314;Манканай қыстауы
3440;3431;156835000;Аманкөл а.о.
3441;3440;156835100;Құтикөл а.
3442;3440;156835200;Аманкөл а.
3443;3440;156835300;Жарма а.
3444;3431;156837000;Жайсаңбай а.о.
3445;3444;156837100;Жайсаңбай а.
3446;3431;156839000;Құмтоғай а.о.
3447;3446;156839100;Құмтоғай а.
3448;3446;156839200;Қарақұдық а.
3449;3448;156839204;Жолғылау қыстауы
3450;3448;156839209;Үшпора 1 қыстауы
3451;3448;156839211;Үшпора 2 қыстауы
3452;3446;156839300;Қарасай а.
3453;3452;156839305;Сағымбай қыстауы
3454;3452;156839309;Басауыл қыстауы
3455;3431;156841000;Қызылжар а.о.
3456;3455;156841100;Құрылыс а.
3457;3456;156841108;Маймақ 1 қыстауы
3458;3456;156841118;Маймак 2 қыстауы
3459;3456;156841119;Костерек қыстауы
3460;3456;156841121;Жасталап қыстауы
3461;3455;156841200;Жаныс би а.
3462;3455;156841400;Шеңбертал а.
3463;3462;156841403;Сарыбас қыстауы
3464;3462;156841405;Ақбаз қыстауы
3465;3431;156843000;Нұра а.о.
3466;3465;156843100;Нұра а.
3467;3465;156843200;Белшер а.
3468;3465;156843300;Дүкен а.
3469;3465;156843400;Мамыр а.
3470;3469;156843405;Еркөбек қыстауы
3471;3431;156845000;Тәуіп а.о.
3472;3471;156845100;Құйылыс а.
3473;3472;156845106;Құрманбай қыстауы
3474;3472;156845107;Балғабай қыстауы
3475;3472;156845108;Көздіқара қыстауы
3476;3472;156845109;Көлтай қыстауы
3477;3472;156845111;Жаршеңгел қыстауы
3478;3472;156845112;Герой қыстауы
3479;3472;156845113;Түктіғұл қыстауы
3480;3472;156845114;Махамбет қыстауы
3481;3472;156845115;Ақөткел қыстауы
3482;3472;156845116;Жалғасшөккен қыстауы
3483;0;190000000;Алматы облысы
3484;3483;191000000;Қонаев Қ.Ә.
3485;3484;191010000;Қонаев қ.
3486;3484;191037000;Шеңгелді а.о.
3487;3486;191037100;Шеңгелді а.
3488;3487;191037102;Әскери қалашық
3489;3487;191037103;Демалыс аймағы
3490;3487;191037104;Металлург емдеу-сауықтыру орны
3491;3486;191037200;Ақөзек а.
3492;3486;191037300;рзд.Бөктер
3493;3486;191037400;Кербұлақ а.
3494;3486;191037500;рзд.Құлантөбе
3495;3486;191037600;Қосқұдық ст.
3496;3486;191037700;Сарыбұлақ а.
3497;3486;191037800;рзд.Тасқұм
3498;3486;191037900;Шолақ а.
3499;3483;191800000;Алатау Қ.Ә.
3500;3499;191810000;Алатау қ.
3501;3483;193600000;Балқаш ауданы
3502;3501;193630000;Бақанас а.о.
3503;3502;193630100;Бақанас а.
3504;3503;193630102;Ботаникалық бау-бақша
3505;3502;193630200;Бояулы а.
3506;3505;193630206;ЛХПП өсіруорны
3507;3505;193630209;Шыңғысхан шарқож
3508;3502;193630300;Үшжарма а.
3509;3501;193633000;Ақдала а.о.
3510;3509;193633100;Ақдала а.
3511;3510;193633106;Алияр шарқож
3512;3510;193633111;Әуежай
3513;3510;193633119;Ерлан шарқож
3514;3510;193633127;Рассвет шарқож
3515;3501;193635000;Ақжар а.о.
3516;3515;193635100;Ақжар а.
3517;3515;193635200;Аралтөбе а.
3518;3517;193635202;Аралтөбе 1 шарқож
3519;3517;193635203;Аралтөбе 2 шарқож
3520;3501;193637000;Ақкөл а.о.
3521;3520;193637100;Ақкөл а.
3522;3521;193637102;Балықпункт 6
3523;3521;193637105;Қазсауда
3524;3521;193637108;Суөлшеуіш
3525;3520;193637200;Көкжиде а.
3526;3501;193643000;Бақбақты а.о.
3527;3526;193643100;Бақбақты а.
3528;3501;193645000;Береке а.о.
3529;3528;193645100;Береке а.
3530;3528;193645200;Бура а.
3531;3501;193647000;Бірлік а.о.
3532;3531;193647100;Бірлік а.
3533;3532;193647108;Жармұқаш шарқож
3534;3532;193647112;Толқынбеков шарқож
3535;3501;193649000;Желтораңғы а.о.
3536;3535;193649100;Желтораңғы а.
3537;3535;193649200;Қасқаөгіз а.
3538;3537;193649203;Қасқаөгіз 1 уч.
3539;3501;193653000;Жиделі а.о.
3540;3539;193653100;Жиделі а.
3541;3539;193653400;Қошқарбай а.
3542;3539;193653500;Орақты батыр а.
3543;3501;193655000;Көктал а.о.
3544;3543;193655100;Көктал а.
3545;3544;193655123;Қызылбаз шарқож
3546;3544;193655124;Қырбас-Жарбас шарқож
3547;3544;193655129;Ата мекен шарқож
3548;3543;193655300;Қоскүмбез а.
3549;3501;193657000;Қараой а.о.
3550;3549;193657100;Қараой а.
3551;3549;193657200;Аралқұм а.
3552;3549;193657300;Арқар а.
3553;3501;193659000;Балатопар а.о.
3554;3553;193659100;Балатопар а.
3555;3554;193659123;Ақбайлау уч.
3556;3553;193659300;Ақдала а.
3557;3501;193663000;Миялы а.о.
3558;3557;193663100;Миялы а.
3559;3501;193665000;Құйған а.о.
3560;3559;193665100;Құйған а.
3561;3559;193665200;Қараөзек а.
3562;3501;193667000;Топар а.о.
3563;3562;193667100;Топар а.
3564;3483;194000000;Еңбекшіқазақ ауданы
3565;3564;194020000;Есік қ.ә.
3566;3565;194020100;Есік қ.
3567;3564;194033000;Ават а.о.
3568;3567;194033100;Ават а.
3569;3564;194035000;Ақши а.о.
3570;3569;194035100;Ақши а.
3571;3569;194035200;Қазатком а.
3572;3569;194035300;Қайрат а.
3573;3569;194035500;Сазы а.
3574;3564;194037000;Асы а.о.
3575;3574;194037100;Қызылшарық а.
3576;3574;194037200;Асы-Саға а.
3577;3574;194037300;Диқан а.
3578;3574;194037400;Жаңашаруа а.
3579;3574;194037500;Қайрат а.
3580;3574;194037700;Сарытау а.
3581;3574;194037800;Таусүгір а.
3582;3564;194039000;Балтабай а.о.
3583;3582;194039100;Балтабай а.
3584;3583;194039102;МТФ 2
3585;3582;194039200;Ақбастау а.
3586;3582;194039300;Ақтоғай а.
3587;3582;194039400;Бірлік а.
3588;3582;194039500;Еңбек а.
3589;3582;194039600;Күш а.
3590;3582;194039700;Өрнек а.
3591;3564;194041000;Бөлек а.о.
3592;3591;194041100;Бөлек а.
3593;3591;194041200;Аймен а.
3594;3591;194041300;Қарасай а.
3595;3564;194043000;Бәйдібек би а.о.
3596;3595;194043100;Бәйдібек би а.
3597;3564;194047000;Жаңашар а.о.
3598;3597;194047100;Жаңашар а.
3599;3597;194047200;Базаркелді а.
3600;3597;194047300;Космос а.
3601;3564;194049000;Көктөбе а.о.
3602;3601;194049100;Қызылжар а.
3603;3601;194049200;Алмалы а.
3604;3601;194049300;Көктөбе а.
3605;3601;194049400;Төле би а.
3606;3564;194051000;Қазақстан а.о.
3607;3606;194051100;Қазақстан а.
3608;3606;194051200;Ащыбұлақ а.
3609;3606;194051300;Ж.Қайыпов атын.а.
3610;3564;194053000;Қаражота а.о.
3611;3610;194053100;Қаражота а.
3612;3611;194053102;Бабатоган уч.
3613;3611;194053103;Ақтұма уч.
3614;3610;194053200;Ақтоған а.
3615;3610;194053300;Сарыбұлақ а.
3616;3615;194053303;Бесбаз уч.
3617;3615;194053304;Диірменбаз уч.
3618;3564;194055000;Қаракемер а.о.
3619;3618;194055100;Қаракемер а.
3620;3618;194055200;Сатай а.
3621;3618;194055300;Талдыбұлақ а.
3622;3564;194057000;Қаратұрық а.о.
3623;3622;194057100;Қаратұрық а.
3624;3622;194057200;Ащысай а.
3625;3622;194057300;Достық а.
3626;3622;194057400;Лавар а.
3627;3622;194057500;Арна а.
3628;3622;194057600;Тауқаратұрық а.
3629;3628;194057603;Бұрандасу уч.
3630;3628;194057604;Сарыбұлақ уч.
3631;3564;194059000;Қорам а.о.
3632;3631;194059100;Қорам а.
3633;3564;194063000;Қырбалтабай а.о.
3634;3633;194063100;Қырбалтабай а.
3635;3633;194063200;Ақжал а.
3636;3633;194063300;Екпінді а.
3637;3633;194063400;Қайнар а.
3638;3633;194063500;Шалқар а.
3639;3564;194064000;Малыбай а.о.
3640;3639;194064100;Малыбай а.
3641;3564;194065000;Масақ а.о.
3642;3641;194065100;Қазтай Ұлтарақов а.
3643;3641;194065200;Нұрлы а.
3644;3564;194067000;Бәйтерек а.о.
3645;3644;194067100;Бәйтерек а.
3646;3644;194067200;Алға а.
3647;3644;194067300;Қойшыбек а.
3648;3564;194069000;Сөгеті а.о.
3649;3648;194069100;Нұра а.
3650;3648;194069200;Көкпек а.
3651;3564;194071000;Бартоғай а.о.
3652;3651;194071100;Хұсайын Бижанов а.
3653;3651;194071200;Байсейіт а.
3654;3564;194073000;Рахат а.о.
3655;3654;194073100;Қайназар а.
3656;3654;194073200;Азат а.
3657;3654;194073300;Өрікті а.
3658;3654;194073400;Рахат а.
3659;3564;194075000;Саймасай а.о.
3660;3659;194075100;Саймасай а.
3661;3659;194075200;Амангелді а.
3662;3564;194077000;Ташкенсаз а.о.
3663;3662;194077100;Ташкенсаз а.
3664;3662;194077200;Баяндай а.
3665;3662;194077300;Құлжа а.
3666;3564;194079000;Тескенсу а.о.
3667;3666;194079100;Тескенсу а.
3668;3666;194079200;Көлді а.
3669;3666;194079300;Толқын а.
3670;3564;194081000;Түрген а.о.
3671;3670;194081100;Түрген а.
3672;3671;194081104;Форель шаруашылығы
3673;3670;194081200;Таутүрген а.
3674;3564;194083000;Шелек а.о.
3675;3674;194083100;Шелек а.
3676;3674;194083200;Майское а.
3677;3674;194083300;Торғайбаза а.
3678;3483;194200000;Жамбыл ауданы
3679;3678;194230000;Ұзынағаш а.о.
3680;3679;194230100;Ұзынағаш а.
3681;3679;194230200;Жаңақұрылыс а.
3682;3679;194230300;Ынтымақ а.
3683;3678;194233000;Айдарлы а.о.
3684;3683;194233100;Айдарлы а.
3685;3678;194235000;Аққайнар а.о.
3686;3685;194235100;Аққайнар а.
3687;3678;194237000;Ақсеңгір а.о.
3688;3687;194237100;Ақсеңгір а.
3689;3687;194237200;Жайсаң а.
3690;3687;194237300;Жиренайғыр а.
3691;3687;194237400;Көкдала а.
3692;3678;194239000;Ақтерек а.о.
3693;3692;194239100;Ақтерек а.
3694;3692;194239200;Арқарлы а.
3695;3678;194241000;Беріктас а.о.
3696;3695;194241100;Беріктас а.
3697;3678;194243000;Бозой а.о.
3698;3697;194243100;Бозой а.
3699;3678;194245000;Дегерес а.о.
3700;3699;194245100;Дегерес а.
3701;3699;194245200;Бесмойнақ а.
3702;3699;194245300;Бұлақ а.
3703;3699;194245400;Қараарша а.
3704;3699;194245500;Сұңқар а.
3705;3678;194247000;Жамбыл а.о.
3706;3705;194247100;Жамбыл а.
3707;3705;194247200;Бірлік а.
3708;3705;194247300;Сауырық батыр а.
3709;3705;194247400;Қызыләскер а.
3710;3678;194251000;Қарақастек а.о.
3711;3710;194251100;Қарақастек а.
3712;3710;194251200;Бұрған а.
3713;3710;194251300;Үшбұлақ а.
3714;3678;194253000;Қарасу а.о.
3715;3714;194253100;Сарыбай би а.
3716;3714;194253200;Еңбекшіарал а.
3717;3714;194253300;Қайназар а.
3718;3714;194253400;Қарасай а.
3719;3714;194253500;Қызылсоқ а.
3720;3678;194255000;Мәтібұлақ а.о.
3721;3720;194255100;Мәтібұлақ а.
3722;3720;194255200;Таңбалытас а.
3723;3720;194255300;Еспе а.
3724;3720;194255400;Жайлау а.
3725;3720;194255500;Жартас а.
3726;3720;194255600;Қарабастау а.
3727;3720;194255700;Қызылтаң а.
3728;3720;194255800;Шилібастау а.
3729;3678;194257000;Мыңбаев а.о.
3730;3729;194257100;Мыңбаев а.
3731;3678;194259000;Самсы а.о.
3732;3731;194259100;Самсы а.
3733;3731;194259200;Қопа а.
3734;3731;194259300;Тарғап а.
3735;3678;194261000;Сарытауқұм а.о.
3736;3735;194261100;Ащысу а.
3737;3678;194263000;Талап а.о.
3738;3737;194263100;Сұраншы батыр а.
3739;3737;194263200;Қастек а.
3740;3678;194265000;Таран а.о.
3741;3740;194265100;Балғабек Қыдырбекұлы а.
3742;3678;194267000;Теміржол а.о.
3743;3742;194267100;Қазыбек бек ст.
3744;3678;194273000;Үлгілі а.о.
3745;3744;194273100;Үлгілі а.
3746;3744;194273300;Қаншеңгел а.
3747;3744;194273400;Саз ст.
3748;3678;194275000;Үлкен а.о.
3749;3748;194275100;Үлкен а.
3750;3678;194277000;Үңгіртас а.о.
3751;3750;194277100;Үңгіртас а.
3752;3750;194277200;Ақдала а.
3753;3750;194277300;Көкқайнар а.
3754;3750;194277400;Сарыбастау а.
3755;3678;194279000;Қарғалы а.о.
3756;3755;194279100;Қарғалы а.
3757;3678;194281000;Шиен а.о.
3758;3757;194281100;Шиен а.
3759;3757;194281200;Қоғамшыл а.
3760;3678;194283000;Шолаққарғалы а.о.
3761;3760;194283100;Үмбетәлі Кәрібаев а.
3762;3760;194283200;Қасымбек а.
3763;3760;194283300;Шолаққарғалы а.
3764;3483;194400000;Кеген ауданы
3765;3764;194430000;Кеген а.о.
3766;3765;194430100;Кеген а.
3767;3765;194430300;Темірлік а.
3768;3767;194430302;Темірлік уч.
3769;3765;194430400;Түменбай а.
3770;3764;194433000;Алғабас а.о.
3771;3770;194433100;Жаңаталап а.
3772;3771;194433102;Бөлекжар уч.
3773;3770;194433200;Алғабас а.
3774;3770;194433300;Жіңішке а.
3775;3764;194435000;Бөлексаз а.о.
3776;3775;194435100;Бөлексаз а.
3777;3776;194435102;Қосалқыстанса
3778;3776;194435103;Тышқанбаз уч.
3779;3764;194437000;Жалағаш а.о.
3780;3779;194437100;Жалағаш а.
3781;3780;194437102;Ағанас уч.
3782;3780;194437103;Тасбаз уч.
3783;3779;194437200;Жайдақбұлақ а.
3784;3783;194437202;Ортамерке уч.
3785;3779;194437300;Тоғызбұлақ а.
3786;3785;194437302;Ақтоғай уч.
3787;3785;194437303;Арал уч.
3788;3785;194437304;Жуантөбе уч.
3789;3785;194437305;Ортабаз уч.
3790;3785;194437306;Тасбаз уч.
3791;3785;194437307;Шетмерке уч.
3792;3764;194441000;Жылысай а.о.
3793;3792;194441100;Жылысай а.
3794;3793;194441102;Жылысай ж.
3795;3792;194441200;Мойнақ а.
3796;3795;194441202;Қолтықбастау ж.
3797;3792;194441300;Шыбышы а.
3798;3797;194441302;Шыбышы ж.
3799;3764;194449000;Қарабұлақ а.о.
3800;3799;194449100;Ақай Нүсіпбеков а.
3801;3799;194449300;Қарабұлақ а.
3802;3764;194453000;Қарқара а.о.
3803;3802;194453100;Қарқара а.
3804;3803;194453102;Жайылымдар
3805;3802;194453300;Ереуіл а.
3806;3802;194453500;Мыңжылқы а.
3807;3764;194461000;Саты а.о.
3808;3807;194461100;Саты а.
3809;3808;194461102;Аржақ уч.
3810;3808;194461103;Көлсай уч.
3811;3808;194461104;Сатынакіші уч.
3812;3807;194461200;Құрметі а.
3813;3812;194461202;Майбұлақ уч.
3814;3812;194461203;Сейсмостанция уч.
3815;3764;194465000;Тасашы а.о.
3816;3815;194465100;Жаңатасашы а.
3817;3815;194465200;Ақтасты а.
3818;3815;194465300;Тасашы а.
3819;3815;194465400;Сарыкөл а.
3820;3764;194471000;Тұйық а.о.
3821;3820;194471100;Тұйық а.
3822;3821;194471102;Көктас 1 шекарасы
3823;3821;194471103;Шекара 2
3824;3821;194471104;Шекара 3
3825;3821;194471105;Шекара 4
3826;3764;194473000;Ұзынбұлақ а.о
3827;3826;194473100;Ұзынбұлақ а.
3828;3827;194473102;Аласа уч.
3829;3827;194473103;Көртоғай уч.
3830;3827;194473104;Шөпқоймасы уч.
3831;3826;194473200;Ақсай а.
3832;3831;194473202;Аласа уч.
3833;3831;194473203;Қайқы уч.
3834;3831;194473204;Темірлік уч.
3835;3826;194473300;Жалаулы а.
3836;3835;194473302;Аққамба уч.
3837;3835;194473303;Мал отарлары уч.
3838;3835;194473304;Шөпқоймасы уч.
3839;3764;194477000;Шырғанақ а.о
3840;3839;194477100;Шырғанақ а.
3841;3839;194477200;Кеңсу а.
3842;3839;194477300;Көкпияз а.
3843;3839;194477400;Қарқара а.
3844;3839;194477500;Қызылжар а.
3845;3839;194477600;Талды а.
3846;3483;195200000;Қарасай ауданы
3847;3846;195220000;Қаскелең қ.ә.
3848;3847;195220100;Қаскелең қ.
3849;3847;195220300;Көктөбе а.
3850;3846;195231000;Әйтей а.о.
3851;3850;195231100;Әйтей а.
3852;3851;195231102;Орманшар
3853;3850;195231300;Еңбекші а.
3854;3850;195231400;Құмарал а.
3855;3850;195231600;Сауыншы а.
3856;3850;195231700;Үштерек а.
3857;3846;195233000;Елтай а.о.
3858;3857;195233100;Береке а.
3859;3858;195233180;Ақсеңгір а.
3860;3857;195233200;Елтай а.
3861;3857;195233300;Жармұхамбет а.
3862;3857;195233400;Исаево а.
3863;3857;195233500;Көкөзек а.
3864;3857;195233600;Қаратөбе а.
3865;3857;195233800;Көктоған а.
3866;3857;195233900;рзд.71
3867;3846;195234000;Жамбыл а.о.
3868;3867;195234100;Жамбыл а.
3869;3867;195234300;Батан а.
3870;3867;195234400;Қошмәмбет а.
3871;3870;195234403;МТФ
3872;3870;195234404;Пионерлагер
3873;3870;195234405;УОС бөгеті К-26
3874;3867;195234700;Ұлан а.
3875;3846;195235000;Жандосов а.о.
3876;3875;195235100;Жандосов а.
3877;3875;195235200;Қайрат а.
3878;3875;195235300;Шалқар а.
3879;3846;195237000;Жібек жолы а.о.
3880;3879;195237100;Жібек жолы а.
3881;3880;195237103;Шекара орманшар
3882;3879;195237200;Жыңғылды а.
3883;3879;195237300;Көліащы а.
3884;3883;195237304;МТФ Қошмәмбет
3885;3879;195237500;Құрқұдық а.
3886;3879;195237700;Тұрар а.
3887;3886;195237702;МТФ Тұрар
3888;3846;195247000;Іргелі а.о.
3889;3888;195247100;Іргелі а.
3890;3888;195247200;Кемертоған а.
3891;3890;195247202;МТФ
3892;3888;195247400;Көксай а.
3893;3846;195249000;Первомай а.о.
3894;3893;195249100;Бекболат Әшекеев а.
3895;3893;195249200;Қайнар а.
3896;3893;195249300;Сауыншы а.
3897;3846;195253000;Райымбек а.о.
3898;3897;195253100;Райымбек а.
3899;3898;195253103;Сүт кешені
3900;3897;195253200;Абай а.
3901;3897;195253300;Долан а.
3902;3901;195253302;МТФ-2-7
3903;3897;195253400;Құмтоған а.
3904;3897;195253500;Қырғауылды а.
3905;3897;195253600;Бұлақты а.
3906;3897;195253700;Жаңатұрмыс а.
3907;3846;195255000;Ұмтыл а.о.
3908;3907;195255100;Жалпақсай а.
3909;3908;195255103;МТФ-1
3910;3908;195255105;Сорғы бригадасы 1
3911;3907;195255200;Алмалыбақ а.
3912;3907;195255400;Көлді а.
3913;3907;195255500;Мерей а.
3914;3846;195259000;Шамалған а.о.
3915;3914;195259100;Шамалған а.
3916;3914;195259200;Айқым а.
3917;3483;195800000;Райымбек ауданы
3918;3917;195830000;Нарынқол а.о.
3919;3918;195830100;Нарынқол а.
3920;3919;195830102;Қызылүш уч.
3921;3919;195830103;Молкөкпек уч.
3922;3919;195830104;Турбаза уч.
3923;3918;195830200;Қостөбе а.
3924;3917;195839000;Жамбыл а.о.
3925;3924;195839100;Жамбыл а.
3926;3924;195839200;Қаратоған а.
3927;3917;195845000;Қайнар а.о.
3928;3927;195845100;Қайнар а.
3929;3928;195845102;ЛСП уч.
3930;3928;195845103;Сушаруашылығы
3931;3928;195845104;Тауықбаз уч.
3932;3917;195847000;Қақпақ а.о.
3933;3932;195847100;Қақпақ а.
3934;3933;195847102;Бригада 3
3935;3932;195847200;Көкбел а.
3936;3917;195851000;Қарасаз а.о.
3937;3936;195851100;Қарасаз а.
3938;3936;195851200;Тұзкөл а.
3939;3917;195857000;Ұзақ батыр а.о.
3940;3939;195857100;Сарыбастау а.
3941;3917;195859000;Сарыжаз а.о.
3942;3941;195859100;Сарыжаз а.
3943;3941;195859200;Ақбейіт а.
3944;3941;195859300;Көмірші а.
3945;3917;195863000;Сүмбе а.о.
3946;3945;195863100;Сүмбе а.
3947;3946;195863102;Жартас уч.
3948;3946;195863103;Күркүлдек уч.
3949;3946;195863104;Ойқарағай уч.
3950;3945;195863200;Қызылшекара а.
3951;3917;195867000;Тегістік а.о.
3952;3951;195867100;Тегістік а.
3953;3952;195867102;Бөктер уч.
3954;3952;195867103;Комсомол уч.
3955;3952;195867104;Қақпақ уч.
3956;3952;195867105;Лайлы уч.
3957;3952;195867106;Талдысай уч.
3958;3917;195869000;Текес а.о.
3959;3958;195869100;Текес а.
3960;3958;195869200;Жаңатекес а.
3961;3917;195875000;Шалкөде а.о
3962;3961;195875100;Шалкөде а.
3963;3962;195875102;Шопандар үйі
3964;3961;195875200;Талас а.
3965;3483;196200000;Талғар ауданы
3966;3965;196220000;Талғар қ.ә.
3967;3966;196220100;Талғар қ.
3968;3965;196233000;Алатау а.о.
3969;3968;196233100;Қызылқайрат а.
3970;3968;196233200;Алмалық а.
3971;3968;196233300;Алтындән а.
3972;3968;196233400;Амангелді а.
3973;3968;196233500;Байбұлақ а.
3974;3968;196233680;Береке а.
3975;3968;196233700;Орман а.
3976;3968;196233800;Рысқұлов а.
3977;3968;196233900;Шымбұлақ а.
3978;3965;196235000;Белбұлақ а.о.
3979;3978;196235100;Белбұлақ а.
3980;3978;196235200;Бірлік а.
3981;3978;196235300;Талдыбұлақ а.
3982;3965;196239000;Бесқайнар а.о.
3983;3982;196239100;Бесқайнар а.
3984;3982;196239300;Қотырбұлақ а.
3985;3965;196243000;Бесағаш а.о.
3986;3985;196243100;Бесағаш а.
3987;3985;196243200;Ақбұлақ а.
3988;3965;196245000;Тұздыбастау а.о.
3989;3988;196245100;Тұздыбастау а.
3990;3965;196247000;Қайнар а.о.
3991;3990;196247100;Еркін а.
3992;3990;196247300;Достық а.
3993;3992;196247380;Еламан а.
3994;3990;196247400;Жалқамыс а.
3995;3994;196247480;Жаңаарна а.
3996;3990;196247500;Жаңалық а.
3997;3996;196247580;Көктал а.
3998;3990;196247600;Қайнар а.
3999;3990;196247780;Сақтан а.
4000;3990;196247800;Тереңқара а.
4001;3965;196249000;Гүлдала а.о.
4002;4001;196249100;Гүлдала а.
4003;4001;196249500;Кіші Байсерке а.
4004;4001;196249600;Жаңа қуат а.
4005;3965;196253000;Панфилов а.о.
4006;4005;196253100;Панфилово а.
4007;4005;196253200;Арқабай а.
4008;4005;196253300;Каменское плато а.
4009;4005;196253400;Қарабұлақ а.
4010;4005;196253500;Жібек жолы а.
4011;4005;196253600;Төңкеріс а.
4012;4005;196253700;Түзусай а.
4013;3965;196255000;Кеңдала а.о.
4014;4013;196255100;Кеңдала а.
4015;4013;196255200;Ақдала а.
4016;4013;196255300;Ақтас а.
4017;4013;196255400;Еңбекші а.
4018;3965;196257000;Нұра а.о.
4019;4018;196257100;Нұра а.
4020;4018;196257300;Қаратоған а.
4021;4018;196257400;Өстемір а.
4022;4018;196257600;Туғанбай а.
4023;3483;196600000;Ұйғыр ауданы
4024;4023;196630000;Шонжа а.о.
4025;4024;196630100;Шонжа а.
4026;4025;196630102;Қалғантам уч.
4027;4023;196633000;Ават а.о.
4028;4027;196633100;Ават а.
4029;4023;196635000;Ақсу а.о.
4030;4029;196635100;Үлкен Ақсу а.
4031;4030;196635102;Канал уч.
4032;4030;196635103;Тоғызбұлақ уч.
4033;4029;196635200;Долайты а.
4034;4029;196635300;Кіші Ақсу а.
4035;4023;196637000;Ақтам а.о.
4036;4035;196637100;Ақтам а.
4037;4023;196639000;Бахар а.о.
4038;4037;196639100;Бахар а.
4039;4037;196639200;Шырын а.
4040;4023;196643000;Дардамты а.о.
4041;4040;196643100;Дардамты а.
4042;4041;196643102;Арасан уч.
4043;4041;196643103;Гомбы уч.
4044;4040;196643200;Ардолайты а.
4045;4040;196643300;Добын а.
4046;4040;196643400;Сұңқар а.
4047;4023;196645000;Кетпен а.о.
4048;4047;196645100;Кетпен а.
4049;4048;196645102;Добын стансасы
4050;4047;196645200;Кепебұлақ а.
4051;4023;196647000;Кіші Диқан а.о.
4052;4051;196647100;Кіші Диқан а.
4053;4051;196647200;Үлкен Диқан а.
4054;4023;196649000;Қолжат а.о.
4055;4054;196649100;Қолжат а.
4056;4023;196653000;Қырғызсай а.о.
4057;4056;196653100;Қырғызсай а.
4058;4056;196653200;Рахат а.
4059;4023;196655000;Сүмбе а.о.
4060;4059;196655100;Сүмбе а.
4061;4060;196655102;Бақтықұрай уч.
4062;4059;196655200;Шошанай а.
4063;4023;196657000;Тасқарасу а.о.
4064;4063;196657100;Тасқарасу а.
4065;4023;196659000;Тегермен а.о.
4066;4065;196659100;Тегермен а.
4067;4066;196659102;Канал уч.
4068;4066;196659104;Іле уч.
4069;4065;196659200;Ұзынтам а.
4070;4023;196663000;Шарын а.о.
4071;4070;196663100;Шарын а.
4072;3483;196800000;Іле ауданы
4073;4072;196830000;Өтеген батыр а.о.
4074;4073;196830100;Өтеген батыр а.
4075;4073;196830200;Кенен Әзірбаев а.
4076;4073;196830300;Қарасу а.
4077;4072;196833000;Ащыбұлақ а.о.
4078;4077;196833100;Мұхаметжан Түймебаев а.
4079;4077;196833200;Жапек батыр а.
4080;4077;196833300;Көкқайнар а.
4081;4077;196833600;Төле би а.
4082;4072;196835000;Боралдай к.ә.
4083;4082;196835100;Боралдай к.
4084;4072;196839000;Асқар Тоқпанов а.о.
4085;4084;196839100;Асқар Тоқпанов а.
4086;4084;196839200;Жайнақ а.
4087;4072;196843000;Қараой а.о.
4088;4087;196843100;Қараой а.
4089;4088;196843103;Монтажник қосшар
4090;4088;196843104;Бригада 1-14
4091;4087;196843200;Қосөзен а.
4092;4091;196843202;Кіші Қараой уч.
4093;4087;196843300;Нұрғиса Тілендиев а.
4094;4072;196845000;Қүрті а.о.
4095;4094;196845100;Ақши а.
4096;4094;196845200;Күрті а.
4097;4072;196847000;Байсерке а.о.
4098;4097;196847100;Байсерке а.
4099;4097;196847200;Әлі а.
4100;4097;196847500;Көктерек а.
4101;4072;196849000;Ақсай а.о.
4102;4101;196849100;Ақсай а.
4103;4102;196849102;Қосалқыстанса
4104;4102;196849104;МТФ 1
4105;4102;196849105;РСУ
4106;4102;196849107;Бөгет
4107;4102;196849109;Бригада 1
4108;4102;196849111;Бригада 2
4109;4102;196849121;Бригада 11
4110;4101;196849200;Екпінді а.
4111;4101;196849300;Жауғашты а.
4112;4072;196855000;Байкент а.о.
4113;4112;196855100;Байкент а.
4114;0;230000000;Атырау облысы
4115;4114;231000000;Атырау Қ.Ә.
4116;4115;231010000;Атырау қ.
4117;4115;231035000;Атырау а.о.
4118;4117;231035100;Қызыл балық а.
4119;4118;231035102;Золотенок а.
4120;4118;231035103;Ферма
4121;4117;231035200;Жаңаталап а.
4122;4121;231035202;Зарослый а.
4123;4121;231035203;Ферма
4124;4117;231035300;Құрманғазы а.
4125;4124;231035302;Ферма
4126;4115;231036000;Алмалы а.о.
4127;4126;231036100;Алмалы а.
4128;4126;231036200;Береке а.
4129;4115;231043000;Дамбы а.о.
4130;4129;231043100;Дамба а.
4131;4129;231043300;Амангелді а.
4132;4115;231045000;Еркінқала а.о.
4133;4132;231045100;Еркінқала а.
4134;4132;231045200;Ракуша а.
4135;4134;231045202;Сарыөзек а.
4136;4115;231049000;Кеңөзек а.о.
4137;4136;231049100;Тасқала а.
4138;4115;231053000;Қайыршақты а.о.
4139;4138;231053100;Томарлы а.
4140;4139;231053102;Әлменқайыр а.
4141;4139;231053103;Грека а.
4142;4139;231053104;Қарталы а.
4143;4139;231053105;Стандарт а.
4144;4139;231053106;Таліші а.
4145;4139;231053107;Түкей а.
4146;4139;231053108;Шағырлы а.
4147;4138;231053200;Бесікті а.
4148;4147;231053202;Аспа а.
4149;4147;231053203;Қалмаққора а.
4150;4147;231053204;Пионерлагер
4151;4147;231053205;Сокол а.
4152;4138;231053300;Талқайран а.
4153;4138;231053400;Ақсай а.
4154;4138;231053500;Ақжар а.
4155;4114;233600000;Жылыой ауданы
4156;4155;233620000;Құлсары қ.ә.
4157;4156;233620100;Құлсары қ.
4158;4155;233633000;Ақкиізтоғай а.о.
4159;4158;233633100;Ақкиізтоғай а.
4160;4155;233635000;Жем а.о.
4161;4160;233635100;Тұрғызба а.
4162;4161;233635109;Тасшағыл а.
4163;4160;233635300;Қараша а.
4164;4163;233635304;Бейбіт а.
4165;4163;233635305;Естекбай а.
4166;4163;233635306;Қызылиін а.
4167;4163;233635307;Сарышағыл а.
4168;4163;233635309;Шынтемір а.
4169;4160;233635400;Қойсары а.
4170;4155;233637000;Қараарна а.о.
4171;4170;233637100;Шоқпартоғай а.
4172;4155;233639000;Жаңа Қаратон к.ә.
4173;4172;233639100;Жаңа Қаратон к.
4174;4155;233643000;Қосшағыл а.о.
4175;4174;233643100;Қосшағыл а.
4176;4175;233643102;Ақінген а.
4177;4175;233643105;Жартышеке а.
4178;4175;233643107;Төлес а.
4179;4174;233643300;Қарағай а.
4180;4179;233643302;Ұшқан а.
4181;4155;233645000;Майкомген а.о.
4182;4181;233645100;Майкомген а.
4183;4182;233645102;Ақінген а.
4184;4182;233645104;Азнақұл а.
4185;4182;233645105;Дәрібай а.
4186;4182;233645106;Дүйшіков қорасы
4187;4182;233645107;Байнияз а.
4188;4182;233645108;Досжаншағыл а.
4189;4182;233645109;Жаманшабай а.
4190;4182;233645111;Қоңырқұдық а.
4191;4182;233645112;Қойқын а.
4192;4182;233645113;Құрақбаев а.
4193;4182;233645114;Сахаба қорасы
4194;4182;233645115;Теміржол ст.465
4195;4182;233645118;Шағырлы 1 а.
4196;4182;233645121;Юханов қорасы
4197;4182;233645123;Қамысқора а.
4198;4182;233645125;Кәует а.
4199;4182;233645127;Қосекті а.
4200;4182;233645129;Нәдіркөл а.
4201;4182;233645131;Өтеген а.
4202;4182;233645135;Тасқұдық а.
4203;4114;234000000;Индер ауданы
4204;4203;234030000;Индербор к.ә.
4205;4204;234030100;Индербор к.
4206;4203;234033000;Бөдене а.о.
4207;4206;234033100;Бөдене а.
4208;4207;234033102;Алғабас а.
4209;4207;234033103;Жакесбай уч.
4210;4207;234033105;Кособа а.
4211;4207;234033107;Орманшы үйі
4212;4203;234035000;Елтай а.о.
4213;4212;234035100;Елтай а.
4214;4213;234035102;Әсіреп а.
4215;4213;234035103;Әлімқызыл а.
4216;4213;234035104;Айсақызыл а.
4217;4213;234035105;Аленсоры а.
4218;4213;234035106;Алатөбе а.
4219;4213;234035107;Алмаағаш а.
4220;4213;234035109;Байбоз а.
4221;4213;234035111;Бағырлай а.
4222;4213;234035112;Басшыққан а.
4223;4213;234035113;Бозтөбе 1 уч.
4224;4213;234035114;Бозтөбе 2 уч.
4225;4213;234035115;Дамба 1 уч.
4226;4213;234035116;Дамба 2 уч.
4227;4213;234035118;Донға уч.
4228;4213;234035119;Емдеу-сауықтыру орны
4229;4213;234035121;Елші 1 уч.
4230;4213;234035122;Елші 2уч.
4231;4213;234035123;Елші 3 уч.
4232;4213;234035124;Елші 4 уч.
4233;4213;234035126;Жалғызағаш уч.
4234;4213;234035127;Жаманқора 1 а.
4235;4213;234035128;Жаманқора 2 а.
4236;4213;234035129;Жанаман а.
4237;4213;234035131;Жақсыныңаяғысынған а.
4238;4213;234035132;Жыбырлақ а.
4239;4213;234035133;Жырақұдық 1 уч.
4240;4213;234035134;Жырақұдық 2 уч.
4241;4213;234035135;Қабденқұдық а.
4242;4213;234035136;Қалыбай 1 уч.
4243;4213;234035137;Қарсақбай уч.
4244;4213;234035139;Қызылтөбе 1 уч.
4245;4213;234035141;Қызылтөбе 2 уч.
4246;4213;234035142;Қызылтөбе 3 уч.
4247;4213;234035143;Қозыбағар уч.
4248;4213;234035144;Көктөбе уч.
4249;4213;234035145;Қостан 1 уч.
4250;4213;234035148;Қобданқызыл уч.
4251;4213;234035152;Мұнайайдау ст.
4252;4213;234035154;Сазды уч.
4253;4213;234035155;Сарықабақ 1 а.
4254;4213;234035156;Сарықабақ 2 а.
4255;4213;234035157;Сейіт а.
4256;4213;234035162;Өтек а.
4257;4213;234035163;Үштөбе уч.
4258;4213;234035164;Шалпақ а.
4259;4213;234035165;Шұбалаң а.
4260;4213;234035166;Шайбас 1 а.
4261;4213;234035167;Шайбас 2 а.
4262;4213;234035169;Тас цехы
4263;4212;234035200;Аққала а.
4264;4263;234035202;Саябақ
4265;4263;234035203;Қызылтұмсық а.
4266;4203;234037000;Жарсуат а.о.
4267;4266;234037100;Жарсуат а.
4268;4267;234037102;Бозым уч.
4269;4266;234037200;Ақтаң а.
4270;4269;234037202;Баймағанбет уч.
4271;4266;234037500;Кетебай а.
4272;4271;234037505;Жамансай уч.
4273;4271;234037506;Жорық уч.
4274;4271;234037507;Қырыққұдық уч.
4275;4271;234037508;Қусай уч.
4276;4271;234037509;Қуат уч.
4277;4271;234037511;Мықтыбай уч.
4278;4271;234037512;Мита уч.
4279;4271;234037514;Орлай уч.
4280;4271;234037515;Тасқұдық 1 уч.
4281;4266;234037600;Құрылыс а.
4282;4281;234037602;Жаманқұдық 1 уч.
4283;4281;234037603;Жаманқұдық 2 уч.
4284;4281;234037604;Ескімәтеш уч.
4285;4281;234037606;Кетебай уч.
4286;4281;234037607;Молымбет 1 уч.
4287;4281;234037608;Сансыз уч.
4288;4266;234037700;Қызылжар а.
4289;4288;234037703;Молымбет 2 уч.
4290;4203;234043000;Көктоғай а.о.
4291;4290;234043100;Көктоғай а.
4292;4291;234043103;Ақтөбе а.
4293;4291;234043104;Бескорпус а.
4294;4291;234043106;Ізбас а.
4295;4291;234043107;Мұқанәлі уч.
4296;4291;234043109;Әбуғали а.
4297;4291;234043111;Аман а.
4298;4291;234043116;Бағит а.
4299;4291;234043121;Ғабит а.
4300;4291;234043123;Елемес а.
4301;4291;234043124;Ертілеу а.
4302;4291;234043126;Зайденен а.
4303;4291;234043128;Кәмзат а.
4304;4291;234043132;Қуанғали а.
4305;4291;234043134;Құрманғали а.
4306;4291;234043135;Мақсат 1 а.
4307;4291;234043137;Мәмбет а.
4308;4291;234043138;Мақұм а.
4309;4291;234043139;Мейрам а.
4310;4291;234043141;Мұғал а.
4311;4291;234043142;Құрмет уч.
4312;4291;234043143;Мұхит а.
4313;4291;234043146;Айбат уч.
4314;4291;234043148;Ұзақбай уч.
4315;4291;234043149;Тарих а.
4316;4291;234043151;Тілеш 1 а.
4317;4291;234043154;Түлеліш а.
4318;4203;234045000;Есбол а.о.
4319;4318;234045100;Есбол а.
4320;4319;234045102;Маринка уч.
4321;4319;234045103;Өмірәлі уч.
4322;4319;234045109;Аленсоры уч.
4323;4319;234045111;Ақселеулі 1 уч.
4324;4319;234045112;Ақселеулі 2 уч.
4325;4319;234045113;Бесбау уч.
4326;4319;234045115;Бекайдар уч.
4327;4319;234045117;Елеусін уч.
4328;4319;234045125;Жалпақ уч.
4329;4319;234045126;Қырошағы уч.
4330;4319;234045129;Қармыс уч.
4331;4319;234045131;Қараоба уч.
4332;4319;234045132;Қайсағали уч.
4333;4319;234045137;Мұқанғазы уч.
4334;4319;234045139;Сәлімшолақ уч.
4335;4319;234045141;Тереңқызым уч.
4336;4319;234045142;Тоқпай 1 уч.
4337;4319;234045143;Тоқпай 2 уч.
4338;4319;234045144;Тума уч.
4339;4319;234045145;Шегенді уч.
4340;4319;234045147;Үшаша уч.
4341;4318;234045200;Ынтымақ а.
4342;4203;234047000;Өрлік а.о.
4343;4342;234047100;Өрлік а.
4344;4343;234047102;Әбдірахман уч.
4345;4343;234047103;Айтұрған уч.
4346;4343;234047104;Аманғали уч.
4347;4343;234047105;Жарықбас уч.
4348;4343;234047106;Егінді уч.
4349;4343;234047107;Қабекенқызыл уч.
4350;4343;234047108;Қызылүй уч.
4351;4343;234047109;Топалаң 1 уч.
4352;4343;234047111;Топалаң 2 уч.
4353;4343;234047112;Тасқұдық уч.
4354;4343;234047113;Түлкілі уч.
4355;4343;234047114;Үшқызыл уч.
4356;4343;234047115;Бұғанай а.
4357;4343;234047116;Жанәлі а.
4358;4343;234047117;Жұлдыз а.
4359;4343;234047118;Қабдолла а.
4360;4343;234047119;Қаражал а.
4361;4343;234047121;Қашқын а.
4362;4343;234047122;Кекші а.
4363;4343;234047123;Қызылқабақ а.
4364;4343;234047124;Сырәлі а.
4365;4343;234047126;Тереңқұдық а.
4366;4343;234047127;Тума а.
4367;4343;234047128;Шашақбосаға а.
4368;4343;234047129;Жиек а.
4369;4343;234047131;Бесінші уч.
4370;4114;234200000;Исатай ауданы
4371;4370;234230000;Аққыстау а.о.
4372;4371;234230100;Аққыстау а.
4373;4372;234230105;Есіркеп а.
4374;4372;234230108;Шыныбек а.
4375;4371;234230200;Өркен а.
4376;4371;234230300;рзд.17
4377;4370;234235000;Жанбай а.о.
4378;4377;234235100;Жанбай а.
4379;4378;234235105;Манаш а.
4380;4370;234237000;Зинеден а.о.
4381;4380;234237100;Зинеден а.
4382;4380;234237200;Амангелді а.
4383;4370;234239000;Исатай а.о.
4384;4383;234239100;Исатай а.
4385;4384;234239103;Байғожа а.
4386;4384;234239105;Досығұл а.
4387;4384;234239106;Жеті ауыл а.
4388;4384;234239107;Мұсақай а.
4389;4384;234239109;Ташентөбе а.
4390;4384;234239111;Шегірбай а.
4391;4370;234241000;Нарын а.о.
4392;4391;234241100;Нарын а.
4393;4391;234241300;Жаңа Жанбай а.
4394;4391;234241600;Мыңтөбе а.
4395;4370;234243000;Қамысқала а.о.
4396;4395;234243100;Хамит Ерғалиев а.
4397;4396;234243102;Аққұтыр а.
4398;4396;234243103;Женкелді а.
4399;4396;234243104;Карашығанақ а.
4400;4396;234243105;Тасоба а.
4401;4395;234243200;Ауқайран а.
4402;4401;234243202;Қонысбай а.
4403;4395;234243300;Жасқайрат а.
4404;4403;234243302;Әусен а.
4405;4403;234243305;Күнтей а.
4406;4403;234243306;Күркіретті а.
4407;4370;234245000;Тұщыкұдық а.о.
4408;4407;234245100;Тұщықұдық а.
4409;4407;234245200;Айбас а.
4410;4409;234245202;Ескі Айбас а.
4411;4409;234245203;Қаражан а.
4412;4409;234245204;Құсқонбас а.
4413;4409;234245205;Бекайдар а.
4414;4409;234245206;Қозшыл а.
4415;4409;234245207;Мыстыбай а.
4416;4409;234245208;Сарытөбе а.
4417;4409;234245209;Үш а.
4418;4407;234245500;Қызылүй а.
4419;4418;234245502;Қабес а.
4420;4418;234245503;Шабдар а.
4421;4114;234600000;Құрманғазы ауданы
4422;4421;234630000;Құрманғазы а.о.
4423;4422;234630100;Құрманғазы а.
4424;4421;234633000;Азғыр а.о.
4425;4424;234633100;Балқұдық а.
4426;4424;234633200;Азғыр а.
4427;4424;234633400;Қоңыртерек а.
4428;4421;234635000;Ақкөл а.о.
4429;4428;234635100;Ақкөл а.
4430;4421;234636000;Асан а.о.
4431;4430;234636100;Асан а.
4432;4430;234636400;Ұштаған а.
4433;4421;234637000;Бөкейхан а.о.
4434;4433;234637100;Бөкейхан а.
4435;4421;234639000;Бірлік а.о.
4436;4435;234639100;Бірлік а.
4437;4435;234639200;Аманкелді а.
4438;4421;234645000;Дыңқызыл а.о.
4439;4438;234645100;Жыланды а.
4440;4438;234645300;Ғизат Әліпов а.
4441;4421;234647000;Еңбекші а.о.
4442;4441;234647100;Жұмекен а.
4443;4441;234647200;Дәулеткерей а.
4444;4441;234647300;Қадырка а.
4445;4441;234647400;Қошалақ а.
4446;4421;234649000;Орлы а.о.
4447;4446;234649100;Орлы а.
4448;4446;234649200;Каспий а.
4449;4446;234649300;Шестой а.
4450;4421;234651000;Көптоғай а.о.
4451;4450;234651100;Көптоғай а.
4452;4450;234651400;Балықшы а.
4453;4421;234653000;Жаңаталап а.о.
4454;4453;234653100;Хиуаз а.
4455;4453;234653200;Үлкенкүйген а.
4456;4453;234653300;Жасарал а.
4457;4453;234653400;Шағырлы а.
4458;4421;234655000;Кудряшов а.о.
4459;4458;234655100;Кудряшев а.
4460;4458;234655200;Жаңаауыл а.
4461;4458;234655300;Арна а.
4462;4421;234656000;Қиғаш а.о.
4463;4462;234656100;Қиғаш а.
4464;4462;234656200;рзд.Нұрпейісова
4465;4421;234657000;Мақаш а.о.
4466;4465;234657100;Алға а.
4467;4465;234657300;Әліпов а.
4468;4465;234657400;Иманов а.
4469;4465;234657500;Көкарна а.
4470;4465;234657600;Қаракөл а.
4471;4465;234657900;рзд.Афанфсьев
4472;4421;234659000;Нұржау а.о.
4473;4472;234659100;Нұржау а.
4474;4472;234659300;Жамбыл а.
4475;4421;234663000;Теңіз а.о.
4476;4475;234663100;Теңіз а.
4477;4475;234663200;Құмарғали а.
4478;4475;234663300;Дәулет а.
4479;4475;234663400;Шайхы а.
4480;4421;234665000;Сафонов а.о.
4481;4480;234665100;Сафоновка а.
4482;4421;234667000;Сүйіндік а.о.
4483;4482;234667100;Сүйіндік а.
4484;4482;234667200;Батырбек а.
4485;4482;234667300;Егінқұдық а.
4486;4482;234667400;Жалғызапан а.
4487;4421;234669000;Шортанбай а.о.
4488;4487;234669100;Шортанбай а.
4489;4487;234669200;Жасталап а.
4490;4114;234800000;Қызылқоға ауданы
4491;4490;234830000;Миялы а.о.
4492;4491;234830100;Миялы а.
4493;4490;234835000;Жамбыл а.о.
4494;4493;234835100;Қаракөл а.
4495;4494;234835102;Байғонды а.
4496;4494;234835103;Бегей а.
4497;4494;234835104;Досым а.
4498;4494;234835106;Қайсары а.
4499;4494;234835107;Қоға а.
4500;4494;234835108;Оразбай а.
4501;4494;234835109;Айжарық а.
4502;4494;234835111;Арыстанғали а.
4503;4494;234835112;Байшуақ а.
4504;4493;234835200;Айдын а.
4505;4504;234835202;Алабие а.
4506;4504;234835203;Қызылмешіт а.
4507;4490;234837000;Жангелдин а.о.
4508;4507;234837100;Жангелдин а.
4509;4508;234837102;Бөлектөбе а.
4510;4508;234837103;Есмырза а.
4511;4508;234837104;Қабанқұдық а.
4512;4508;234837105;Кенен а.
4513;4508;234837106;Көлдеуқұдық а.
4514;4508;234837107;Көбек а.
4515;4508;234837108;Кіндіксай а.
4516;4508;234837109;Сәлмен а.
4517;4508;234837111;Таңбай а.
4518;4508;234837112;Шиліқұдық а.
4519;4508;234837114;Ақсай а.
4520;4508;234837115;Аяпберген 1 а.
4521;4508;234837116;Аяпберген 2 а.
4522;4508;234837117;Бәйсеутөбе а.
4523;4508;234837118;Досан а.
4524;4508;234837119;Жаға а.
4525;4508;234837121;Күлпейс а.
4526;4508;234837122;Құрманғазы а.
4527;4508;234837123;Мосыағаш а.
4528;4508;234837124;Темірбай а.
4529;4508;234837125;Тұяққали а.
4530;4508;234837126;Үкі а.
4531;4508;234837127;Шығанкөл а.
4532;4490;234839000;Көздіқара а.о.
4533;4532;234839100;Қоныстану а.
4534;4533;234839105;Аққұл уч.
4535;4533;234839106;Жарма уч.
4536;4533;234839107;Көкөзек уч.
4537;4533;234839108;Тұмар уч.
4538;4533;234839109;Түлкібай уч.
4539;4533;234839111;Шығар уч.
4540;4532;234839300;Бүйрек а.
4541;4540;234839302;Жайма а.
4542;4540;234839303;Жасқайрат а.
4543;4540;234839304;Қарасай а.
4544;4540;234839305;Қырықошақ а.
4545;4540;234839307;Ыдырыс а.
4546;4540;234839308;Бектұрған а.
4547;4540;234839309;Қойтан уч.
4548;4540;234839311;Табылды уч.
4549;4540;234839312;Ідірдәуіт уч.
4550;4532;234839400;Қосқұлақ а.
4551;4550;234839402;Абдолқора а.
4552;4550;234839404;Дауылбай а.
4553;4550;234839405;Қамбар 1 а.
4554;4550;234839406;Қамбар 2 а.
4555;4550;234839407;Сырым а.
4556;4550;234839409;Тажыкен уч.
4557;4550;234839411;Тоқтабай уч.
4558;4490;234843000;Қызылқоға а.о.
4559;4558;234843100;Қарабау а.
4560;4559;234843102;Ақшкол а.
4561;4559;234843103;Жаңақұдық а.
4562;4559;234843105;Жұбан а.
4563;4559;234843106;Кенебай а.
4564;4559;234843107;Өмірқора а.
4565;4559;234843108;Сәндібай а.
4566;4559;234843109;Сарыкөл а.
4567;4559;234843111;Төртқұдық а.
4568;4558;234843300;Бұхар а.
4569;4568;234843303;Ақмола уч.
4570;4490;234847000;Мұқыр а.о.
4571;4570;234847100;Мұқыр а.
4572;4571;234847102;Аққұдық а.
4573;4571;234847104;Қоянды а.
4574;4571;234847106;Қамқұдық а.
4575;4571;234847107;рзд.279
4576;4571;234847108;Талқұдық а.
4577;4570;234847200;Жамансор а.
4578;4570;234847300;Жантерек а.
4579;4570;234847400;Кенбай а.
4580;4570;234847500;Сарықұмақ а.
4581;4580;234847504;Кемерші а.
4582;4580;234847505;Көкбұлақ а.
4583;4580;234847506;Қызылбұлақ 1 а.
4584;4580;234847507;Қызылбұлақ 2 а.
4585;4580;234847512;Сарықұмақ а.
4586;4580;234847514;Төртқұдық уч.
4587;4570;234847600;Соркөл а.
4588;4587;234847607;Құрайлы а.
4589;4587;234847609;Ұры а.
4590;4570;234847700;Тасқұдық а.
4591;4490;234849000;Ойыл а.о.
4592;4591;234849100;Жасқайрат а.
4593;4592;234849105;Қожақым а.
4594;4592;234849106;Асқар а.
4595;4592;234849107;Айнаш а.
4596;4592;234849108;Ақшкөл а.
4597;4592;234849109;Арыстанғали а.
4598;4592;234849112;Беріштам а.
4599;4592;234849113;Дәулетиман а.
4600;4592;234849114;Жаман а.
4601;4592;234849115;Сарықуыс а.
4602;4592;234849116;Көкалабие а.
4603;4592;234849117;Қоғабай а.
4604;4592;234849118;Құлынкеткен а.
4605;4592;234849119;Мырзағали а.
4606;4592;234849121;Нұрпейыс а.
4607;4592;234849122;Тоқтамыс а.
4608;4592;234849123;Тұрғали а.
4609;4592;234849124;Бұзаубақ уч.
4610;4592;234849125;Жәмибұлақ уч.
4611;4592;234849126;Шиеліойтаң а.
4612;4591;234849200;Аққора а.
4613;4612;234849204;Құлымжан а.
4614;4612;234849205;Сарыжал а.
4615;4612;234849206;Сары а.
4616;4612;234849207;Мырзабайтүбек а.
4617;4490;234853000;Сағыз а.о.
4618;4617;234853100;Сағыз а.
4619;4618;234853102;рзд.265
4620;4618;234853103;Сарытоғай а.
4621;4618;234853105;Алып-ана уч.
4622;4618;234853107;Сарыапан уч.
4623;4618;234853109;Ақжар а.
4624;4618;234853111;Балбұлақ а.
4625;4618;234853112;Жаңақора а.
4626;4618;234853113;Көлдеуқұдық а.
4627;4618;234853114;Қандыкөл а.
4628;4618;234853115;Наршөккен а.
4629;4618;234853116;Төсши а.
4630;4617;234853300;Былқылдақты а.
4631;4630;234853303;Арменқора а.
4632;4617;234853400;Кенбай а.
4633;4632;234853402;Қызылсай а.
4634;4632;234853409;Кілттоғай уч.
4635;4617;234853500;Қоңыраулы а.
4636;4635;234853502;Алау а.
4637;4635;234853504;Ұзынкөл а.
4638;4490;234855000;Тасшағыл а.о.
4639;4638;234855100;Тасшағыл а.
4640;4638;234855200;Қоғам а.
4641;4640;234855202;Ақтай а.
4642;4640;234855204;Жаңақора 2 а.
4643;4640;234855205;Нұрмолда а.
4644;4640;234855206;Сарытабан а.
4645;4640;234855207;Алпыстөрт а.
4646;4640;234855209;Шиліарал а.
4647;4640;234855211;Шубарат а.
4648;4640;234855212;Атабасы уч.
4649;4640;234855213;Еркебай уч.
4650;4640;234855214;Қамияқора уч.
4651;4640;234855215;Нұржантөбе уч.
4652;4638;234855300;Қоныстану а.
4653;4652;234855302;Жондалы а.
4654;4652;234855303;Тасмола а.
4655;4652;234855304;Ақшкол уч.
4656;4652;234855305;Ата мұрат уч.
4657;4652;234855306;Бүргенді уч.
4658;4652;234855307;Дәулетбай уч.
4659;4652;234855308;Досан уч.
4660;4652;234855309;Нумұқан уч.
4661;4652;234855311;Өтебай уч.
4662;4652;234855312;Склад уч.
4663;4652;234855313;Төреқұл уч.
4664;4490;234859000;Тайсойған а.о.
4665;4664;234859100;Тайсойған а.
4666;4665;234859102;Ақшкол 1 а.
4667;4665;234859103;Алтықұлақ а.
4668;4665;234859104;Аяпберген 1 а.
4669;4665;234859105;Аяпберген 2 а.
4670;4665;234859106;Аяпберген 3 а.
4671;4665;234859107;Бегенияз а.
4672;4665;234859108;Біртілеу а.
4673;4665;234859109;Дінтуған а.
4674;4665;234859111;Жаңаиіс 1 а.
4675;4665;234859112;Жаңаиіс 2 а.
4676;4665;234859113;Жарболсын а.
4677;4665;234859114;Иманәлі а.
4678;4665;234859115;Көктөбе а.
4679;4665;234859116;Қарақожа 1 а.
4680;4665;234859117;Қарақожа 2 а.
4681;4665;234859118;Көденбас а.
4682;4665;234859119;Құбаш 1 а.
4683;4665;234859121;Құбаш 2 а.
4684;4665;234859122;Мансұр а.
4685;4665;234859123;Мұқаш а.
4686;4665;234859124;Ойтақ а.
4687;4665;234859125;Омар 1 а.
4688;4665;234859126;Омар 2 а.
4689;4665;234859127;Сәрсенбай а.
4690;4665;234859128;Сарыкөжек а.
4691;4665;234859129;Тайлақбай а.
4692;4665;234859131;Талдықұм а.
4693;4665;234859132;Шөлдербай а.
4694;4665;234859133;Ысқақ ж.
4695;4114;235200000;Мақат ауданы
4696;4695;235230000;Мақат к.ә.
4697;4696;235230100;Мақат к.
4698;4695;235231000;Бәйгетөбе а.о.
4699;4698;235231100;Бәйгетөбе а.
4700;4698;235231200;Ескене а.
4701;4695;235235000;Доссор к.ә.
4702;4701;235235100;Доссор к.
4703;4114;235600000;Махамбет ауданы
4704;4703;235630000;Махамбет а.о.
4705;4704;235630100;Махамбет а.
4706;4704;235630400;Сарытоғай а.
4707;4703;235633000;Ақжайық а.о.
4708;4707;235633100;Ақжайық а.
4709;4703;235634000;Ақтоғай а.о.
4710;4709;235634100;Ақтоғай а.
4711;4709;235634200;Балаораза а.
4712;4709;235634300;Кеңөріс а.
4713;4709;235634500;Өтешқали Атамбаев а.
4714;4703;235635000;Алға а.о.
4715;4714;235635100;Алға а.
4716;4703;235639000;Бақсай а.о.
4717;4716;235639100;Таңдай а.
4718;4716;235639200;Есмахан а.
4719;4716;235639300;Көздіқора а.
4720;4716;235639400;Томан а.
4721;4703;235643000;Есбол а.о.
4722;4721;235643100;Ортақшыл а.
4723;4721;235643200;Еңбекшіл а.
4724;4721;235643300;Есбол а.
4725;4703;235645000;Жалғансай а.о.
4726;4725;235645100;Жалғансай а.
4727;4703;235649000;Сарыайшық а.о.
4728;4727;235649100;Сарыайшық а.
4729;4727;235649200;Ескі Сарыайшық а.
4730;4703;235655000;Бейбарыс а.о.
4731;4730;235655100;Бейбарыс а.
4732;4730;235655500;Талдыкөл а.
4733;4730;235655600;Аққайың а.
4734;0;270000000;Батыс Қазақстан облысы
4735;4734;271000000;Орал Қ.Ә.
4736;4735;271010000;Орал қ.
4737;4735;271033000;Дерқұл к.ә.
4738;4737;271033100;Дерқұл к.
4739;4737;271033800;Маштаково а.
4740;4735;271034000;Желаево а.о.
4741;4740;271034100;Желаево а.
4742;4735;271035000;Зачаганск к.ә.
4743;4742;271035100;Зачаганск к.
4744;4742;271035800;Меловые Горки а.
4745;4735;271039000;Круглоозерное к.ә.
4746;4745;271039100;Круглоозерное к.
4747;4745;271039900;Серебряков а.
4748;4734;273200000;Ақжайық ауданы
4749;4748;273230000;Чапаев а.о.
4750;4749;273230100;Чапаев а.
4751;4750;273230102;Аюлы орманшаруашылығы
4752;4750;273230103;Мұнайбазасы
4753;4749;273230400;Жайық а.
4754;4753;273230402;Феофаново 2 а.
4755;4748;273233000;Ақжол а.о.
4756;4755;273233100;Ілбішін а.
4757;4756;273233102;Қарша а.
4758;4755;273233200;Битілеу а.
4759;4758;273233202;Жайлыбай а.
4760;4758;273233203;Жұбаната а.
4761;4758;273233205;Сапарғали а.
4762;4755;273233300;Қабыл а.
4763;4762;273233303;Бикет 2 а.
4764;4762;273233304;Қәбдеш а.
4765;4762;273233306;Сұлтанкөл а.
4766;4762;273233307;Молқұдық 1 а.
4767;4762;273233308;Молқұдық 2 а.
4768;4762;273233309;Мұрагер а.
4769;4762;273233311;Темірастау а.
4770;4755;273233400;Тінәлі а.
4771;4770;273233402;Ақүй а.
4772;4770;273233403;Алқап а.
4773;4770;273233404;Ащықұдық а.
4774;4770;273233405;Битілеу а.
4775;4770;273233406;Нигмет а.
4776;4770;273233407;Иманғали а.
4777;4770;273233408;Кеңтүбек 1 а.
4778;4770;273233409;Кеңтүбек 2 а.
4779;4770;273233411;Қайыржан ж.
4780;4770;273233412;Қосауыз а.
4781;4770;273233413;Мәжит а.
4782;4770;273233415;Садық а.
4783;4748;273235000;Ақсуат а.о
4784;4783;273235100;Ақсуат а.
4785;4784;273235102;Алтынбек а.
4786;4784;273235103;Бақшақұдық а.
4787;4784;273235104;Грищенко а.
4788;4784;273235105;Сахарный алхат
4789;4783;273235200;Ақбұлақ а.
4790;4789;273235203;Жагөр а.
4791;4789;273235204;Найза а.
4792;4748;273237000;Алғабас а.о.
4793;4792;273237100;Алғабас а.
4794;4793;273237102;Бесоба а.
4795;4793;273237103;Железнов а.
4796;4793;273237104;Мосыағаш а.
4797;4793;273237105;Новый Пашкин а.
4798;4793;273237106;Пашкин а.
4799;4793;273237108;Чукалин а.
4800;4792;273237300;Тегісжол а.
4801;4800;273237302;Ақшелек а.
4802;4800;273237303;Алабайтал а.
4803;4800;273237304;Жаңаорын а.
4804;4800;273237305;Комсомольск а.
4805;4800;273237306;Қызылүй а.
4806;4800;273237307;Қызыливан а.
4807;4800;273237308;Малый Горбунов а.
4808;4800;273237309;Нагибин а.
4809;4800;273237312;Недопекин а.
4810;4800;273237313;Сансызбай а.
4811;4800;273237314;Сутягин а.
4812;4792;273237400;Қарағай а.
4813;4812;273237402;Бесауыл
4814;4812;273237404;Карпов а.
4815;4812;273237405;Қосқұдық а.
4816;4812;273237406;Тәжірибе стансасы
4817;4812;273237407;Сарыкөл а.
4818;4812;273237408;Скоробогатов а.
4819;4812;273237409;Стольников а.
4820;4792;273237500;Жаңажол а.
4821;4820;273237502;Азовское а.
4822;4792;273237600;Тоған а.
4823;4822;273237605;Казлакрица қосшар
4824;4822;273237607;Тальян алмабағы
4825;4748;273239000;Алмалы а.о.
4826;4825;273239100;Алмалы а.
4827;4826;273239103;Большой а.
4828;4826;273239105;Круглый а.
4829;4826;273239106;Қоскөл а.
4830;4826;273239107;Лиман 49 а.
4831;4826;273239108;Арен а.
4832;4826;273239109;Агафия а.
4833;4826;273239111;Бескүтір а.
4834;4826;273239112;Майтөбе а.
4835;4826;273239113;Томарқұдық а.
4836;4826;273239114;Саржала а.
4837;4825;273239200;Атамекен а.
4838;4837;273239203;Астау а.
4839;4837;273239207;Мантық а.
4840;4837;273239208;Найза а.
4841;4837;273239209;Мұнайбарлау
4842;4837;273239212;Лиман 46 а.
4843;4748;273243000;Базартөбе а.о.
4844;4843;273243100;Базартөбе а.
4845;4844;273243105;Қарабек а.
4846;4844;273243106;Құдияр а.
4847;4843;273243200;Қадырқұл а.
4848;4847;273243202;Жыра а.
4849;4847;273243203;Елтай а.
4850;4847;273243204;Көшербайтөбе а.
4851;4847;273243205;Қарамола а.
4852;4847;273243206;Сексен 1 а.
4853;4847;273243207;Сексен 2 а.
4854;4843;273243300;Қызылжар а.
4855;4854;273243302;Балапан а.
4856;4748;273245000;Базаршолан а.о.
4857;4856;273245100;Базаршолан а.
4858;4857;273245105;Жаманқұдық а.
4859;4857;273245106;Ізбасар а.
4860;4856;273245200;Есім а.
4861;4860;273245202;Ақжайық а.
4862;4860;273245203;Ақмешіт а.
4863;4860;273245204;Байбарақ а.
4864;4860;273245208;Жаңақұдық а.
4865;4860;273245209;Кәріқұдық а.
4866;4860;273245211;Қалдыбай а.
4867;4860;273245213;Қызылой а.
4868;4860;273245216;Төлеке а.
4869;4860;273245218;Сәнияахмет а.
4870;4856;273245500;Баянтөбе а.
4871;4748;273247000;Бударин а.о.
4872;4871;273247100;Бударино а.
4873;4872;273247102;Аманжол а.
4874;4872;273247103;Байбұз а.
4875;4872;273247105;Қабыршақты а.
4876;4871;273247200;Самал а.
4877;4876;273247202;Ақжайық а.
4878;4876;273247203;Қазиолла а.
4879;4876;273247204;Мұнай құбыры
4880;4876;273247205;Үшкемпір а.
4881;4871;273247300;Коловертное а.
4882;4881;273247302;Атырау а.
4883;4881;273247303;Киров гидроторабы
4884;4881;273247304;Бөгеуіл
4885;4881;273247306;Изым а.
4886;4748;273249000;Есенсай а.о.
4887;4886;273249100;Есенсай а.
4888;4886;273249300;Кеңсуат а.
4889;4888;273249304;Жақаш а.
4890;4888;273249305;Катон а.
4891;4886;273249400;Тасоба а.
4892;4891;273249402;Алтықора а.
4893;4891;273249403;Боранбай а.
4894;4891;273249404;Тама а.
4895;4891;273249405;Түлепкүл а.
4896;4748;273255000;Жамбыл а.о.
4897;4896;273255100;Жамбыл а.
4898;4897;273255102;Балауса а.
4899;4897;273255104;Қосалқыстанса
4900;4896;273255200;Үштөбе а.
4901;4900;273255202;Ақкөл а.
4902;4900;273255204;Жыланды а.
4903;4900;273255206;Қаратон а.
4904;4900;273255207;Қызылағаш а.
4905;4896;273255400;Бітік а.
4906;4905;273255402;Нарөлген а.
4907;4905;273255403;Асылтұқымды атқора
4908;4905;273255404;Қосшар
4909;4905;273255405;Сейітжанқұдық а.
4910;4748;273257000;Жаңабұлақ а.о.
4911;4910;273257100;Жаңабұлақ а.
4912;4911;273257102;Әбілсай а.
4913;4911;273257103;Бітік су қоймасы а.
4914;4911;273257104;Егер а.
4915;4911;273257105;Железнов а.
4916;4911;273257106;Иванаев а.
4917;4911;273257107;Карташов а.
4918;4911;273257108;Майтөбе а.
4919;4911;273257109;Песок а.
4920;4911;273257111;Песчанный а.
4921;4911;273257112;Тасқұдық а.
4922;4911;273257113;Туренино а.
4923;4911;273257114;Чернышов а.
4924;4911;273257115;Факей а.
4925;4911;273257116;Чесноков а.
4926;4748;273259000;Қабыршақта а.о.
4927;4926;273259100;Қабыршақты а.
4928;4927;273259104;Пиунов а.
4929;4927;273259105;Птичник а.
4930;4748;273263000;Қарауылтөбе а.о.
4931;4930;273263100;Қарауылтөбе а.
4932;4931;273263104;Бөдір а.
4933;4931;273263105;Игілік а.
4934;4931;273263106;Орысбай а.
4935;4931;273263108;Коммунизм а.
4936;4931;273263109;Қырыққұдық а.
4937;4931;273263112;Қызылжар а.
4938;4931;273263113;Саршымақ а.
4939;4931;273263114;Төре а.
4940;4931;273263115;Экспедиция
4941;4748;273264000;Көнеккеткен а.о.
4942;4941;273264100;Көнеккеткен а.
4943;4942;273264103;Жанияр а.
4944;4942;273264104;Қайбас а.
4945;4942;273264105;Қарамектеп а.
4946;4942;273264106;Қызылақырап а.
4947;4941;273264200;Қамыстыкөл а.
4948;4947;273264202;Ақтөбе а.
4949;4947;273264203;Қызылжар а.
4950;4748;273265000;Қурайлысай а.о.
4951;4950;273265100;Жұбан Молдағалиев а.
4952;4950;273265300;Сайқұдық а.
4953;4952;273265303;Айтжан а.
4954;4748;273267000;Мерген а.о.
4955;4954;273267100;Мерген а.
4956;4955;273267102;Ащықұдық а.
4957;4955;273267103;Дініш а.
4958;4955;273267107;Мұқанқұдық а.
4959;4955;273267109;Ниетқали а.
4960;4955;273267111;Саралжын а.
4961;4954;273267200;Мойылды а.
4962;4961;273267202;Ақбала а.
4963;4961;273267203;Мәдиғали а.
4964;4961;273267204;Тасқұдық а.
4965;4961;273267205;Шығанақ а.
4966;4954;273267300;Жолап а.
4967;4966;273267302;Аққұтыр а.
4968;4966;273267303;Ахмет а.
4969;4966;273267304;Бектілеу а.
4970;4966;273267306;Зинеш а.
4971;4966;273267307;Қонашкол а.
4972;4966;273267308;Тасан а.
4973;4748;273269000;Сарытоғай а.о.
4974;4973;273269100;Жанама а.
4975;4974;273269104;Жыра а.
4976;4974;273269108;Ноғайсай а.
4977;4974;273269111;Тойнаш а.
4978;4973;273269200;Сарман а.
4979;4978;273269202;Алмаағаш а.
4980;4978;273269206;Жамансай а.
4981;4978;273269212;Мәмбетәлі а.
4982;4978;273269213;Сүндет а.
4983;4748;273273000;Тайпақ а.о.
4984;4983;273273100;Тайпақ а.
4985;4984;273273102;Аврам а.
4986;4984;273273106;Ащышеген 1 а.
4987;4984;273273107;Ащышеген 2 а.
4988;4984;273273108;Байболған а.
4989;4984;273273111;Жаңақоныс а.
4990;4984;273273113;Қабанкөл а.
4991;4984;273273114;Қырмызы а.
4992;4984;273273115;Лиман а.
4993;4984;273273116;Махат а.
4994;4984;273273118;Сүйіндік а.
4995;4984;273273119;Офицер а.
4996;4984;273273124;Шәуеш 2 а.
4997;4983;273273200;Томпақ а.
4998;4983;273273300;Шабдаржап а.
4999;4998;273273305;Купка а.
5000;4998;273273306;Мекет а.
5001;4998;273273308;Рсалы а.
5002;4998;273273309;Сиырқумақ 1 а.
5003;4998;273273311;Сиырқумақ 2 а.
5004;4998;273273312;Талдықұдық а.
5005;4734;273600000;Бөрлі ауданы
5006;5005;273620000;Ақсай қ.ә.
5007;5006;273620100;Ақсай қ.
5008;5006;273620200;Аралтал а.
5009;5006;273620300;Қызылтал а.
5010;5005;273633000;Ақбұлақ а.о.
5011;5010;273633100;Ақбұлақ а.
5012;5005;273635000;Ақсу а.о.
5013;5012;273635100;Ақсу а.
5014;5012;273635300;Жаңақоныс а.
5015;5005;273637000;Достық а.о.
5016;5015;273637100;Достық а.
5017;5005;273643000;Бөрлі а.о.
5018;5017;273643100;Бөрлі а.
5019;5017;273643200;Масайтөбе а.
5020;5005;273645000;Бумакөл а.о.
5021;5020;273645100;Бумакөл а.
5022;5020;273645200;Облавка а.
5023;5020;273645300;Утвинка а.
5024;5005;273647000;Григорьев а.о.
5025;5024;273647100;Кеңтүбек а.
5026;5025;273647102;Шампа а.
5027;5024;273647200;Бақтыарал а.
5028;5005;273649000;Жарсуат а.о.
5029;5028;273649100;Жарсуат а.
5030;5028;273649200;Димитрово а.
5031;5028;273649300;Қарашығанақ а.
5032;5005;273653000;Қарағанды а.о.
5033;5032;273653100;Қарағанды а.
5034;5005;273655000;Қанай а.о.
5035;5034;273655100;Қанай а.
5036;5034;273655200;Дәнелікөл а.
5037;5005;273657000;Приурал а.о.
5038;5037;273657100;Приуральное а.
5039;5005;273659000;Пугачев а.о.
5040;5039;273659100;Пугачево а.
5041;5039;273659300;Бесағаш а.
5042;5039;273659500;рзд.Сұлысай
5043;5005;273663000;Қаракұдық а.о.
5044;5043;273663100;Қарақұдық а.
5045;5005;273667000;Успен а.о.
5046;5045;273667100;Успенка а.
5047;5045;273667200;Жаңаталап а.
5048;5045;273667300;Қаракемпір а.
5049;4734;274000000;Жаңақала ауданы
5050;5049;274030000;Жаңақала а.о.
5051;5050;274030100;Жаңақала а.
5052;5049;274033000;Бірлік а.о.
5053;5052;274033100;Бірлік а.
5054;5053;274033102;Жыра 1 а.
5055;5053;274033103;Сәңкібай а.
5056;5053;274033104;Сиырсаралжын а.
5057;5053;274033105;Сиырқол 1 а.
5058;5053;274033106;Сиырқол 2 а.
5059;5053;274033107;Қоғалы 2 а.
5060;5053;274033108;Қойсаралжын а.
5061;5053;274033109;Мортық Боранбай а.
5062;5053;274033111;Мортық Жандарбек а.
5063;5053;274033112;Кішімортық а.
5064;5053;274033113;Тұрдығұл а.
5065;5053;274033114;Өтепбай а.
5066;5053;274033115;Шошақмола а.
5067;5052;274033200;Ақбалшық а.
5068;5067;274033202;Ақтаң а.
5069;5067;274033203;Жалтыркөл а.
5070;5067;274033204;Көшпан а.
5071;5067;274033205;Өзекбай а.
5072;5067;274033207;Тасоңғар а.
5073;5067;274033208;Шөпоңғар а.
5074;5067;274033209;Қоғалы 1 а.
5075;5052;274033300;Үшкемпір а.
5076;5075;274033302;Дембей а.
5077;5075;274033303;Ефим а.
5078;5075;274033304;Жолқызыл а.
5079;5075;274033306;Иманбайбатығы а.
5080;5075;274033307;Қаразагон а.
5081;5075;274033308;Көнішке а.
5082;5075;274033309;Қожақ а.
5083;5075;274033311;Қосмырза а.
5084;5075;274033312;Сапарбатығы а.
5085;5075;274033313;Сейітқызыл а.
5086;5075;274033314;Тасқұдық а.
5087;5075;274033315;Тулақбай а.
5088;5075;274033316;Еділсор а.
5089;5075;274033317;Жыра 2 а.
5090;5075;274033318;Самен а.
5091;5049;274035000;Жаңажол а.о.
5092;5091;274035100;Жаңажол а.
5093;5092;274035102;Кабушев шарқож
5094;5092;274035103;Плантация
5095;5092;274035105;Тоқсоба а.
5096;5092;274035106;Баубек 1 а.
5097;5092;274035107;Жастұлпар а.
5098;5092;274035108;Қушығанақ а.
5099;5092;274035109;Оңғарорны
5100;5092;274035111;Фазлиорны
5101;5092;274035112;Сегізкебен а.
5102;5091;274035200;Кіші Айдархан а.
5103;5102;274035202;Батыр а.
5104;5102;274035203;Жаңаорын а.
5105;5102;274035204;Қарасу а.
5106;5102;274035205;ПМК
5107;5102;274035206;Савенко а.
5108;5102;274035207;Тереңқұдық а.
5109;5091;274035400;Сарыкөл а.
5110;5109;274035402;Ақсуат а.
5111;5109;274035403;Бесқасқа а.
5112;5109;274035404;Дауымбақ а.
5113;5109;274035405;Дүйсембай а.
5114;5109;274035406;Жорта а.
5115;5109;274035408;Қаражігіт а.
5116;5109;274035409;Қамыстыкөл а.
5117;5109;274035411;Мардан а.
5118;5109;274035414;Мұстафа а.
5119;5109;274035415;Постройка а.
5120;5109;274035416;Сайхы а.
5121;5109;274035417;Тәуке а.
5122;5109;274035418;Тайбұқа а.
5123;5109;274035419;Тұщыөзен а.
5124;5109;274035421;Шәуен а.
5125;5109;274035422;Ақмола а.
5126;5109;274035423;Бекбике а.
5127;5109;274035425;Нәрік а.
5128;5049;274037000;Жаңақазан а.о.
5129;5128;274037100;Жаңақазан а.
5130;5129;274037102;Әли а.
5131;5129;274037103;Ағым а.
5132;5129;274037104;Батау а.
5133;5129;274037107;Дәулет а.
5134;5129;274037109;Жүніс а.
5135;5129;274037112;Күті а.
5136;5129;274037113;Қадыр а.
5137;5129;274037114;Қазы а.
5138;5129;274037115;Қалмақшығыл а.
5139;5129;274037116;Қажия а.
5140;5129;274037118;Қойқұм а.
5141;5129;274037119;Құрмаш а.
5142;5129;274037124;Молдамұрат а.
5143;5129;274037125;Нұғман а.
5144;5129;274037134;Шәкібай а.
5145;5129;274037135;Шағала а.
5146;5129;274037136;Әйіпсай а.
5147;5129;274037137;Куспан а.
5148;5129;274037138;Хайролла а.
5149;5129;274037139;Бұзауой а.
5150;5129;274037141;Үшқұдық а.
5151;5128;274037400;Жуалыой а.
5152;5151;274037402;Әбіл а.
5153;5151;274037403;Байкенже а.
5154;5151;274037404;Бекмағамбет а.
5155;5151;274037408;Ешкі а.
5156;5151;274037409;Қабыл а.
5157;5151;274037411;Қабден а.
5158;5151;274037412;Мұқан а.
5159;5151;274037413;Мырзабай а.
5160;5151;274037414;Төлепқали а.
5161;5151;274037415;Абил а.
5162;5151;274037416;Асабай а.
5163;5151;274037417;Сарыбай а.
5164;5049;274043000;Көпжасар а.о.
5165;5164;274043100;Көпжасар а.
5166;5165;274043102;Әукентай а.
5167;5165;274043103;Айпара а.
5168;5165;274043104;Аққұдық а.
5169;5165;274043105;Каттыкудук а.
5170;5165;274043106;Ащықызыл а.
5171;5165;274043107;Байсымақ а.
5172;5165;274043108;Балапан а.
5173;5165;274043109;Бозайғыр а.
5174;5165;274043111;Дізгінтөбе а.
5175;5165;274043112;Досан 1 а.
5176;5165;274043113;Досан 2 а.
5177;5165;274043114;Доснияз а.
5178;5165;274043115;Жолқызыл а.
5179;5165;274043116;Жынғылды а.
5180;5165;274043117;Терек а.
5181;5165;274043118;Кенжебай а.
5182;5165;274043119;Изгаш а.
5183;5165;274043121;Кішісалтанат а.
5184;5165;274043122;Қазыбай 1 а.
5185;5165;274043123;Қазыбай 2 а.
5186;5165;274043124;Қандыкөл а.
5187;5165;274043125;Қайыр а.
5188;5165;274043126;Қартабай а.
5189;5165;274043127;Қоңырқұдық а.
5190;5165;274043128;Қосшыңырау а.
5191;5165;274043131;Қоңырқұдық а.
5192;5165;274043132;Қияқты 1 а.
5193;5165;274043133;Қаппан-Казыл а.
5194;5165;274043134;Қырғын а.
5195;5165;274043135;Өгізқұдық а.
5196;5165;274043137;Саздыбөлек а.
5197;5165;274043139;Тасқұдық а.
5198;5165;274043141;Тонаша а.
5199;5165;274043142;Түйеқұдық а.
5200;5165;274043143;Үшқызыл а.
5201;5165;274043144;Шарап а.
5202;5165;274043145;Шеру а.
5203;5165;274043146;Шоқа а.
5204;5165;274043147;Мамен а.
5205;5165;274043148;Талдыапан а.
5206;5165;274043149;Інгенөлген а.
5207;5164;274043200;Салтанат а.
5208;5164;274043300;Саралжын а.
5209;5049;274045000;Қызылоба а.о.
5210;5209;274045100;Қызылоба а.
5211;5210;274045102;Арыстанбек а.
5212;5210;274045104;Бесапан а.
5213;5210;274045105;Бозоба а.
5214;5210;274045107;Боранбай а.
5215;5210;274045108;Талсай 1 а.
5216;5210;274045109;Жаңаорын
5217;5210;274045111;Жантума а.
5218;5210;274045114;Ибрагим а.
5219;5210;274045116;Көшім орын
5220;5210;274045117;Құлпытас а.
5221;5210;274045118;Құмырұзақ а.
5222;5210;274045119;Лагер
5223;5210;274045121;Малақай а.
5224;5210;274045122;Мақсот а.
5225;5210;274045123;Өркен а.
5226;5210;274045124;Станислав а.
5227;5210;274045125;Тайпақ а.
5228;5210;274045126;Тоқтықұдық а.
5229;5210;274045127;Толсай а.
5230;5210;274045128;Шетен а.
5231;5210;274045129;Шымқұдық а.
5232;5210;274045134;Шайдолла а.
5233;5209;274045200;Айтпай а.
5234;5233;274045205;Богет а.
5235;5233;274045206;Карамола а.
5236;5233;274045207;Қырқыморын а.
5237;5233;274045208;Мырзагай а.
5238;5233;274045209;Хафиз а.
5239;5209;274045400;Төртқұлақ а.
5240;5239;274045405;Бақша а.
5241;5239;274045407;Парфел а.
5242;5239;274045409;Тама а.
5243;5049;274047000;Маштексай а.о.
5244;5243;274047100;Маштексай а.
5245;5244;274047102;Ащықұдық а.
5246;5244;274047103;Бердібек а.
5247;5244;274047104;Жанке а.
5248;5244;274047105;Нығымет а.
5249;5244;274047106;Өтебай а.
5250;5244;274047107;Саралжын а.
5251;5244;274047108;Шәйкен а.
5252;5244;274047109;Шомбал а.
5253;5244;274047111;Байсұлтан а.
5254;5244;274047113;Бостыбай а.
5255;5244;274047115;Жанту а.
5256;5244;274047117;Қисық а.
5257;5244;274047118;Көккөз 1 а.
5258;5244;274047119;Көккөз 2 а.
5259;5244;274047121;Көккөз 3 а.
5260;5244;274047123;Қоңырқұдық а.
5261;5243;274047400;Мұқыр а.
5262;5261;274047402;Айжарық а.
5263;5261;274047404;Жанап а.
5264;5261;274047405;Көкмола а.
5265;5261;274047406;Қоскөл а.
5266;5261;274047407;Қойтоғыл а.
5267;5261;274047408;Қыдырбай а.
5268;5261;274047409;Қызылқабақ а.
5269;5261;274047411;Қырмакатон а.
5270;5261;274047412;Сарыжан а.
5271;5261;274047413;Сауынқызыл а.
5272;5261;274047414;Манке а.
5273;5261;274047415;Тереңкөл а.
5274;5261;274047416;Шалқар а.
5275;5261;274047417;Шанбай а.
5276;5261;274047418;Шаншар а.
5277;5261;274047419;Шошақшағыл а.
5278;5261;274047423;Жылқыбай а.
5279;5261;274047425;Мәңке 1 а.
5280;5049;274049000;Меңдешев а.о.
5281;5280;274049100;Қырқопа а.
5282;5281;274049102;Ақсай 1 а.
5283;5281;274049103;Ақсай 2 а.
5284;5281;274049104;Ақүй а.
5285;5281;274049105;Кешен
5286;5281;274049106;Қызылбас а.
5287;5281;274049107;Байтөк а.
5288;5281;274049108;Жетіқұдық а.
5289;5281;274049109;Қарабарақ а.
5290;5281;274049111;Күрілдеуік а.
5291;5281;274049112;Делгір а.
5292;5281;274049113;Жолқұдық а.
5293;5281;274049114;Қаразагон а.
5294;5281;274049115;Күйген а.
5295;5281;274049116;Сарыкөбен а.
5296;5281;274049117;Сүгірәлі а.
5297;5281;274049118;Орысқопа а.
5298;5049;274053000;Пятимар а.о.
5299;5298;274053100;Пятимар а.
5300;5298;274053200;Аққұс а.
5301;5300;274053202;Атауқұдық а.
5302;5300;274053204;Керей а.
5303;5300;274053205;Кіндікбидәйық а.
5304;5300;274053206;Омаркыстау а.
5305;5298;274053400;Борық а.
5306;5305;274053402;Бесоба а.
5307;5305;274053403;Беспай а.
5308;5305;274053404;Бетеге а.
5309;5305;274053405;Қадыркүл а.
5310;5305;274053406;Қожан а.
5311;5305;274053407;Қособа а.
5312;5305;274053408;Қошпан а.
5313;5305;274053409;Сағатерек а.
5314;5298;274053500;Плантация а.
5315;5314;274053502;Байтал а.
5316;5314;274053503;Жапақ а.
5317;5314;274053504;Зинепқұдық а.
5318;5314;274053505;Қамыстыкөл а.
5319;5314;274053506;Қызылоба а.
5320;5314;274053507;Телятово а.
5321;5314;274053508;Қарамола а.
5322;5314;274053509;Мұхамбет а.
5323;5314;274053511;Сарышығанақ 1 а.
5324;5314;274053512;Сарышығанақ 2 а.
5325;4734;274200000;Жәнібек ауданы
5326;5325;274230000;Жәнібек а.о.
5327;5326;274230100;Жәнібек а.
5328;5327;274230102;Новая Жизнь а.
5329;5327;274230103;Бордақылау орны
5330;5327;274230104;Ұмтыл а.
5331;5325;274233000;Ақоба а.о.
5332;5331;274233100;Ақоба а.
5333;5332;274233102;Ақкөл а.
5334;5332;274233103;Бруцеллез а.
5335;5332;274233104;Дәулет а.
5336;5332;274233105;Зәкәрия а.
5337;5332;274233106;Кузнец а.
5338;5332;274233108;Мишка 1 а.
5339;5332;274233109;Мишка 2 а.
5340;5332;274233111;Миян а.
5341;5332;274233112;Молотов 1 а.
5342;5332;274233113;Молотов 2 а.
5343;5332;274233114;Орджоникидзе а.
5344;5332;274233115;Оян 1 а.
5345;5332;274233117;Передаточный а.
5346;5332;274233118;Пайыл а.
5347;5332;274233122;Соркөл 1 а.
5348;5332;274233123;Сүлеймен а.
5349;5332;274233124;Терек а.
5350;5332;274233126;Беркәлі а.
5351;5332;274233127;Дружба а.
5352;5332;274233128;Жиенбет а.
5353;5332;274233129;Сарай 1 а.
5354;5332;274233131;Сарай 2 а.
5355;5332;274233132;Соркөл 2 а.
5356;5325;274235000;Борсы а.о.
5357;5356;274235100;Борсы а.
5358;5357;274235102;Бөгет а.
5359;5357;274235103;Вышка а.
5360;5357;274235105;Хайдар а.
5361;5356;274235200;Тегісшіл а.
5362;5361;274235208;Таткен а.
5363;5361;274235209;Алпауыз а.
5364;5325;274237000;Жақсыбай а.о.
5365;5364;274237100;Жақсыбай а.
5366;5365;274237102;Айдарлы а.
5367;5365;274237104;Зәкір а.
5368;5365;274237105;Қаракес а.
5369;5365;274237106;Молотов а.
5370;5365;274237107;Орошаемое а.
5371;5365;274237108;Жалпақбас а.
5372;5365;274237112;Төрехан а.
5373;5365;274237113;Третий а.
5374;5365;274237118;Ертарғын а.
5375;5365;274237119;Жалын а.
5376;5364;274237300;Ақадыр а.
5377;5325;274243000;Күйгенкөл а.о.
5378;5377;274243100;Жасқайрат а.
5379;5378;274243102;Алтықашар а.
5380;5378;274243103;Арғыбет а.
5381;5378;274243104;ГЭС
5382;5378;274243105;Бақ
5383;5377;274243200;Қолтабан а.
5384;5383;274243202;Астаусалған а.
5385;5383;274243203;Бұхар а.
5386;5383;274243204;Қарақұдық а.
5387;5383;274243205;Сарбоз а.
5388;5383;274243209;Шошқа а.
5389;5377;274243300;Құрсай а.
5390;5389;274243305;Қоғалы а.
5391;5389;274243306;Кішіқұрсай а.
5392;5389;274243307;Күйгенкөл а.
5393;5389;274243309;Саралжын а.
5394;5389;274243312;Төбебас а.
5395;5389;274243315;Шарбаққыры а.
5396;5389;274243316;Бескашар а.
5397;5377;274243400;Өнеге а.
5398;5397;274243402;Әліп а.
5399;5397;274243403;Әбдохай а.
5400;5397;274243404;Арыстанғали а.
5401;5397;274243405;Арық а.
5402;5397;274243406;Бірәлі а.
5403;5397;274243407;Дәулет а.
5404;5397;274243409;Қантай а.
5405;5397;274243411;Қойшы а.
5406;5397;274243412;Құрманғазы а.
5407;5397;274243413;Қызылоба а.
5408;5397;274243414;Өктеш ауылы а.
5409;5397;274243415;Өктеш шалашы
5410;5397;274243417;Талас а.
5411;5397;274243418;Темірғали а.
5412;5325;274245000;Қамысты а.о.
5413;5412;274245100;Қамысты а.
5414;5413;274245107;Ескімай а.
5415;5413;274245109;Қамысты а.
5416;5413;274245111;Сорғы
5417;5413;274245113;Саралжын а.
5418;5413;274245117;Первое Мая а.
5419;5413;274245118;Абен а.
5420;5413;274245119;Асима а.
5421;5413;274245121;Жаилма а.
5422;5413;274245122;Жаңа-тұрмыс а.
5423;5413;274245123;Жел қалақ а.
5424;5413;274245124;Мәстек а.
5425;5325;274247000;Талов а.о.
5426;5425;274247100;Талов а.
5427;5426;274247102;Аманат а.
5428;5426;274247108;Комсомол а.
5429;5425;274247200;Майтүбек а.
5430;5325;274249000;Тау а.о.
5431;5430;274249100;Тау а.
5432;5431;274249102;Бәсеке а.
5433;5431;274249103;Жігер 1 а.
5434;5431;274249104;Жігер 2 а.
5435;5431;274249105;Жыра а.
5436;5431;274249106;Нұғман а.
5437;5431;274249107;Қошақай а.
5438;5431;274249109;Сапи а.
5439;5431;274249111;Стандарт а.
5440;5431;274249112;Третий а.
5441;5431;274249114;Шеген а.
5442;5431;274249115;Ерғазы а.
5443;5431;274249116;Тұяқ а.
5444;5430;274249200;Жігер а.
5445;5444;274249206;Соналы 1 а.
5446;5444;274249207;Соналы 2 а.
5447;5430;274249300;И.Жұмаев атын.а.
5448;5447;274249303;Есқақ а.
5449;5447;274249307;Татран а.
5450;5447;274249309;Ғиззат а.
5451;5447;274249312;Ұмтыл а.
5452;5325;274253000;Ұзынкөл а.о.
5453;5452;274253100;Ұзынкөл а.
5454;5453;274253107;Абдолла а.
5455;5453;274253111;Мыңжас а.
5456;5453;274253115;Нығмет а.
5457;5453;274253117;Мұратсай а.
5458;5453;274253118;Азамат а.
5459;5453;274253119;Апақаш а.
5460;5453;274253121;Арашаем а.
5461;5453;274253122;Баймұрат а.
5462;5453;274253123;Бруцеллез а.
5463;5453;274253124;Ибраим а.
5464;5453;274253125;Шамұрат а.
5465;5452;274253200;Еңбекші а.
5466;5465;274253204;Алтықашар
5467;5465;274253206;Бірінші а.
5468;5465;274253209;Инженер а.
5469;5465;274253213;Тәни а.
5470;4734;274400000;Бәйтерек ауданы
5471;5470;274430000;Переметное а.о.
5472;5471;274430100;Переметное а.
5473;5471;274430200;Забродино а.
5474;5473;274430209;Усихино а.
5475;5471;274430300;Калининское а.
5476;5471;274430400;Болашақ а.
5477;5471;274430500;Поливное а.
5478;5471;274430700;Қаражар а.
5479;5470;274431000;Дария а.о.
5480;5479;274431100;Дарьинское а.
5481;5479;274431200;Озерное а.
5482;5481;274431202;Радиоорталық
5483;5470;274433000;Атамекен а.о.
5484;5483;274433100;Атамекен а.
5485;5483;274433200;Гремячее а.
5486;5483;274433300;Қайнар а.
5487;5486;274433302;рзд.13
5488;5470;274435000;Зеленый а.о.
5489;5488;274435100;Зеленое а.
5490;5470;274439000;Бейбітшілік а.о.
5491;5490;274439100;Бейбітшілік а.
5492;5490;274439200;Астафьево а.
5493;5490;274439300;Сырым батыр а.
5494;5490;274439400;Чапурино а.
5495;5470;274441000;Көшім а.о.
5496;5495;274441100;Үлкен Шаған а.
5497;5496;274441102;Иртикеев үйі
5498;5496;274441103;Волков-Суворов үйі
5499;5496;274441104;ЛДПС Үлкен Шаған
5500;5496;274441105;Үлкен Шаған қосалқыстансасы
5501;5496;274441106;Дала қосы
5502;5495;274441300;Ақсу а.
5503;5502;274441302;Хонинаүйі
5504;5495;274441400;Колесово а.
5505;5495;274441500;Көшім а.
5506;5505;274441502;Көшім қосалқыстансасы
5507;5505;274441503;Дала қосы
5508;5495;274441600;Кіші Шаған а.
5509;5495;274441700;Өркен а.
5510;5509;274441702;Степное 2 а.
5511;5509;274441703;Цинковая а.
5512;5470;274443000;Макаров а.о.
5513;5512;274443100;Макарово а.
5514;5512;274443200;Мирное а.
5515;5512;274443300;Садовое а.
5516;5512;274443600;Жалын а.
5517;5470;274445000;Мичурин а.о.
5518;5517;274445100;Мичуринское а.
5519;5518;274445102;Пеленгатор
5520;5517;274445300;Жамбыл а.
5521;5517;274445400;Зеленое а.
5522;5521;274445402;Көпір
5523;5517;274445500;Асан а.
5524;5517;274445600;Октябрьское а.
5525;5524;274445602;Турбаза
5526;5470;274447000;Шалғай а.о.
5527;5526;274447100;Шалғай а.
5528;5526;274447300;Тыңдала а.
5529;5526;274447400;Таловая а.
5530;5470;274453000;Раздольный а.о.
5531;5530;274453100;Раздольное а.
5532;5530;274453200;Ақбидай а.
5533;5470;274455000;Белес а.о.
5534;5533;274455100;Белес а.
5535;5534;274455102;рзд.Кордон
5536;5533;274455200;Ақжол а.
5537;5470;274457000;Рубежин а.о.
5538;5537;274457100;Рубежинское а.
5539;5470;274459000;Егіндібұлақ а.о.
5540;5539;274459100;Егіндібұлақ а.
5541;5539;274459200;Алмалы а.
5542;5470;274461000;Байқоныс а.о.
5543;5542;274461100;Байқоныс а.
5544;5542;274461200;Володарское а.
5545;5542;274461300;Жайық а.
5546;5542;274461400;Новенькое а.
5547;5470;274463000;Достық а.о.
5548;5547;274463100;Достық а.
5549;5547;274463400;Красный Урал а.
5550;5547;274463700;Чувашинское а.
5551;5470;274465000;Махамбет а.о.
5552;5551;274465100;Махамбет а.
5553;5551;274465200;Горбуново а.
5554;5551;274465300;Кожевниково а.
5555;5551;274465400;Павлово а.
5556;5470;274467000;Құрманғазы а.о.
5557;5556;274467100;Құрманғазы а.
5558;5556;274467200;Аманат а.
5559;5470;274469000;Сұлу көл а.о.
5560;5559;274469100;Сұлу көл а.
5561;5470;274471000;Чиров а.о.
5562;5561;274471100;Чирово а.
5563;5561;274471200;Балабаново а.
5564;5470;274475000;Щапов а.о.
5565;5564;274475100;Щапово а.
5566;5564;274475400;Жаңатаң а.
5567;5566;274475402;Солтыкүйі
5568;5470;274477000;Янайкин а.о.
5569;5568;274477100;Янайкино а.
5570;5569;274477102;Малшаруашылығы фирмасы
5571;5568;274477200;Богатск а.
5572;5568;274477300;Скворкино а.
5573;5470;274479000;Январцев а.о.
5574;5573;274479100;Январцево а.
5575;5574;274479102;Оператор үйі
5576;5573;274479200;Кирсаново а.
5577;5573;274479300;Петрово а.
5578;5573;274479400;Красноармейское а.
5579;5573;274479500;Чинарево а.
5580;5573;274479600;Спартак а.
5581;4734;274800000;Казталовка ауданы
5582;5581;274830000;Казталовка а.о.
5583;5582;274830100;Казталовка а.
5584;5582;274830200;Бозоба а.
5585;5584;274830202;Бозой а.
5586;5584;274830203;Долдаш а.
5587;5584;274830204;Жұмагүл а.
5588;5584;274830205;Қайран а.
5589;5584;274830206;Қайырбай а.
5590;5584;274830208;Қуандық а.
5591;5584;274830209;Нүкен а.
5592;5584;274830212;Молокино а.
5593;5584;274830213;Сүндетшеген а.
5594;5584;274830214;Төлеш а.
5595;5584;274830215;Өтей а.
5596;5584;274830216;Шолақсай а.
5597;5584;274830218;Байтұрған а.
5598;5584;274830219;Қуан а.
5599;5582;274830300;Қоныс а.
5600;5599;274830303;Қапай а.
5601;5599;274830304;Маубас а.
5602;5599;274830305;Бордақылау орны
5603;5599;274830306;Ерікті қала а.
5604;5582;274830400;Сексенбаев а.
5605;5604;274830402;Бек а.
5606;5604;274830404;Қарасу а.
5607;5604;274830405;Қамысқора
5608;5604;274830406;Нұғыман а.
5609;5604;274830407;Майтан а.
5610;5604;274830408;Мышым а.
5611;5604;274830411;Сайқұдық а.
5612;5604;274830416;Шаути а.
5613;5604;274830417;Шоқақ а.
5614;5604;274830418;Алтыбаз а.
5615;5604;274830419;Көппәтер а.
5616;5581;274833000;Ақпатер а.о.
5617;5616;274833100;Ақпатер а.
5618;5617;274833102;АГРЭС
5619;5617;274833103;Байтұрған а.
5620;5617;274833104;Жәгор а.
5621;5617;274833105;Қаракөбік а.
5622;5617;274833106;Посев а.
5623;5617;274833107;Сексенбай а.
5624;5617;274833108;Қоссортан а.
5625;5617;274833109;Тақырсуат а.
5626;5617;274833111;Кішкене шал а.
5627;5617;274833112;Берікқали а.
5628;5617;274833113;Қараағаш 1 а.
5629;5617;274833114;Қараағаш 2 а.
5630;5617;274833115;Қанаткөбік а.
5631;5617;274833116;Меншін а.
5632;5616;274833200;Кішкенеталдықұдық а.
5633;5632;274833203;Бөлекшұбар а.
5634;5632;274833205;Жаңашұбар а.
5635;5581;274835000;Березин а.о.
5636;5635;274835100;Қайыңды а.
5637;5636;274835102;Ақсүйрік а.
5638;5636;274835103;Далабай а.
5639;5636;274835104;Егіндіой а.
5640;5636;274835105;Жаманқұдық а.
5641;5636;274835106;Жалғызшығыр а.
5642;5636;274835109;Нәсіболла а.
5643;5636;274835111;Тереңқұдық а.
5644;5636;274835112;Тоғызқарағай а.
5645;5636;274835113;Хисмет а.
5646;5636;274835115;Сұпыш а.
5647;5636;274835116;Ащысай а.
5648;5636;274835117;Жүністүбек а.
5649;5636;274835118;Кенжеғали а.
5650;5581;274837000;Болашақ а.о.
5651;5650;274837100;Болашақ а.
5652;5651;274837102;Асан а.
5653;5651;274837103;Васкино а.
5654;5651;274837104;Қамай а.
5655;5651;274837105;Қамыстыкөл а.
5656;5651;274837106;Қолғанов а.
5657;5651;274837109;Молотков а.
5658;5650;274837200;Көпкүтір а.
5659;5658;274837202;Ащықұдық а.
5660;5658;274837203;Дуково а.
5661;5658;274837204;Жаңаорын
5662;5658;274837205;Оңайбек а.
5663;5658;274837206;Оспан 1 а.
5664;5658;274837208;Плантация
5665;5658;274837209;Харитон а.
5666;5658;274837211;Чебаково а.
5667;5650;274837300;Жаңатаң а.
5668;5650;274837400;Аққурай а.
5669;5668;274837402;Беденка а.
5670;5668;274837404;Кашка а.
5671;5668;274837406;Садық а.
5672;5668;274837407;Текебай а.
5673;5668;274837408;Тереңқұдық а.
5674;5668;274837409;Тұщықұдық а.
5675;5668;274837411;Шильная балка
5676;5581;274839000;Бостандық а.о.
5677;5676;274839100;Бостандық а.
5678;5677;274839102;Айткүл а.
5679;5677;274839103;Ақсуат а.
5680;5677;274839106;Исқақ а.
5681;5677;274839108;Мұқанбет а.
5682;5677;274839109;Канал а.
5683;5677;274839111;Қайып а.
5684;5677;274839113;Қоңырша а.
5685;5677;274839114;Тасоба а.
5686;5676;274839200;Қаракөл а.
5687;5686;274839202;Ақкөлмек а.
5688;5686;274839203;Бекіш а.
5689;5686;274839204;Бесоба а.
5690;5686;274839205;Бекет а.
5691;5686;274839206;Биеөлген а.
5692;5686;274839209;Жаңабаз а.
5693;5686;274839211;Жаманқұдық а.
5694;5686;274839213;Жылти а.
5695;5686;274839214;Ибатшеген а.
5696;5686;274839216;Қамыстыкөл а.
5697;5686;274839218;Қосарал а.
5698;5686;274839219;Қурайлы а.
5699;5686;274839221;Құлшыман а.
5700;5686;274839222;Нәсіп а.
5701;5686;274839223;Онбай а.
5702;5686;274839225;Сабыр а.
5703;5581;274841000;Бірік а.о.
5704;5703;274841100;Әжібай а.
5705;5704;274841102;Ағашүй
5706;5704;274841104;Құркөл а.
5707;5704;274841105;Лекер а.
5708;5704;274841108;Жұмыр а.
5709;5703;274841200;Қызылту а.
5710;5709;274841202;Ақбасты а.
5711;5709;274841204;Жаңабаз а.
5712;5709;274841206;Кердері а.
5713;5709;274841208;Мәнгүр а.
5714;5709;274841209;Шұңқыркөл а.
5715;5703;274841300;Саралжын а.
5716;5581;274843000;Жалпақтал а.о.
5717;5716;274843100;Жалпақтал а.
5718;5717;274843103;Құлақ а.
5719;5581;274845000;Жаңажол а.о.
5720;5719;274845100;Жаңажол а.
5721;5719;274845200;Әбіш а.
5722;5721;274845202;Назар а.
5723;5721;274845203;Қарасу 1 а.
5724;5721;274845204;Шоқа а.
5725;5721;274845205;Қарасу 2 а.
5726;5721;274845206;Таз а.
5727;5719;274845300;Көмекші а.
5728;5727;274845303;Байжиен а.
5729;5727;274845305;Жылти а.
5730;5727;274845307;Нарөлген а.
5731;5727;274845308;Сақрыл а.
5732;5727;274845309;Төремұрат а.
5733;5719;274845500;Таңат а.
5734;5733;274845502;Айғанша а.
5735;5733;274845503;Арықбай а.
5736;5733;274845504;Даси а.
5737;5733;274845505;Қараоба а.
5738;5733;274845506;Малақан а.
5739;5733;274845507;Бақ
5740;5733;274845509;Қаражыра а.
5741;5733;274845511;Құлақ а.
5742;5733;274845512;Сұлтаншеген а.
5743;5581;274849000;Көктерек а.о.
5744;5743;274849100;Көктерек а.
5745;5744;274849102;Балауса а.
5746;5744;274849103;Майтүбек а.
5747;5744;274849104;Мамай 1 а.
5748;5744;274849106;Тасқұдық а.
5749;5744;274849107;Мамай 2 а.
5750;5744;274849109;Төсқұдық 2 а.
5751;5743;274849300;Оразғали а.
5752;5751;274849303;Әлиқопа а.
5753;5751;274849304;Есболат а.
5754;5751;274849306;Жетікебен а.
5755;5751;274849308;Халайық а.
5756;5751;274849313;Шыбынды а.
5757;5743;274849400;Саралжын а.
5758;5757;274849408;Өтеп а.
5759;5757;274849409;Шегірткелі а.
5760;5757;274849411;Жібек а.
5761;5757;274849412;Полевой а.
5762;5743;274849500;Сатыбалды а.
5763;5581;274851000;Қараоба а.о.
5764;5763;274851100;Қараоба а.
5765;5764;274851103;Алау а.
5766;5764;274851104;Баянбай а.
5767;5764;274851106;Еділбай а.
5768;5764;274851107;Жалын а.
5769;5764;274851108;Комсомол а.
5770;5764;274851109;Мәди а.
5771;5764;274851113;Ұшқын а.
5772;5763;274851200;Еңбек а.
5773;5772;274851202;Әбдіреш а.
5774;5772;274851203;Ақшырақ а.
5775;5772;274851204;Алғали а.
5776;5772;274851205;Елтай а.
5777;5763;274851300;Қонысбай а.
5778;5777;274851302;Жаңабай а.
5779;5777;274851303;Жаңаөрнек а.
5780;5777;274851306;Катон а.
5781;5777;274851308;Темірғали а.
5782;5581;274853000;Қараөзен а.о.
5783;5782;274853100;Қараөзен а.
5784;5783;274853103;Құлақ а.
5785;5783;274853104;Кузьма а.
5786;5782;274853200;Жас а.
5787;5786;274853202;Алкеш а.
5788;5786;274853204;Дүкен а.
5789;5786;274853205;Елексай а.
5790;5786;274853206;Жүзбай а.
5791;5786;274853207;Кадер а.
5792;5786;274853212;Қожантай а.
5793;5786;274853214;Сарышығанақ а.
5794;5786;274853216;Хиуа а.
5795;5786;274853217;Кіші Қорған а.
5796;5786;274853218;Қанатқали а.
5797;5786;274853219;Қожа а.
5798;5786;274853221;Үлкен Қорған а.
5799;5782;274853400;Серік а.
5800;5799;274853402;Ащықұдық 1 а.
5801;5799;274853403;Ащықұдық 2 а.
5802;5799;274853404;Серік шопанның үйі
5803;5799;274853405;Жабайкин а.
5804;5799;274853407;Қарасу 1 а.
5805;5799;274853411;Николай а.
5806;5799;274853414;Күрке
5807;5799;274853415;Темірастау а.
5808;5799;274853416;Жаңа орын а.
5809;5799;274853417;Шахат а.
5810;5581;274855000;Қарасу а.о.
5811;5810;274855100;Қарасу а.
5812;5811;274855103;Төреғали а.
5813;5811;274855104;Айдархан а.
5814;5811;274855105;Қушығанақ 1 а.
5815;5811;274855106;Сарымсақ а.
5816;5811;274855107;Сүттигенді а.
5817;5811;274855108;Тоқсоба а.
5818;5810;274855200;Ащысай а.
5819;5818;274855203;Бесқопа а.
5820;5818;274855204;Дәуқора а.
5821;5818;274855205;Дауылбай а.
5822;5818;274855209;Шолаққопа а.
5823;5810;274855300;Бостандық а.
5824;5810;274855400;Жұлдыз а.
5825;5824;274855403;Базарқұдық а.
5826;5824;274855409;Сулыкөл а.
5827;5824;274855411;Төртпішен а.
5828;5824;274855412;Төреқұдық а.
5829;5581;274857000;Қошанкөл а.о.
5830;5829;274857100;Қошанкөл а.
5831;5830;274857102;Әжкей а.
5832;5830;274857103;Әкеш а.
5833;5830;274857104;Ақсирақ а.
5834;5830;274857105;Бессалом а.
5835;5830;274857106;Болатбазы
5836;5830;274857107;Қаратоқай а.
5837;5830;274857108;Қазақстан а.
5838;5830;274857109;Көктерек а.
5839;5830;274857111;Лұқпан а.
5840;5830;274857113;Новая Жизнь а.
5841;5830;274857114;Тұңғыш а.
5842;5830;274857115;Бөгет а.
5843;5830;274857116;Бозоба а.
5844;5830;274857119;Қарасу а.
5845;5830;274857121;Қитар а.
5846;5830;274857123;Мұқанай а.
5847;5830;274857125;Собақ а.
5848;5829;274857300;Ордабай а.
5849;5848;274857303;Қарамырза а.
5850;5848;274857304;Қарақұдық а.
5851;5848;274857306;Қощан 1 а.
5852;5848;274857307;Кощан 2 а.
5853;5848;274857308;Мақанбазы
5854;5848;274857309;Сейітімбет а.
5855;5848;274857311;Темірболат а.
5856;5848;274857312;Түлептүбеш а.
5857;5581;274859000;Талдыапан а.о.
5858;5857;274859100;Талдыапан а.
5859;5858;274859102;Алмабақ
5860;5858;274859103;Бекбау а.
5861;5858;274859104;Қостанбай а.
5862;5858;274859105;Талсай а.
5863;5858;274859106;Үлкенкөл а.
5864;5857;274859200;Бейістерек а.
5865;5864;274859205;Оразбай а.
5866;5857;274859300;Қайшақұдық а.
5867;5866;274859302;Байбоз а.
5868;5866;274859303;Жаді а.
5869;5866;274859304;Қарағай а.
5870;5866;274859305;Пашка а.
5871;5866;274859306;Отызкебен а.
5872;5857;274859400;Қособа а.
5873;5872;274859402;Қособа 1 а.
5874;5872;274859404;Ықлас а.
5875;5872;274859405;Ормақай а.
5876;5872;274859406;Сарышүнкей а.
5877;5872;274859407;Талап а.
5878;5872;274859409;Жүзқырықыншы км
5879;5872;274859411;Қабыршақ а.
5880;5872;274859412;Тамон 1 а.
5881;5872;274859413;Тамон 2 а.
5882;5857;274859500;Сарықұдық а.
5883;5581;274863000;Талдықұдық а.о.
5884;5883;274863100;Талдықұдық а.
5885;5884;274863106;Құрман а.
5886;5884;274863107;Таскүтір а.
5887;5884;274863109;Қайрат а.
5888;5884;274863111;Атықара а.
5889;5884;274863112;Тереңқұдық а.
5890;5884;274863113;Үрпек а.
5891;5883;274863600;Хайруш а.
5892;5891;274863602;Үрпек а.
5893;5891;274863609;Суйірген а.
5894;5581;274865000;Тереңкөл а.о.
5895;5894;274865100;Нұрсай а.
5896;5895;274865102;Әмірәлі а.
5897;5895;274865103;Бригада
5898;5895;274865104;Итқара а.
5899;5895;274865105;Қырықәтеш а.
5900;5895;274865106;Мешер а.
5901;5895;274865107;Қараой а.
5902;5895;274865108;Кеңбоз а.
5903;5895;274865109;Қалпақ 1 а.
5904;5895;274865111;Қалпақ 2 а.
5905;5895;274865112;Сағыз а.
5906;5895;274865113;Саралжың а.
5907;5895;274865114;Тұржан а.
5908;5895;274865115;Шұбарат а.
5909;5894;274865200;Беспішен а.
5910;5909;274865202;Ерғали а.
5911;5909;274865203;Жұмалы а.
5912;5909;274865204;Карл Маркс 1 а.
5913;5909;274865205;Карл Маркс 2 а.
5914;5909;274865206;Аспалы сал
5915;5909;274865207;Табылғы а.
5916;5909;274865208;Тақырсазанды а.
5917;5909;274865209;Таңішкен а.
5918;5909;274865211;Уәлі а.
5919;5894;274865300;Мереке а.
5920;5919;274865302;Ақболат а.
5921;5919;274865303;Аша а.
5922;5919;274865304;Егіншеген а.
5923;5919;274865305;Қоңыр а.
5924;5919;274865306;Минаж а.
5925;5919;274865307;Молдаш а.
5926;5919;274865308;Сазанды а.
5927;5919;274865309;Совхоз
5928;5919;274865311;Тама а.
5929;5919;274865312;Шора а.
5930;4734;275000000;Қаратөбе ауданы
5931;5930;275030000;Қаратөбе а.о.
5932;5931;275030100;Қаратөбе а.
5933;5931;275030400;Соналы а.
5934;5933;275030402;Ақмешіт а.
5935;5933;275030405;Ескі Шөптікөл а.
5936;5933;275030411;Тереңқұдық а.
5937;5931;275030600;Үшағаш а.
5938;5931;275030800;Шөптікөл а.
5939;5938;275030803;Ақайдар а.
5940;5938;275030804;Бесоба а.
5941;5938;275030806;Алтыбаз а.
5942;5930;275033000;Аққозы а.о.
5943;5942;275033100;Қоржын а.
5944;5943;275033102;Бетшағыл а.
5945;5943;275033104;Қожанияз а.
5946;5943;275033105;Көлкамыс а.
5947;5943;275033107;Жұмағали а.
5948;5942;275033200;Аққозы а.
5949;5948;275033204;Қызылқұдық а.
5950;5942;275033300;Бесоба а.
5951;5950;275033302;Байекес а.
5952;5950;275033304;Нұржаубаз
5953;5950;275033305;Хасанағаш а.
5954;5942;275033400;Қосбаз а.
5955;5954;275033405;Сарықұмақ а.
5956;5930;275035000;Егіндікөл а.о.
5957;5956;275035100;Егіндікөл а.
5958;5957;275035104;Жамансай а.
5959;5957;275035106;Калинин а.
5960;5957;275035107;Қарақоға а.
5961;5957;275035109;Тұрғанбай а.
5962;5956;275035400;Қоскөл а.
5963;5962;275035408;Сәрсенғали а.
5964;5930;275037000;Жусандыой а.о.
5965;5964;275037100;Жусандыой а.
5966;5965;275037104;Бекмағанбет а.
5967;5965;275037107;Ихсан а.
5968;5964;275037200;Ханкөл а.
5969;5968;275037207;Тұрым а.
5970;5930;275039000;Қаракөл а.о.
5971;5970;275039100;Ақтай а.
5972;5970;275039200;Алакөл а.
5973;5972;275039206;Тоқсейіт а.
5974;5930;275045000;Қоскөл а.о.
5975;5974;275045100;Қоскөл а.
5976;5975;275045103;Арештоқжан а.
5977;5975;275045106;Боранбай а.
5978;5975;275045108;Қамыстыкөл а.
5979;5975;275045111;Сатар а.
5980;5975;275045112;Ұшаудан а.
5981;5975;275045113;Шора а.
5982;5974;275045200;Шалғын а.
5983;5982;275045202;Ақбаз а.
5984;5982;275045203;Қален а.
5985;5982;275045205;Қошқарсойған а.
5986;5930;275047000;Саралжың а.о.
5987;5986;275047100;Қарақамыс а.
5988;5987;275047103;Ағалық 2 а.
5989;5987;275047104;Ақбақай а.
5990;5987;275047108;Жолқұдық а.
5991;5987;275047111;Қарақұдық а.
5992;5987;275047113;Маши а.
5993;5987;275047114;Нияз а.
5994;5987;275047117;Толғанбай а.
5995;5987;275047118;Бернияз а.
5996;5987;275047119;Түркебай а.
5997;5987;275047121;Тұрмағамбет а.
5998;5987;275047122;Үшкемпір а.
5999;5986;275047400;Сәуле а.
6000;5999;275047406;Күнту а.
6001;5999;275047409;Таласқұдық а.
6002;5999;275047411;Шоңқайлыкөл а.
6003;5930;275049000;Сулыкөл а.о.
6004;6003;275049100;Сулыкөл а.
6005;6004;275049103;Жетімсай а.
6006;6003;275049300;Темірбек а.
6007;6003;275049400;Төлен а.
6008;6007;275049402;Айшуақ а.
6009;6007;275049406;Рахпан а.
6010;6003;275049500;Үшана а.
6011;6010;275049502;Батпақкөл а.
6012;6010;275049503;Жаңабөгет а.
6013;6010;275049504;Жанбас а.
6014;6010;275049507;Шала а.
6015;6010;275049509;Қарасай а.
6016;4734;275400000;Бөкейордасы ауданы
6017;6016;275430000;Сайқын а.о.
6018;6017;275430100;Сайқын а.
6019;6017;275430200;Большевик а.
6020;6019;275430202;Ақкемпір а.
6021;6019;275430204;Бруцеллез а.
6022;6019;275430205;Гришка а.
6023;6019;275430206;Далбын а.
6024;6019;275430207;Жаңа пункт а.
6025;6019;275430208;Кешен
6026;6019;275430209;Құмқұдық а.
6027;6019;275430212;Құмақ а.
6028;6019;275430213;Жатақорын 340
6029;6019;275430214;Молотов 1 а.
6030;6019;275430215;Молотов 2 а.
6031;6019;275430216;Мұса мекені
6032;6019;275430217;Бақ
6033;6019;275430218;Сатан а.
6034;6019;275430219;Саралжың а.
6035;6019;275430221;Сертекшалаш а.
6036;6019;275430222;Түйеқыстау
6037;6019;275430223;Ұзынқол 1 а
6038;6019;275430224;Ұзынқол 2 а.
6039;6019;275430225;Ұңғысын а.
6040;6017;275430300;Жәрмеңке а.
6041;6040;275430302;Ақгиық а.
6042;6040;275430303;Айдарлы а.
6043;6040;275430304;Ақбұлақ а.
6044;6040;275430305;Аханкөл 1 а.
6045;6040;275430306;Аханкөл 2 а.
6046;6040;275430307;Бектас а.
6047;6040;275430308;Бригада 3
6048;6040;275430309;Бригада 4
6049;6040;275430311;Жұмагелді а.
6050;6040;275430312;Кәмеш а.
6051;6040;275430313;Қалыш а.
6052;6040;275430314;Көктерек а.
6053;6040;275430315;Қопадай а.
6054;6040;275430316;Құрманбай а.
6055;6040;275430317;Құмақ а.
6056;6040;275430318;Пазыл а.
6057;6040;275430319;Лұқпанкөл 1 а.
6058;6040;275430321;Лұқпанкөл 2 а.
6059;6040;275430322;Сарыбасты а.
6060;6040;275430323;Ситәлі а.
6061;6040;275430324;Мекен 9
6062;6040;275430325;Шұңғыл а.
6063;6017;275430400;Шонай а.
6064;6063;275430402;Жолдыбай а.
6065;6063;275430403;Жұмағали а.
6066;6063;275430404;Золотой а.
6067;6063;275430405;Қайып а.
6068;6063;275430406;Қаракөл 1 а.
6069;6063;275430407;Қаракөл 2 а.
6070;6063;275430408;Қаракөл 3 а.
6071;6063;275430409;Жатақорын 365
6072;6063;275430411;Жатақорын 372
6073;6063;275430412;Жатақорын 390
6074;6063;275430413;Первомай а.
6075;6063;275430414;Сарыбасты а.
6076;6063;275430415;Сүндет а.
6077;6063;275430416;Тайғара а.
6078;6063;275430417;мекен 390
6079;6063;275430418;Филимон бағы
6080;6063;275430419;Шоқайкөл 1 а.
6081;6063;275430421;Шоқайкөл 2 а.
6082;6063;275430422;Шоқайкөл 3 а.
6083;6016;275433000;Бисен а.о.
6084;6083;275433100;Бисен а.
6085;6084;275433102;Айбас а.
6086;6084;275433103;Ақайкөл а.
6087;6084;275433104;Ақсор а.
6088;6084;275433105;Ақкемпір а.
6089;6084;275433106;Бегале а.
6090;6084;275433107;Жұлдыз а.
6091;6084;275433111;Минаж а.
6092;6084;275433112;Пайда а.
6093;6084;275433113;Сансызбай а.
6094;6084;275433114;Топжиде 1а.
6095;6084;275433117;Шәміл а.
6096;6084;275433118;Әліпқали а.
6097;6084;275433119;Жұмахмет а.
6098;6084;275433121;Топжиде 2 а.
6099;6083;275433200;Жетібай а.
6100;6099;275433204;Бруцеллез а.
6101;6099;275433205;Уайс а.
6102;6099;275433206;Досым 1 а.
6103;6099;275433207;Досым 2 а.
6104;6099;275433208;Досым 3 а.
6105;6099;275433209;Еркеатан а.
6106;6099;275433211;Жалтыр 1 а.
6107;6099;275433212;Жалқаш а.
6108;6099;275433213;Қараой 1 а.
6109;6099;275433215;Кедебай а.
6110;6099;275433216;Көшкен а.
6111;6099;275433217;Қызылқабақ а.
6112;6099;275433218;Пішпанақ а.
6113;6099;275433219;Рахима а.
6114;6099;275433223;Сақау а.
6115;6099;275433224;Қойма а.
6116;6099;275433226;Шалабай а.
6117;6099;275433227;Бисекен а.
6118;6099;275433228;Досым 4 а.
6119;6099;275433229;Жалтыр 2 а.
6120;6099;275433231;Қараой 2 а.
6121;6099;275433232;Қараой 3 а.
6122;6083;275433300;Жиекқұм а.
6123;6122;275433302;Айтқали а.
6124;6122;275433303;Апақай а.
6125;6122;275433304;Бесқұдық 1 а.
6126;6122;275433305;Бесқұдық 2 а.
6127;6122;275433306;Ескімектеп а.
6128;6122;275433307;Есқали а.
6129;6122;275433308;Жақия а.
6130;6122;275433309;Қарақұл а.
6131;6122;275433312;Көшкен а.
6132;6122;275433313;Мергенбай а.
6133;6122;275433314;Мұрадым а.
6134;6122;275433315;Мысық а.
6135;6122;275433316;Нияз 1 а.
6136;6122;275433317;Нияз 2 а.
6137;6122;275433318;Склад а.
6138;6122;275433319;Рзалы а.
6139;6122;275433321;Түйеөлген 1 а.
6140;6122;275433322;Хамза а.
6141;6122;275433323;Айтқали 2 а.
6142;6122;275433324;Ғатау а.
6143;6122;275433325;Түйеөлген 2 а.
6144;6083;275433400;Көктерек а.
6145;6144;275433402;Ақкөлмек а.
6146;6144;275433403;Бахай а.
6147;6144;275433404;Бегалы а.
6148;6144;275433405;Бестөбе а.
6149;6144;275433407;Ескіферма
6150;6144;275433408;Жазағали а.
6151;6144;275433409;Жаманқора
6152;6144;275433411;Жұмағали а.
6153;6144;275433412;Ыбрайым а.
6154;6144;275433413;Қарақалпақ а.
6155;6144;275433415;Қараүңгір а.
6156;6144;275433418;Мақай а.
6157;6144;275433419;Меңдіхан а.
6158;6144;275433422;Нұрпейіс а.
6159;6144;275433423;Ойтақан а.
6160;6144;275433424;Сатыпалды а.
6161;6144;275433425;Сүтшіғали а.
6162;6144;275433426;Хайролла а.
6163;6144;275433427;Шандыр а.
6164;6144;275433428;Шәпи а.
6165;6144;275433429;Шүкірғали а.
6166;6144;275433431;Жалғызшағыл а.
6167;6144;275433432;Насимолла а.
6168;6144;275433433;Өтебәлі а.
6169;6016;275435000;Ұялы а.о
6170;6169;275435100;Ұялы а.
6171;6170;275435103;Арыстан а.
6172;6170;275435104;Базарбай а.
6173;6170;275435105;Бірімжар а.
6174;6170;275435106;Дөңгелек а.
6175;6170;275435107;Ескісельпо а.
6176;6170;275435108;Жүніс 1 а.
6177;6170;275435111;Зұлқарнай а.
6178;6170;275435112;Қази а.
6179;6170;275435113;Қалық а.
6180;6170;275435114;Қызылүй а.
6181;6170;275435116;Орақ а.
6182;6170;275435117;Сары а.
6183;6170;275435119;Тәжіман а.
6184;6170;275435121;Теміреш а.
6185;6170;275435122;Өмірбек а.
6186;6170;275435123;Тереңқұдық а.
6187;6170;275435124;Байқонақ а.
6188;6170;275435125;Бірлік а.
6189;6170;275435126;Дүйсемәлі а.
6190;6170;275435127;Жолқұдық а.
6191;6170;275435128;Миялыой а.
6192;6170;275435129;Мүсірғали а.
6193;6170;275435131;Салық а.
6194;6170;275435132;Науша а.
6195;6170;275435133;Жұмалы а.
6196;6170;275435134;Толыбай а.
6197;6170;275435135;Файзолла а.
6198;6169;275435200;Кеңой а.
6199;6198;275435202;Адік а.
6200;6198;275435203;Ақмектеп а.
6201;6198;275435204;Аманғали а.
6202;6198;275435205;Арал а.
6203;6198;275435206;Дүйсенғали а.
6204;6198;275435207;Жайлау а.
6205;6198;275435208;Жазит а.
6206;6198;275435209;Жұмабек а.
6207;6198;275435211;Ибіс а.
6208;6198;275435212;Имаш а.
6209;6198;275435213;Илял а.
6210;6198;275435214;Қабеш а.
6211;6198;275435216;Қаражұма а.
6212;6198;275435217;Кенжеғара а.
6213;6198;275435218;Қуат а.
6214;6198;275435219;Построй а.
6215;6198;275435222;Түнпет а.
6216;6198;275435223;Андаш а.
6217;6198;275435224;Дүйсенбай а.
6218;6016;275437000;Темір Масин ат.а.о.
6219;6218;275437100;Бөрілі а.
6220;6219;275437102;Ақкөл а.
6221;6219;275437103;Бабас а.
6222;6219;275437105;Балбай а.
6223;6219;275437106;Дәулетқали а.
6224;6219;275437108;Қақпасор а.
6225;6219;275437109;Қаракенже а.
6226;6219;275437111;Қарабас а.
6227;6219;275437112;Қалисақып а.
6228;6219;275437113;Қоңыршеген а.
6229;6219;275437114;Құмысқали а.
6230;6219;275437115;Мұхай а.
6231;6219;275437116;Мырзағали а.
6232;6219;275437117;Мырзагерей а.
6233;6219;275437118;Оспан а.
6234;6219;275437119;Қадем а.
6235;6219;275437121;Сәрсен а.
6236;6219;275437122;Склад а.
6237;6219;275437123;Строй а.
6238;6219;275437124;Танкіш а.
6239;6219;275437125;Тоғызқұдық а.
6240;6219;275437126;Шаңдыкөл а.
6241;6219;275437127;Шахман а.
6242;6219;275437128;Шынтемір а.
6243;6219;275437129;Ақбұзау а.
6244;6219;275437131;Жалғызтал а.
6245;6219;275437132;Жетіжылдық а.
6246;6219;275437133;Қайырболат а.
6247;6219;275437134;Қарабай а.
6248;6219;275437135;Мұханбетқали а.
6249;6219;275437136;Солташ а.
6250;6219;275437137;Сырмақ а.
6251;6219;275437138;Ұйымдас а.
6252;6219;275437139;Хамза а.
6253;6219;275437141;Хасайын а.
6254;6219;275437142;Шайхолла а.
6255;6219;275437143;Ізбас 1 а.
6256;6219;275437144;Ізбас 2 а.
6257;6219;275437145;Куйбышев а.
6258;6219;275437146;Жігер а.
6259;6218;275437300;Тереңқұдық а.
6260;6259;275437303;Аққыстау а.
6261;6259;275437304;Дола а.
6262;6259;275437305;Дүйсенғали а.
6263;6259;275437306;Кәмелден а.
6264;6259;275437308;Мағзомсары а.
6265;6259;275437309;Садық а.
6266;6259;275437311;Самал а.
6267;6259;275437312;Саламат а.
6268;6016;275439000;Мұратсай а.о.
6269;6268;275439100;Мұратсай а.
6270;6269;275439105;Көкқамыс а.
6271;6269;275439106;мекен 26
6272;6268;275439200;Әжен а.
6273;6272;275439202;Әпет а.
6274;6272;275439204;Ғиззат а.
6275;6272;275439207;Қошжан а.
6276;6272;275439208;Қуанышәлі а.
6277;6272;275439209;Құпқа а.
6278;6272;275439212;Мағзом а.
6279;6272;275439213;Мұхат а.
6280;6272;275439215;Терек а.
6281;6268;275439400;Тайғара а.
6282;6281;275439405;Қәбдір 1 а.
6283;6281;275439406;Қәбдір 2 а.
6284;6281;275439407;Қәбдір 3 а.
6285;6281;275439408;Құбаш а.
6286;6281;275439409;Майғара 1 а.
6287;6281;275439411;Майғара 2 а.
6288;6281;275439412;Мәзілбек 1 а.
6289;6281;275439413;Мәзілбек 2 а.
6290;6281;275439414;Мәзілбек 3 а.
6291;6016;275443000;Орда а.о.
6292;6291;275443100;Хан Ордасы а.
6293;6292;275443105;Арыстанғали а.
6294;6291;275443300;Қарасу а.
6295;6294;275443302;Ақферма
6296;6294;275443303;Арыстанғали а.
6297;6294;275443304;Арон а.
6298;6294;275443305;Бәтен а.
6299;6294;275443306;Бекес а.
6300;6294;275443307;Бесбала а.
6301;6294;275443308;Бисен а.
6302;6294;275443311;Жаңаталап а.
6303;6294;275443312;Жаңааула
6304;6294;275443313;Жыра а.
6305;6294;275443314;Кәдем а.
6306;6294;275443316;Кәмеш 2 а.
6307;6294;275443317;Қазанқап а.
6308;6294;275443318;Қандыағаш а.
6309;6294;275443319;Қарабала а.
6310;6294;275443321;Қареке а.
6311;6294;275443322;Қараорыс а.
6312;6294;275443323;Қарағұл а.
6313;6294;275443325;Курорт
6314;6294;275443326;Майлықуыс а.
6315;6294;275443327;Мат а.
6316;6294;275443328;Меңжан а.
6317;6294;275443329;Аудденсаулықсақтау
6318;6294;275443331;Рахмет а.
6319;6294;275443332;Бақ
6320;6294;275443333;Самат а.
6321;6294;275443334;Самиғолла а.
6322;6294;275443335;Сапар а.
6323;6294;275443336;Қос
6324;6294;275443337;Садық а.
6325;6294;275443338;Сырәлі а.
6326;6294;275443339;Соқырқарт а.
6327;6294;275443341;Сүйінәлі а.
6328;6294;275443342;мекен 4
6329;6294;275443343;мекен 10
6330;6294;275443344;мекен 11
6331;6294;275443345;Шамақ а.
6332;6294;275443346;Ысық а.
6333;6294;275443347;Бибол а.
6334;6294;275443348;Елеу а.
6335;6294;275443349;Жалғыз қарағай а.
6336;6294;275443351;Қара оба а.
6337;6294;275443352;Солдат жиде а.
6338;6294;275443354;Шайман а.
6339;6291;275443400;Сейітқали а.
6340;6339;275443402;Әбутәлі а.
6341;6339;275443403;Әйтен а.
6342;6339;275443404;Айтәлі а.
6343;6339;275443405;Аймекен а.
6344;6339;275443407;Бақыш 2 а.
6345;6339;275443408;Бозай а.
6346;6339;275443409;Қартқожақ а.
6347;6339;275443411;Көпмола а.
6348;6339;275443412;Құбайт а.
6349;6339;275443413;Кешен
6350;6339;275443414;Қуанәлі а.
6351;6339;275443415;Қырықүй а.
6352;6339;275443416;Мағаз а.
6353;6339;275443417;Мақар а.
6354;6339;275443418;Минай а.
6355;6339;275443419;Ружан а.
6356;6339;275443421;Сайын а.
6357;6339;275443423;Сырға а.
6358;6339;275443424;Ташу а.
6359;6339;275443425;Тінәлі а.
6360;6339;275443426;мекен 1
6361;6339;275443427;мекен 2
6362;6339;275443428;мекен 3
6363;6339;275443429;мекен 4
6364;6339;275443431;мекен 5
6365;6339;275443432;мекен 6
6366;6339;275443433;мекен 7
6367;6339;275443434;мекен 8
6368;6339;275443435;мекен 38
6369;6339;275443436;Уап а.
6370;6339;275443438;Чумный а.
6371;6339;275443439;Шәміш а.
6372;6339;275443441;Шортанғали а.
6373;6339;275443442;Боздақ а.
6374;6339;275443443;Казарма а.
6375;6339;275443444;мекен 3 екі
6376;6339;275443445;Минай 2 а.
6377;6339;275443446;Подхоз а.
6378;6291;275443500;Үштерек а.
6379;6378;275443502;Әліпқали а.
6380;6378;275443503;Ақсай а.
6381;6378;275443504;Аққыстау а.
6382;6378;275443505;Ақсор а.
6383;6378;275443507;Ғайнолла а.
6384;6378;275443508;Дорба а.
6385;6378;275443509;Ебін а.
6386;6378;275443511;Ескендір а.
6387;6378;275443512;Ескімектеп а.
6388;6378;275443513;Ерсайын а.
6389;6378;275443514;Жаңааула
6390;6378;275443515;Қарабөлтек а.
6391;6378;275443516;Қожахмет а.
6392;6378;275443517;Қоңырбай а.
6393;6378;275443518;Қызылағаш а.
6394;6378;275443519;Мұрат а.
6395;6378;275443521;Қос
6396;6378;275443522;Сүлеймен а.
6397;6378;275443523;Ұлмекен а.
6398;6378;275443525;Шау а.
6399;6378;275443526;Шау 2 а.
6400;6378;275443527;Абдол а.
6401;6378;275443528;Қос 2 а.
6402;6016;275447000;Саралжың а.о.
6403;6402;275447100;Саралжың а.
6404;6403;275447102;Ақой а.
6405;6403;275447103;Қараой а.
6406;6403;275447104;Қарақұдық а.
6407;6403;275447106;Қызылой а.
6408;6403;275447107;Молжыра а.
6409;6403;275447108;Ысықой а.
6410;6403;275447109;Сүйектіжыра а.
6411;6403;275447136;Құрманкөл 2 а.
6412;6403;275447137;Молжыра а.
6413;6403;275447138;Мұстахи а.
6414;6403;275447139;Теректі жыра а.
6415;6403;275447141;Шүкір қыстағы а.
6416;6403;275447142;Бескөл а.
6417;6403;275447143;Бозкөлмек а.
6418;6403;275447144;Еңдідалық а.
6419;6403;275447145;Қарашеген а.
6420;6403;275447146;Қабанжыра а.
6421;6403;275447147;Қараой а.
6422;6403;275447148;Керебай а.
6423;6403;275447149;Көкмола а.
6424;6403;275447151;Құрманкөл а.
6425;6403;275447152;Лайкөл а.
6426;6403;275447153;Сарыой а.
6427;6403;275447154;Теректіжыра а.
6428;4734;275800000;Сырым ауданы
6429;6428;275830000;Жымпиты а.о.
6430;6429;275830100;Жымпиты а.
6431;6429;275830200;Саралжын а.
6432;6431;275830203;Дүйсенбай а.
6433;6431;275830204;Қапақ а.
6434;6431;275830205;Қамыстыкөл а.
6435;6431;275830206;Күзентай а.
6436;6429;275830400;Өлеңті а.
6437;6436;275830405;Орыскөл а.
6438;6436;275830406;Сауғабай а.
6439;6436;275830407;Такыркөл а.
6440;6428;275833000;Алғабас а.о.
6441;6440;275833100;Алғабас а.
6442;6440;275833300;Жаңаөңір а.
6443;6442;275833302;Қыстаубай 1 а.
6444;6442;275833303;Қыстаубай 2 а.
6445;6442;275833305;Сулыкөл а.
6446;6440;275833500;Сасықкөл а.
6447;6446;275833504;Жаман а.
6448;6446;275833507;Көкеншеген а.
6449;6446;275833508;Қызылағаш а.
6450;6428;275835000;Аралтөбе а.о.
6451;6450;275835100;Аралтөбе а.
6452;6451;275835102;Борбас а.
6453;6451;275835105;Тіксай а.
6454;6450;275835200;Қызылағаш а.
6455;6454;275835202;Қоржыной а.
6456;6428;275837000;Бұлан а.о.
6457;6456;275837100;Бұлан а.
6458;6457;275837102;Малемдеуорны
6459;6457;275837103;Жаңабаз
6460;6456;275837200;Жамбыл а.
6461;6460;275837202;Ақперлі а.
6462;6428;275839000;Бұлдырты а.о.
6463;6462;275839100;Бұлдырты а.
6464;6462;275839200;Аққұдық а.
6465;6464;275839202;Егіндіой а.
6466;6462;275839400;Көгеріс а.
6467;6462;275839500;Қарақұдық а.
6468;6467;275839503;Қостөбе а.
6469;6467;275839504;Қошабай а.
6470;6428;275843000;Елтай а.о.
6471;6470;275843100;Тасқұдық а.
6472;6470;275843200;Алатау а.
6473;6428;275845000;Жетікөл а.о.
6474;6473;275845100;Қосарал а.
6475;6473;275845300;Жетікөл а.
6476;6475;275845303;Ақбольница
6477;6475;275845304;Ақкөл а.
6478;6475;275845305;Баба 1 а.
6479;6475;275845306;Баба 2 а.
6480;6475;275845307;Баба 3 а.
6481;6475;275845308;Жетікөл а.
6482;6475;275845309;Өрбісім а.
6483;6475;275845311;Саралжынсай а.
6484;6475;275845312;Сыпыра а.
6485;6428;275847000;Жосалы а.о.
6486;6485;275847100;Қоңыр а.
6487;6485;275847400;Тамды а.
6488;6428;275853000;Қособа а.о.
6489;6488;275853100;Қособа а.
6490;6488;275853200;Жырақұдық а.
6491;6490;275853203;Ақшкол а.
6492;6490;275853204;Аяққол а.
6493;6490;275853205;Жетімсай а.
6494;6490;275853209;Наху а.
6495;6490;275853215;Шағат а.
6496;6490;275853217;Ағатай а.
6497;6490;275853222;Жаманкөл а.
6498;6490;275853223;Жыралышығанақ а.
6499;6490;275853226;Батыр а.
6500;6490;275853227;Құдықсай а.
6501;6490;275853228;Құлақ а.
6502;6428;275855000;Сарыой а.о.
6503;6502;275855100;Шағырлой а.
6504;6502;275855300;Көздіқара а.
6505;6504;275855308;Оралбай а.
6506;6428;275857000;Талдыбұлақ а.о.
6507;6506;275857100;Талдыбұлақ а.
6508;6506;275857400;Қазақстан а.
6509;6428;275859000;Шолақаңқаты а.о.
6510;6509;275859100;Тоғанас а.
6511;6509;275859200;Аңқаты а.
6512;6509;275859300;Қарағанды а.
6513;6509;275859400;Құспанкөл а.
6514;4734;276000000;Тасқала ауданы
6515;6514;276030000;Тасқала а.о.
6516;6515;276030100;Тасқала а.
6517;6515;276030200;Жігер а.
6518;6515;276030300;Бірлік а.
6519;6514;276033000;Ақтау а.о.
6520;6519;276033100;Ақтау а.
6521;6520;276033102;Кулаково а.
6522;6519;276033200;Ақкүтір а.
6523;6522;276033203;Жигули а.
6524;6519;276033400;Қызылбас а.
6525;6524;276033402;Ақкүшік а.
6526;6519;276033500;Қараой а.
6527;6514;276035000;Амангелді а.о.
6528;6527;276035100;Амангелді а.
6529;6527;276035400;Шежін 1 а.
6530;6529;276035402;Жармолай а.
6531;6529;276035403;Жигули а.
6532;6529;276035404;Көлек а.
6533;6514;276037000;Достық а.о.
6534;6533;276037100;Достық а.
6535;6534;276037102;Суайдағыш
6536;6534;276037104;Өмірзақ а.
6537;6534;276037105;Ферма
6538;6533;276037200;Бастау а.
6539;6533;276037300;Ынтымақ а.
6540;6514;276043000;Көшін а.о.
6541;6540;276043100;Оян а.
6542;6541;276043102;Айкүміс а.
6543;6541;276043103;Ақүй а.
6544;6541;276043104;Жаңаауыл
6545;6541;276043107;Қоянүй а.
6546;6541;276043108;Қойшығұлқұдық а.
6547;6541;276043109;Қызылағаш а.
6548;6540;276043400;Кеңжайлау а.
6549;6548;276043402;Аппаз а.
6550;6548;276043403;Ащы а.
6551;6548;276043405;Жетіқұдық а.
6552;6548;276043406;Қараой а.
6553;6514;276045000;Қазақстан а.о.
6554;6553;276045100;Атамекен а.
6555;6554;276045102;Өндірістік бригада
6556;6553;276045300;Қалмақшабын а.
6557;6556;276045302;Аяқ а.
6558;6556;276045303;Егізқопа а.
6559;6556;276045304;Қамыстыкөл а.
6560;6556;276045305;Қалке а.
6561;6556;276045306;Молочная а.
6562;6556;276045307;Новостройка а.
6563;6556;276045308;Үштүлек а.
6564;6556;276045309;Шоқалақ а.
6565;6553;276045400;Алмалы а.
6566;6565;276045402;Митрофан а.
6567;6565;276045403;Өтеш а.
6568;6553;276045500;Қисықсай а.
6569;6568;276045502;Волжанка а.
6570;6568;276045503;Жетіқұдық а.
6571;6568;276045504;Қисықсай 1 а.
6572;6568;276045505;Қисықсай 2 а.
6573;6568;276045507;Тозгүл а.
6574;6514;276047000;Мереке а.о.
6575;6574;276047100;Мереке а.
6576;6575;276047103;Қарабөгет а.
6577;6575;276047105;Бубенец а.
6578;6574;276047500;Қалмақ а.
6579;6578;276047502;Бескөл а.
6580;6578;276047504;Талдықұдық а.
6581;6514;276049000;Мерей а.о.
6582;6581;276049100;Мерей а.
6583;6582;276049102;Құсқора
6584;6581;276049200;Аққайнар а.
6585;6581;276049300;Өркен а.
6586;6581;276049400;Айнабұлақ а.
6587;6581;276049600;Тоғайлы а.
6588;6587;276049602;Азовский а.
6589;6587;276049603;Дояр а.
6590;6587;276049604;Широкий а.
6591;6587;276049605;Шорман а.
6592;6514;276053000;Шежін а.о.
6593;6592;276053100;Шежін 2 а.
6594;6593;276053102;Алмалысай а.
6595;6593;276053103;Ащы а.
6596;6593;276053104;Бірлік а.
6597;6593;276053105;Жармалай а.
6598;6593;276053106;Көсем а.
6599;6593;276053109;Жаңаауыл а.
6600;6593;276053113;Тапқан а.
6601;6592;276053200;Еменжар а.
6602;6592;276053300;Талдыбұлақ а.
6603;6602;276053303;Майрамкүл а.
6604;6602;276053306;Бақ
6605;6602;276053307;Студенческая а.
6606;6602;276053308;Центральная а.
6607;4734;276200000;Теректі ауданы
6608;6607;276230000;Теректі а.о.
6609;6608;276230100;Теректі а.
6610;6609;276230106;Шарақап а.
6611;6608;276230300;Тақсай а.
6612;6608;276230400;Жайық а.
6613;6608;276230500;Қабылтөбе а.
6614;6607;276233000;Ақжайық а.о.
6615;6614;276233100;Ақжайық а.
6616;6615;276233102;Қалмақ а.
6617;6615;276233103;Институт
6618;6615;276233105;Сүттігенді а.
6619;6614;276233200;Абай а.
6620;6614;276233300;Ақжайық емдеу-сауықтыру орны
6621;6614;276233400;Ыждағат а.
6622;6614;276233600;Талпын а.
6623;6607;276235000;Ақсоғым а.о.
6624;6623;276235100;Ақсоғым а.
6625;6623;276235200;Бозай а.
6626;6623;276235300;Табынбай а.
6627;6623;276235400;Үлкенеңбек а.
6628;6607;276237000;Ақсуат а.о.
6629;6628;276237100;Ақсуат а.
6630;6628;276237200;Әйтиев а.
6631;6628;276237300;Магистральное а.
6632;6628;276237400;Пойма а.
6633;6607;276239000;Аңқаты а.о.
6634;6633;276239100;Аңқаты а.
6635;6633;276239200;Балықцехы а.
6636;6633;276239300;Ерсары а.
6637;6636;276239303;Тасаншеген а.
6638;6633;276239400;Қандық а.
6639;6633;276239500;Новая точка а.
6640;6633;276239600;Сатымшеген а.
6641;6607;276243000;Богданов а.о.
6642;6641;276243100;Богдановка а.
6643;6641;276243200;Алғабас а.
6644;6641;276243500;Придорожное а.
6645;6641;276243600;Сәрсен а.
6646;6607;276245000;Долина а.о.
6647;6646;276245100;Долинное а.
6648;6647;276245102;Ақсай а.
6649;6647;276245106;Жаңаталап а.
6650;6646;276245300;Қоныссай а.
6651;6646;276245500;Төңкеріс а.
6652;6651;276245502;Алебастрово а.
6653;6646;276245700;Шөптікөл а.
6654;6607;276249000;Құмақсай а.о.
6655;6654;276249100;Құмақсай а.
6656;6607;276253000;Подстепной а.о.
6657;6656;276253100;Подстепное а.
6658;6656;276253200;Лесопитомник а.
6659;6656;276253300;Тұқпай а.
6660;6656;276253400;Юбилейное а.
6661;6607;276255000;Покатилов а.о.
6662;6661;276255100;Покатиловка а.
6663;6607;276259000;Приречный а.о.
6664;6663;276259100;Приречное а.
6665;6607;276265000;Ұзынкөл а.о.
6666;6665;276265100;Ұзынкөл а.
6667;6607;276269000;Шаған а.о.
6668;6667;276269100;Жаңа Өмір а.
6669;6667;276269200;Бекей а.
6670;6667;276269300;Кемер а.
6671;6670;276269302;Сал
6672;6670;276269303;Сатым а.
6673;6607;276273000;Шағатай а.о.
6674;6673;276273100;Шағатай а.
6675;6674;276273103;Қарабас а.
6676;6673;276273300;Қоғалытүбек а.
6677;6673;276273400;Құтсиық а.
6678;6673;276273500;Қызылжар а.
6679;6607;276275000;Шалқар а.о.
6680;6679;276275100;Сарыөмір а.
6681;6680;276275102;Кирки а.
6682;6680;276275103;Тюмень а.
6683;6679;276275200;Дуана а.
6684;6679;276275300;Шалқар а.
6685;4734;276600000;Шыңғырлау ауданы
6686;6685;276630000;Шыңғырлау а.о.
6687;6686;276630100;Шыңғырлау а.
6688;6687;276630103;рзд.Успешный
6689;6686;276630200;Ақсоғым а.
6690;6686;276630400;Жаңакүш а.
6691;6690;276630403;Үлгілі а.
6692;6690;276630404;Саға а.
6693;6686;276630500;Қызылкөл а.
6694;6693;276630503;Нарымбай а.
6695;6686;276630700;Ұрысай а.
6696;6695;276630702;Қыстаубай а.
6697;6686;276630800;Шоқтыбай а.
6698;6685;276633000;Ақбұлақ а.о.
6699;6698;276633100;Ақбұлақ а.
6700;6699;276633102;Ақатан а.
6701;6698;276633400;Қотантал а.
6702;6685;276635000;Алмаз а.о.
6703;6702;276635100;Алмаз а.
6704;6702;276635200;Аққұдық а.
6705;6702;276635300;Сегізсай а.
6706;6705;276635302;Кіндікті а.
6707;6705;276635304;Чапай а.
6708;6685;276637000;Ащысай а.о.
6709;6708;276637100;Ащысай а.
6710;6709;276637102;Орманшар
6711;6709;276637106;Тузово а.
6712;6708;276637200;Амангелді а.
6713;6708;276637300;Жеңішке а.
6714;6713;276637302;Жамантұз а.
6715;6708;276637400;Мырзақара а.
6716;6708;276637500;Талдысай а.
6717;6685;276639000;Ақтау а.о.
6718;6717;276639100;Ақтау а.
6719;6717;276639200;Торыатбас а.
6720;6685;276643000;Қараағаш а.о.
6721;6720;276643100;Қарағаш а.
6722;6720;276643200;Ақсуат а.
6723;6720;276643400;Қайыңды а.
6724;6720;276643500;Қарғалы а.
6725;6685;276647000;Ақшат а.о.
6726;6725;276647100;Ақшат а.
6727;6726;276647108;Юбилейное а.
6728;6725;276647300;Сұлукөл а.
6729;6685;276649000;Ардақ а.о.
6730;6729;276649100;Ардақ а.
6731;6730;276649104;Тәжі а.
6732;6730;276649105;Төменгі Қарасай а.
6733;0;310000000;Жамбыл облысы
6734;6733;311000000;Тараз Қ.Ә.
6735;6734;311010000;Тараз қ.
6736;6734;311011100;Әулиеата ауданы
6737;6734;311013100;Жібек жолы ауданы
6738;6733;313600000;Байзақ ауданы
6739;6738;313630000;Сарыкемер а.о.
6740;6739;313630100;Сарыкемер а.
6741;6739;313630500;Қосақ а.
6742;6738;313631000;Бәйтерек а.о.
6743;6742;313631100;Көкбастау а.
6744;6742;313631200;Базарбай а.
6745;6742;313631300;Тегістік а.
6746;6742;313631400;Төрегелді а.
6747;6738;313633000;Ботамойнақ а.о.
6748;6747;313633100;Байзақ а.
6749;6747;313633200;Ботамойнақ а.
6750;6747;313633300;Үшбұлақ ст.
6751;6738;313635000;Бурыл а.о .
6752;6751;313635100;Бурыл а.
6753;6751;313635400;Құмжота а.
6754;6738;313637000;Дихан а.о.
6755;6754;313637100;Дихан а.
6756;6754;313637200;Аймантөбе а.
6757;6754;313637300;Жеңіс а.
6758;6738;313639000;Жалғызтөбе а.о.
6759;6758;313639100;Жетібай а.
6760;6758;313639300;Аққия а.
6761;6758;313639500;Төрткүл а.
6762;6738;313641000;Жаңатұрмыс а.о
6763;6762;313641100;Жібек жолы а.
6764;6762;313641200;Ақшолақ ст.
6765;6762;313641300;Жаңатұрмыс а.
6766;6762;313641500;рзд.Қайнар
6767;6738;313642000;Көптерек а.о.
6768;6767;313642100;Кеңес а.
6769;6738;313644000;Көктал а.о.
6770;6769;313644100;Көктал а.
6771;6738;313645000;Қостөбе а.о.
6772;6771;313645300;Қостөбе а.
6773;6738;313646000;Мырзатай а.о.
6774;6773;313646100;Мырзатай а.
6775;6773;313646500;Дихан а.
6776;6773;313646700;Сеңкібай а.
6777;6738;313647000;Суханбай а.о.
6778;6777;313647100;Жақаш а.
6779;6777;313647400;Көкөзек а.
6780;6777;313647500;Қосы батыр а.
6781;6738;313648000;Сазтерек а.о.
6782;6781;313648100;Абай а.
6783;6781;313648400;Ақтөбе а.
6784;6781;313648600;Жаңасаз а.
6785;6738;313649000;Темірбек а.о.
6786;6785;313649100;Тегістік а.
6787;6785;313649200;Сарыбарақ а.
6788;6785;313649300;Шахан а.
6789;6738;313653000;Түймекент а.о.
6790;6789;313653100;Түймекент а.
6791;6789;313653200;Ақжар а.
6792;6738;313657000;Үлгілі а.о.
6793;6792;313657100;Үлгілі а.
6794;6738;313663000;Ынтымақ а.о.
6795;6794;313663100;Мәдімар а.
6796;6733;314000000;Жамбыл ауданы
6797;6796;314030000;Аса а.о.
6798;6797;314030100;Аса а.
6799;6797;314030500;Рахат а.
6800;6796;314033000;Айшабибі а.о.
6801;6800;314033100;Айшабибі а.
6802;6801;314033103;Аулиебастау а.
6803;6801;314033107;Карабастау а.
6804;6800;314033300;Қаратау а.
6805;6800;314033400;Әулиекөл а.
6806;6796;314034000;Ақбастау а.о.
6807;6806;314034100;Бірлесу-Еңбек а.
6808;6806;314034700;Шоқай а.
6809;6796;314037000;Бесағаш а.о.
6810;6809;314037100;Бесағаш а.
6811;6796;314039000;Гродеков а.о.
6812;6811;314039100;Гродеково а.
6813;6811;314039300;Қызылдиқан а.
6814;6796;314042000;Ерназар а.о.
6815;6814;314042100;Ерназар а.
6816;6796;314043000;Жамбыл а.о.
6817;6816;314043200;Шәкен Ниязбеков а.
6818;6816;314043300;Қапал а.
6819;6796;314045000;Көлқайнар а.о.
6820;6819;314045100;Тастөбе а.
6821;6819;314045200;Еңбек а.
6822;6821;314045203;рзд.27
6823;6819;314045300;Жамбыл а.
6824;6819;314045400;Көлқайнар уч.
6825;6819;314045500;Қостөбе а.
6826;6796;314046000;Қаракемер а.о.
6827;6826;314046100;Қаракемер а.
6828;6826;314046400;Құмтиын а.
6829;6826;314046600;Сеңгірбай а.
6830;6796;314048000;Қызылқайнар а.о.
6831;6830;314048100;Қызылқайнар а.
6832;6830;314048200;Жасөркен а.
6833;6796;314049000;Өрнек а.о.
6834;6833;314049100;Өрнек а.
6835;6833;314049300;Жұма ст.
6836;6796;314051000;Қаратөбе а.о.
6837;6836;314051300;Бәйтерек а.
6838;6796;314061000;Қарасу а.о.
6839;6838;314061100;Ащыбұлақ а.
6840;6838;314061800;Шәйдана а.
6841;6796;314065000;Тоғызтарау а.о.
6842;6841;314065100;Тоғызтарау а.
6843;6841;314065300;Жаңаөткел а.
6844;6841;314065500;Құмсуат а.
6845;6733;314200000;Жуалы ауданы
6846;6845;314230000;Б.Момышұлы атын.а.о.
6847;6846;314230100;Б.Момышұлы атын.а.
6848;6845;314233000;Ақсай а.о.
6849;6848;314233100;Қайрат а.
6850;6848;314233200;Диқан а.
6851;6845;314235000;Ақтөбе а.о.
6852;6851;314235100;Бәйтерек а.
6853;6851;314235300;Жаңаталап а.
6854;6851;314235400;Құркүреусу ст.
6855;6851;314235500;Ақтоған а.
6856;6845;314237000;Билікөл а.о.
6857;6856;314237100;Қарабастау а.
6858;6856;314237200;Дарбаза а.
6859;6856;314237400;Жылыбұлақ а.
6860;6856;314237600;Әбдіқадыр а.
6861;6860;314237603;Ақсақалсай шатқалы
6862;6860;314237605;Берқара шатқалы
6863;6860;314237607;Билікөл ж.
6864;6845;314239000;Боралдай а.о.
6865;6864;314239100;Көлтоған а.
6866;6864;314239300;Ертай а.
6867;6864;314239600;Рысбек батыр атын.а.
6868;6845;314243000;Нұрлыкент а.о.
6869;6868;314243100;Нұрлыкент а.
6870;6868;314243300;рзд.Қазбастау
6871;6868;314243500;Түктібай а.
6872;6845;314245000;Жетітөбе а.о.
6873;6872;314245100;Кәріқорған а.
6874;6872;314245200;Қоңыртөбе а.
6875;6872;314245300;Қосмұрат а.
6876;6872;314245400;Майбұлақ а.
6877;6872;314245500;Тасбастау а.
6878;6872;314245600;Шыңбұлақ а.
6879;6845;314247000;Көкбастау а.о.
6880;6879;314247100;Теріс а.
6881;6879;314247200;Бақалы а.
6882;6879;314247300;Көктөбе а.
6883;6879;314247400;Қосбөлтек а.
6884;6845;314249000;Күреңбел а.о.
6885;6884;314249100;Күреңбел а.
6886;6884;314249200;Қаратас а.
6887;6845;314253000;Қарасаз а.о.
6888;6887;314253100;Қарасаз а.
6889;6887;314253200;Ақбастау а.
6890;6887;314253300;Жұрымбай а.
6891;6887;314253400;Қарасу а.
6892;6887;314253500;Көктас а.
6893;6845;314254000;Қошқарата а.о.
6894;6893;314254100;Қошқарата а.
6895;6893;314254200;Ақтасты а.
6896;6893;314254500;Қызтоған а.
6897;6845;314255000;Шақпақ а.о.
6898;6897;314255100;Шақпақата а.
6899;6897;314255200;Тәттібай Дүйсебайұлы а.
6900;6897;314255300;Амансай а.
6901;6897;314255400;Шақпақ ст.
6902;6897;314255500;Ынтымақ а.
6903;6845;314257000;Қызыларық а.о.
6904;6903;314257100;Қызыларық а.
6905;6903;314257200;Ақтөбе а.
6906;6903;314257300;Алатау а.
6907;6903;314257600;Сырым ст.
6908;6903;314257700;Терісащыбұлақ а.
6909;6845;314263000;Мыңбұлақ а.о.
6910;6909;314263100;Көлбастау а.
6911;6909;314263400;Талапты а.
6912;6733;314800000;Қордай ауданы
6913;6912;314830000;Қордай а.о.
6914;6913;314830100;Қордай а.
6915;6912;314832000;Алға а.о.
6916;6915;314832100;Алға а.
6917;6915;314832400;Көкадыр а.
6918;6915;314832600;Мұзбел а.
6919;6912;314833000;Ауқатты а.о.
6920;6919;314833100;Ауқатты а.
6921;6919;314833200;Қызылсай а.
6922;6921;314833208;Өрікті а.
6923;6919;314833300;Бәйтерек а.
6924;6912;314835000;Бетқайнар а.о.
6925;6924;314835100;Бетқайнар а.
6926;6924;314835500;Соғанды а.
6927;6912;314836000;Жамбыл а.о.
6928;6927;314836100;Жамбыл а.
6929;6927;314836300;Жаңатұрмыс а.
6930;6912;314837000;Кенен а.о.
6931;6930;314837100;Кенен а.
6932;6912;314838000;Қақпатас а.о.
6933;6932;314838100;Қақпатас а.
6934;6932;314838200;Беріктас а.
6935;6912;314839000;Қаракемер а.о.
6936;6935;314839100;Қаракемер а.
6937;6935;314839200;Керу а.
6938;6912;314841000;Қарасай а.о.
6939;6938;314841100;Қарасай батыр атын.а.
6940;6938;314841200;Еңбек а.
6941;6912;314843000;Қарасу а.о.
6942;6941;314843100;Қарасу а.
6943;6941;314843200;Өтеген а.
6944;6912;314845000;Қасық а.о.
6945;6944;314845100;Әлжан ана а.
6946;6912;314847000;Масанчи а.о.
6947;6946;314847100;Масанчи а.
6948;6946;314847200;Күнбатыс 1 а.
6949;6946;314847300;Күнбатыс 2 а.
6950;6912;314849000;Ноғайбай а.о.
6951;6950;314849100;Ноғайбай а.
6952;6950;314849300;Сарыбастау а.
6953;6950;314849400;Шарбақты а.
6954;6912;314851000;Отар а.о.
6955;6954;314851100;Отар а.
6956;6954;314851200;рзд.Аңырақай
6957;6956;314851207;Шыңырау а.
6958;6954;314851300;рзд.Бел
6959;6954;314851400;Гвардейский к.
6960;6912;314853000;Сарыбұлақ а.о.
6961;6960;314853100;Сарыбұлақ а.
6962;6960;314853200;Қайнар а.
6963;6912;314854000;Сортөбе а.о.
6964;6963;314854100;Сортөбе а.
6965;6963;314854200;Бұлар батыр а.
6966;6912;314855000;Степной а.о.
6967;6966;314855100;Степное а.
6968;6966;314855400;Қолғұта а.
6969;6966;314855500;Арал а.
6970;6912;314856000;Сұлуторы а.о.
6971;6970;314856100;Сұлуторы а.
6972;6970;314856300;Көктөбе а.
6973;6912;314857000;Үлкенсұлуторы а.о.
6974;6973;314857100;Үлкенсұлуторы а.
6975;6733;315000000;Тұрар Рысқұлов ауданы
6976;6975;315030000;Құлан а.о.
6977;6976;315030100;Құлан а.
6978;6976;315030200;Қарақат а.
6979;6976;315030300;Шөңгер а.
6980;6975;315031000;Абай а.о.
6981;6980;315031100;Еңбекші а.
6982;6980;315031500;Көкарық а.
6983;6975;315033000;Ақыртөбе а.о.
6984;6983;315033100;Ақыртөбе а.
6985;6983;315033380;Малдыбай а.
6986;6975;315034000;Жаңатұрмыс а.о.
6987;6986;315034100;Жаңатұрмыс а.
6988;6987;315034106;Мүңке ст.
6989;6975;315035000;Қарақыстақ а.о.
6990;6989;315035100;Каменка а.
6991;6989;315035300;Жалпақсаз а.
6992;6989;315035600;Қазақ а.
6993;6989;315035700;Тасшолақ а.
6994;6975;315036000;Көкдөнен а.о.
6995;6994;315036100;Көкдөнен а.
6996;6994;315036400;Жақсылық а.
6997;6994;315036700;Құмарық ст.
6998;6975;315037000;Қорағаты а.о.
6999;6998;315037100;Қорағаты а.
7000;6998;315037200;Аққайнар а.
7001;6998;315037500;Қорағаты ст.
7002;6998;315037700;Мамыртөбе а.
7003;6998;315037900;Тайқұдық а.
7004;6975;315039000;Көгершін а.о.
7005;7004;315039100;Көгершін а.
7006;7004;315039600;Қосапан а.
7007;6975;315040000;Қайыңды а.о.
7008;7007;315040100;Қайыңды а.
7009;7007;315040200;Сөгеті а.
7010;7007;315040400;Мамай а.
7011;6975;315041000;Құмарық а.о.
7012;7011;315041100;Құмарық а.
7013;7011;315041200;Алғабас а.
7014;7011;315041600;Қаракемер а.
7015;6975;315042000;Ақбұлақ а.о.
7016;7015;315042100;Рахым Сәбденов ат.а
7017;7016;315042108;рзд.98
7018;7015;315042300;Байтелі а.
7019;7015;315042600;Қызылшаруа а.
7020;6975;315043000;Луговой а.о.
7021;7020;315043100;Луговое а.
7022;6975;315045000;Ақниет а.о.
7023;7022;315045100;Дінмұхамед Қонаев а.
7024;7022;315045200;Әбілқайыр а.
7025;6975;315051000;Өрнек а.о.
7026;7025;315051100;Өрнек а.
7027;7025;315051200;Абжапар Жылқышиев атын.а.
7028;7025;315051300;Жарлысу а.
7029;7025;315051500;Сәлімбай Прманов а.
7030;7025;315051600;Сұңғайты а.
7031;6975;315055000;Тереңөзек а.о.
7032;7031;315055100;Тереңөзек а.
7033;7031;315055280;Көкарық а.
7034;7031;315055800;Шолақ-Қайыңды а.
7035;6733;315400000;Мерке ауданы
7036;7035;315430000;Мерке а.о.
7037;7036;315430100;Мерке а.
7038;7036;315430200;Мерке емдеу-сауықтыру орны
7039;7035;315431000;Ақермен а.о.
7040;7039;315431100;Ақермен а.
7041;7039;315431300;Ақкөз-Қайнар а.
7042;7039;315431500;Алтынарық а.
7043;7039;315431600;Кентай а.
7044;7035;315432000;Ақтоған а.о.
7045;7044;315432100;Ақтоған а.
7046;7045;315432106;Мамай шарқож
7047;7045;315432108;Ойранды жеке үйі
7048;7045;315432109;Төле би шарқож
7049;7044;315432500;Қазақдиқан а.
7050;7049;315432505;Трактор бригадасы
7051;7035;315433000;Жамбыл а.о.
7052;7051;315433100;Жамбыл а.
7053;7051;315433400;Тұрлыбай батыр а.
7054;7053;315433403;Малшаруашылығы базасы 1
7055;7053;315433404;Малшаруашылығы базасы 2
7056;7053;315433405;Малшаруашылығы базасы 3
7057;7053;315433406;Малшаруашылығы базасы 4
7058;7051;315433600;Жеміс-жидек а.
7059;7058;315433605;МТФ
7060;7051;315433700;Талдыбұлақ а.
7061;7035;315435000;Жаңатоған а.о.
7062;7061;315435100;Қостоған а.
7063;7062;315435105;МТФ П.К.
7064;7061;315435300;Қызылсай а.
7065;7061;315435400;Мыңқазан а.
7066;7035;315437000;Кеңес а.о.
7067;7066;315437100;Кеңес а.
7068;7066;315437700;Жауғаш а.
7069;7035;315441000;Андас батыр а.о.
7070;7069;315441100;Андас батыр а.
7071;7069;315441200;Аралқышлақ а.
7072;7069;315441300;Гранитогорск к.
7073;7069;315441400;Қызылқышлақ а.
7074;7069;315441500;Шалдабар ст.
7075;7035;315443000;Ойтал а.о.
7076;7075;315443100;Ойтал а.
7077;7075;315443300;Маханда а.
7078;7075;315443400;Меркі ст.
7079;7035;315444000;Т.Рыскулов а.о.
7080;7079;315444100;Т.Рыскулов а.
7081;7080;315444103;Т.Рыскулов МТФ
7082;7079;315444300;Интернациональное а.
7083;7035;315445000;Сарымолдаев а.о.
7084;7083;315445100;Сарымолдаев а.
7085;7083;315445300;Екпінді а.
7086;7083;315445400;Ойтал а.
7087;7035;315446000;Сұрат а.о.
7088;7087;315446100;Сұрат а.
7089;7088;315446103;МТФ П.К.
7090;7087;315446200;Аққайнар а.
7091;7087;315446600;Тескентоған а.
7092;7035;315447000;Тәтті а.о.
7093;7092;315447100;Тәтті а.
7094;7092;315447200;Беларық а.
7095;7092;315447300;Қарасу а.
7096;7092;315447400;Ақ жол а.
7097;7092;315447500;рзд.Тасөткел
7098;7092;315447600;Тәтті ст.
7099;7092;315447700;рзд.Шемен
7100;7035;315451000;Ақарал а.о.
7101;7100;315451100;Ақарал а.
7102;7100;315451500;Сыпатай а.
7103;7035;315453000;Аспара а.о.
7104;7103;315453100;Аспара а.
7105;7103;315453200;Қайыңдысай а.
7106;7103;315453300;Құмарық а.
7107;6733;315600000;Мойынқұм ауданы
7108;7107;315630000;Мойынқұм а.о.
7109;7108;315630100;Мойынқұм а.
7110;7107;315632000;Ақбақай а.ә.
7111;7110;315632100;Ақбақай а.
7112;7107;315633000;Ақсүйек а.ә.
7113;7112;315633100;Ақсүйек а.
7114;7107;315634000;Биназар а.о.
7115;7114;315634100;Биназар а.
7116;7107;315635000;Бірлік а.о.
7117;7116;315635100;Бірлік а.
7118;7107;315636000;Жамбыл а.о.
7119;7118;315636100;Жамбыл а.
7120;7107;315637000;Қарабөгет а.о.
7121;7120;315637100;Қарабөгет а.
7122;7120;315637400;Құмөзек а.
7123;7120;315637500;Сарыөзек а.
7124;7107;315638000;Кеңес а.о.
7125;7124;315638100;Айдарлы а.
7126;7107;315639000;Қызылтал а.о.
7127;7126;315639100;Көкжелек а.
7128;7126;315639400;Назарбеков Айтбай атын.а.
7129;7107;315640000;Қылышбай а.о.
7130;7129;315640100;Қылышбай Ержанұлы атын.а.
7131;7107;315641000;Мирный а.ә.
7132;7131;315641100;Мирный а.
7133;7107;315643000;Қызылотау а.о.
7134;7133;315643100;Күшаман а.
7135;7107;315645000;Мыңарал а.о.
7136;7135;315645100;Мыңарал а.
7137;7135;315645200;Қашқантеңіз ст.
7138;7135;315645300;Мыңарал ст.
7139;7107;315647000;Ұланбел а.о.
7140;7139;315647100;Ұланбел а.
7141;7107;315649000;Хантау а.о.
7142;7141;315649100;Хантау а.
7143;7141;315649300;Кияқты а.
7144;7107;315651000;Шығанақ а.о.
7145;7144;315651100;Шығанақ а.
7146;7144;315651200;Буырылбайтал а.
7147;7144;315651300;Буырылбайтал ст.
7148;6733;316000000;Сарысу ауданы
7149;7148;316020100;Жаңатас қ.
7150;7148;316033000;Байқадам а.о.
7151;7150;316033100;Саудакент а.
7152;7151;316033103;Орманшар
7153;7148;316035000;Жайылма а.о.
7154;7153;316035100;Жайылма а.
7155;7154;316035105;Шайхан а.
7156;7153;316035200;Ақтам а.
7157;7153;316035600;Қызылдиқан а.
7158;7157;316035603;Бестам а.
7159;7157;316035605;Бүйреккөл а.
7160;7157;316035607;Исабай а.
7161;7157;316035609;Қазоты а.
7162;7157;316035617;Үшназар а.
7163;7157;316035621;Шешенбай а.
7164;7153;316035700;Маятас а.
7165;7148;316036000;Жаңаталап а.о.
7166;7165;316036100;Жаңаталап а.
7167;7166;316036103;Жарқұдық а.
7168;7165;316036600;Ұйым а.
7169;7148;316037000;Жаңаарық а.о.
7170;7169;316037100;Ұзақбай Сыздықбаев а.
7171;7170;316037103;Ақпанбет а.
7172;7170;316037105;Жекетал а.
7173;7170;316037107;Көкбұлақ а.
7174;7170;316037109;Ілгерібас а.
7175;7169;316037200;Ақтоғай а.
7176;7148;316038000;Игілік а.о.
7177;7176;316038100;Өндіріс а.
7178;7177;316038105;Талас а.
7179;7176;316038400;Игілік а.
7180;7148;316039000;Қамқалы а.о.
7181;7180;316039100;Шығанақ а.
7182;7180;316039200;Жайлаукөл а.
7183;7180;316039300;Қамқалы а.
7184;7148;316041000;Түркістан а.о.
7185;7184;316041100;Әшір Бүркітбаев а.
7186;7184;316041200;Арыстанды а.
7187;7184;316041400;Үшбас а.
7188;7148;316043000;Тоғызкент а.о.
7189;7188;316043100;Тоғызкент а.
7190;7188;316043300;Майлыкөл а.
7191;7188;316043400;Әбілда а.
7192;7148;316047000;Досбол а.о.
7193;7192;316047100;Досбол а.
7194;7192;316047300;Көкдала-кіші а.
7195;7192;316047500;Көкдала-үлкен а.
7196;7192;316047700;Шағалалы а.
7197;6733;316200000;Талас ауданы
7198;7197;316220100;Қаратау қ.
7199;7197;316231000;Ақкөл а.о.
7200;7199;316231100;Ақкөл а.
7201;7197;316232000;Аққұм а.о.
7202;7201;316232100;Аққұм а.
7203;7197;316235000;Берікқара а.о.
7204;7203;316235100;Майтөбе а.
7205;7203;316235200;Қожағаппар а.
7206;7197;316237000;Кеңес а.о.
7207;7206;316237100;Бөлтірік шешен а.
7208;7206;316237200;Көшек батыр а.
7209;7197;316238000;Көктал а.о.
7210;7209;316238100;Көктал а.
7211;7197;316239000;Қаратау а.о.
7212;7211;316239100;Есей би а.
7213;7211;316239200;Қараой а.
7214;7197;316240000;Қасқабұлақ а.о.
7215;7214;316240100;Қасқабұлақ а.
7216;7197;316241000;Қызыләуіт а.о.
7217;7216;316241100;Қызыләуіт а.
7218;7216;316241200;Ақтөбе а.
7219;7197;316243000;Ойық а.о.
7220;7219;316243100;Ойық а.
7221;7219;316243200;Тұрымқұл а.
7222;7219;316243400;Сейілбек а.
7223;7197;316245000;Тамды а.о.
7224;7223;316245100;Тамды а.
7225;7224;316245105;Қотырбұлақ а.
7226;7197;316247000;Үшарал а.о.
7227;7226;316247100;Үшарал а.
7228;7226;316247200;Арал а.
7229;7226;316247300;Қайыр а.
7230;7197;316249000;Бостандық а.о.
7231;7230;316249100;Бостандық а.
7232;7230;316249400;Талапты а.
7233;7197;316259000;Шакіров а.о.
7234;7233;316259100;Шакіров атын.а.
7235;7233;316259500;Тамабек а.
7236;6733;316600000;Шу ауданы
7237;7236;316621000;Шу қ.ә.
7238;7237;316621100;Шу қ.
7239;7236;316630000;Төле би а.о
7240;7239;316630100;Төле би а.
7241;7239;316630300;Көкжиек а.
7242;7236;316631000;Алға а.о.
7243;7242;316631100;Алға а.
7244;7243;316631107;Қаракөл уч.
7245;7243;316631180;Жәйсаң а.
7246;7242;316631200;Сауытбек а.
7247;7236;316632000;Бірлік а.о.
7248;7247;316632100;Бірлік а.
7249;7236;316633000;Далақайнар а.о.
7250;7249;316633100;Далақайнар а.
7251;7236;316634000;Ақсу а.о.
7252;7251;316634100;Ақсу а.
7253;7251;316634300;Оразалы батыр атын.а.
7254;7236;316635000;Дулат а.о.
7255;7254;316635100;Бәйдібек а.
7256;7254;316635400;Бөлтірік а.
7257;7256;316635402;Ақтасты а.
7258;7236;316636000;Бірлікүстем а.о.
7259;7258;316636100;Бірлікүстем а.
7260;7236;316637000;Ескі Шу а.о.
7261;7260;316637100;Белбасар а.
7262;7260;316637300;Еңбекші а.
7263;7260;316637500;Тасөткел а.
7264;7236;316638000;Жаңажол а.о.
7265;7264;316638100;Жаңажол а.
7266;7236;316639000;Жаңақоғам а.о.
7267;7266;316639100;Көктөбе а.
7268;7236;316640000;Балуан Шолақ атын.а.о.
7269;7268;316640100;Балуан Шолақ атын.а.
7270;7268;316640200;Жиделі а.
7271;7236;316641000;Шоқпар а.о.
7272;7271;316641100;Шоқпар а.
7273;7272;316641103;Талапкер уч.
7274;7271;316641200;Алаайғыр ст.
7275;7271;316641300;Еспе ст.
7276;7271;316641400;Құлақшын ст.
7277;7271;316641500;Шоқпар ст.
7278;7236;316643000;Көкқайнар а.о.
7279;7278;316643100;Көкқайнар а.
7280;7236;316645000;Қорағаты а.о.
7281;7280;316645100;Мойынқұм а.
7282;7280;316645300;Еңбек а.
7283;7280;316645400;Жиенбет а.
7284;7236;316647000;Дінмұхамед Қонаев а.о.
7285;7284;316647100;Дінмұхамед Қонаев а.
7286;7236;316649000;Өндіріс а.о.
7287;7286;316649100;Абай а.
7288;7236;316651000;Тасөткел а.о.
7289;7288;316651100;Тасөткел а.
7290;7288;316651200;Аспара ст.
7291;7288;316651300;рзд.Құмөзек
7292;7236;316655000;Ақтөбе а.о.
7293;7292;316655100;Ақтөбе а.
7294;0;330000000;Жетісу облысы
7295;7294;331000000;Талдықорған Қ.Ә.
7296;7295;331010000;Талдықорған қ.
7297;7295;331039000;Еркін а.о.
7298;7297;331039100;Еркін а.
7299;7297;331039200;Бөлімше 3
7300;7295;331045000;Өтенай а.о.
7301;7300;331045100;Өтенай а.
7302;7300;331045380;Еңбек а.
7303;7300;331045500;Мойнақ а.
7304;7300;331045780;Ынтымақ уч.
7305;7300;331045800;Пригородное а.
7306;7294;331800000;Текелі Қ.Ә.
7307;7306;331810000;Текелі қ.
7308;7306;331833000;Рудничный а.о.
7309;7308;331833100;Рудничный а.
7310;7294;333200000;Ақсу ауданы
7311;7310;333230000;Жансүгіров а.о.
7312;7311;333230100;Жансүгіров а.
7313;7311;333230200;Алтынарық а.
7314;7311;333230300;Көкөзек а.
7315;7310;333233000;Ақсу а.о.
7316;7315;333233100;Ақсу а.
7317;7315;333233200;Казсельхозтехника а.
7318;7315;333233300;Көкжайдақ а.
7319;7315;333233400;Қазақстан а.
7320;7315;333233500;Өнім а.
7321;7315;333233600;Шолақөзек а.
7322;7310;333235000;Арасан а.о.
7323;7322;333235100;Арасан а.
7324;7322;333235200;Арасан-Қапал а.
7325;7322;333235300;Қызылжар а.
7326;7310;333237000;Егінсу а.о.
7327;7326;333237100;Егінсу а.
7328;7326;333237200;Құмтөбе ст.
7329;7310;333239000;Есеболатов а.о.
7330;7329;333239100;Есеболатов а.
7331;7329;333239200;Қызылқайың а.
7332;7329;333239300;Энергетик а.
7333;7310;333245000;Жаңалық а.о.
7334;7333;333245100;Жаңалық а.
7335;7310;333247000;Көшкентал а.о.
7336;7335;333247100;Көшкентал а.
7337;7335;333247200;Көлтабан а.
7338;7310;333249000;Қапал а.о.
7339;7338;333249100;Қапал а.
7340;7310;333253000;Қаракөз а.о.
7341;7340;333253100;Қаракөз а.
7342;7340;333253200;Кеңқарын а.
7343;7310;333255000;Қарасу а.о.
7344;7343;333255100;Кеңжыра а.
7345;7343;333255200;Еңбек а.
7346;7343;333255300;Тарас а.
7347;7310;333259000;Қарашілік а.о.
7348;7347;333259100;Сағабүйен а.
7349;7347;333259300;Қарашілік а.
7350;7347;333259400;Сағакүрес а.
7351;7310;333265000;Қызылағаш а.о.
7352;7351;333265100;Қызылағаш а.
7353;7351;333265200;Заречное а.
7354;7351;333265400;Қопалы а.
7355;7310;333267000;Барлыбек Сырттанов а.о.
7356;7355;333267100;Барлыбек Сырттанов а.
7357;7355;333267200;Қопа а.
7358;7310;333269000;Матай а.о.
7359;7358;333269100;Матай а.
7360;7358;333269200;рзд.Ақөзек
7361;7358;333269300;рзд.Береке
7362;7358;333269400;рзд.Жасқазақ
7363;7358;333269600;Құрақсу а.
7364;7310;333273000;Молалы а.о.
7365;7364;333273100;Молалы а.
7366;7364;333273200;Алажиде ст.
7367;7364;333273400;рзд.Қайрақты
7368;7364;333273500;рзд.Қараой
7369;7310;333275000;Ойтоған а.о.
7370;7369;333275100;Ойтоған а.
7371;7369;333275300;Үлгілі а.
7372;7310;333277000;Суықсай а.о.
7373;7372;333277100;Суықсай а.
7374;7372;333277200;Ақтөбе а.
7375;7372;333277300;Ащыбұлақ а.
7376;7372;333277400;Баласаз а.
7377;7294;333400000;Алакөл ауданы
7378;7377;333420000;Үшарал қ.ә.
7379;7378;333420100;Үшарал қ.
7380;7378;333420200;МТФ 3
7381;7377;333433000;Ақжар а.о.
7382;7381;333433100;Ақжар а.
7383;7381;333433200;Қоңыр а.
7384;7381;333433300;Майлышат а.
7385;7377;333435000;Ақтүбек а.о.
7386;7385;333435100;Ақтүбек а.
7387;7377;333437000;Арқарлы а.о.
7388;7387;333437100;Арқарлы а.
7389;7377;333439000;Бескөл а.о.
7390;7389;333439100;Бұлақты а.
7391;7389;333439200;Бескөл а.
7392;7389;333439300;рзд.Бесінші
7393;7389;333439400;Қаратұма а.
7394;7389;333439500;рзд.13
7395;7389;333439600;рзд.Сайқан
7396;7377;333441000;Сапақ а.о.
7397;7396;333441100;Сапақ а.
7398;7396;333441200;Бибақан а.
7399;7377;333443000;Достық а.о.
7400;7399;333443100;Достық а.
7401;7399;333443200;Жалаңашкөл ст.
7402;7399;333443300;Көктұма ст.
7403;7377;333445000;Екпінді а.о.
7404;7403;333445100;Екпінді а.
7405;7403;333445200;Қарлығаш а.
7406;7403;333445300;Үшқайың а.
7407;7377;333447000;Еңбекші а.о.
7408;7407;333447100;Еңбекші а.
7409;7377;333449000;Жағатал а.о.
7410;7409;333449100;Қазақстан а.
7411;7409;333449200;Бесағаш а.
7412;7377;333451000;Жанама а.о.
7413;7412;333451100;Жанама а.
7414;7412;333451200;Ескі Жанама а.
7415;7412;333451300;Қарабұлақ а.
7416;7377;333453000;Жайпақ а.о.
7417;7416;333453100;Жайпақ а.
7418;7377;333455000;Жыланды а.о.
7419;7418;333455100;Жыланды а.
7420;7418;333455200;Төңкеріс а.
7421;7418;333455300;Көкжар а.
7422;7418;333455400;Майқан а.
7423;7418;333455500;Шынжылы а.
7424;7377;333457000;Көлбай а.о.
7425;7424;333457100;Көлбай а.
7426;7424;333457200;Әлемді а.
7427;7424;333457300;Бұдыр а.
7428;7424;333457400;Қызылқайың а.
7429;7377;333459000;Қабанбай а.о.
7430;7429;333459100;Қабанбай а.
7431;7429;333459200;Жамбыл а.
7432;7377;333461000;Қайнар а.о.
7433;7432;333461100;Қайнар а.
7434;7377;333463000;Қамысқала а.о.
7435;7434;333463100;Қамысқала а.
7436;7434;333463200;Алакөл а.
7437;7377;333465000;Қызылащы а.о.
7438;7437;333465100;Жұмахан Балапанов а.
7439;7377;333467000;Лепсі а.о.
7440;7439;333467100;Лепсі а.
7441;7439;333467200;Байзерек а.
7442;7439;333467300;Жүнжүрек а.
7443;7439;333467400;Шымбұлақ а.
7444;7377;333469000;Теректі а.о.
7445;7444;333469100;Теректі а.
7446;7444;333469200;Талдыбұлақ а.
7447;7377;333471000;Тоқжайлау а.о.
7448;7447;333471100;Тоқжайлау а.
7449;7377;333473000;Үшбұлақ а.о.
7450;7449;333473100;Үшбұлақ а.
7451;7449;333473200;Айпара а.
7452;7449;333473300;Кеңес а.
7453;7377;333475000;Ынталы а.о.
7454;7453;333475100;Ынталы а.
7455;7377;333477000;Ырғайты а.о.
7456;7455;333477100;Көктұма а.
7457;7455;333477200;Ақши а.
7458;7294;333600000;Ескелді ауданы
7459;7458;333630000;Қарабұлақ а.о.
7460;7459;333630100;Қарабұлақ а.
7461;7459;333630200;Абай а.
7462;7459;333630300;Матай Баисов а.
7463;7459;333630400;Ешкіөлмес а.
7464;7459;333630500;Өрқұсақ а.
7465;7459;333630600;Шымыр а.
7466;7458;333633000;Алдабергенов а.о.
7467;7466;333633100;Алдабергенов а.
7468;7466;333633200;Жаңалық а.
7469;7466;333633300;Жастар а.
7470;7458;333635000;Бақтыбай Жолбарысұлы атын.а.о
7471;7470;333635100;Бақтыбай Жолбарысұлы атын.а.
7472;7470;333635200;Өтенай а.
7473;7470;333635300;Елтай а.
7474;7458;333637000;Жалғызағаш а.о.
7475;7474;333637100;Жалғызағаш а.
7476;7474;333637200;Биғаш а.
7477;7458;333639000;Көкжазық а.о.
7478;7477;333639100;Көкжазық а.
7479;7477;333639200;Бөктерлі а.
7480;7477;333639300;Теңлік а.
7481;7458;333643000;Қайнарлы а.о.
7482;7481;333643100;Қайнарлы а.
7483;7481;333643200;Ақтасты а.
7484;7481;333643300;Қоржымбай а.
7485;7458;333647000;Қаратал а.о.
7486;7485;333647100;Қаратал а.
7487;7485;333647200;Теректі а.
7488;7458;333649000;Қоңыр а.о.
7489;7488;333649100;Қоңыр а.
7490;7488;333649200;Алмалы а.
7491;7488;333649300;Көктөбе а.
7492;7458;333653000;Сырымбет а.о.
7493;7492;333653100;Сырымбет а.
7494;7458;333655000;Төлеңгіт а.о.
7495;7494;333655100;Жетісу а.
7496;7494;333655200;Екпінді а.
7497;7494;333655300;Жеңдік а.
7498;7458;333657000;Ақын Сара а.о.
7499;7498;333657100;Ақын Сара а.
7500;7498;333657200;Ақешкі а.
7501;7498;333657300;Ақтұма а.
7502;7498;333657400;Тамбала а.
7503;7294;334000000;Кербұлақ ауданы
7504;7503;334030000;Сарыөзек а.о.
7505;7504;334030100;Сарыөзек а.
7506;7504;334030200;Дос ст.
7507;7504;334030300;Қойқырыққан ст.
7508;7504;334030400;Майтөбе ст.
7509;7503;334033000;Алтынемел а.о.
7510;7509;334033100;Алтынемел а.
7511;7509;334033200;Байғазы а.
7512;7509;334033300;Қарлығаш а.
7513;7509;334033400;Қызылмектеп а.
7514;7509;334033500;Тастыбастау а.
7515;7503;334035000;Басши а.о.
7516;7515;334035100;Басши а.
7517;7515;334035200;Ақтөбе а.
7518;7515;334035400;Нұрым а.
7519;7503;334037000;Жайнақ батыр а.о.
7520;7519;334037100;Жайнақ батыр а.
7521;7519;334037200;Ақбастау а.
7522;7519;334037300;Доланалы а.
7523;7519;334037400;Жаңалық а.
7524;7519;334037500;Қарымсақ а.
7525;7503;334039000;Жоламан а.о.
7526;7525;334039100;Жоламан а.
7527;7525;334039200;Алтындала ст.
7528;7525;334039300;Арқарлы ст.
7529;7525;334039400;Дала ст.
7530;7525;334039500;Жоламан ст.
7531;7525;334039600;Сайлы ст.
7532;7525;334039700;Самен а.
7533;7503;334041000;Талдыбұлақ а.о.
7534;7533;334041100;Талдыбұлақ а.
7535;7533;334041200;Бостан а.
7536;7533;334041300;Терісаққан а.
7537;7503;334043000;Көксу а.о.
7538;7537;334043100;Көксу а.
7539;7537;334043200;Беріктас а.
7540;7537;334043300;Көктал а.
7541;7537;334043400;Қосағаш а.
7542;7503;334045000;Қарашоқы а.о.
7543;7542;334045100;Қарашоқы а.
7544;7542;334045200;Арқарлы а.
7545;7503;334047000;Қаспан а.о.
7546;7545;334047100;Қаспан а.
7547;7545;334047200;Қайнарлы а.
7548;7545;334047300;Көксай а.
7549;7545;334047400;Сайлыкөл а.
7550;7545;334047500;Шаған а.
7551;7503;334049000;Қоғалы а.о.
7552;7551;334049100;Қоғалы а.
7553;7551;334049200;Коноваловка а.
7554;7551;334049300;Күреңбел а.
7555;7551;334049400;Тастыөзек а.
7556;7551;334049500;Шаған а.
7557;7503;334053000;Қызылжар а.о.
7558;7557;334053100;Қызылжар а.
7559;7557;334053200;Ақсұңқар жол учаскесі
7560;7557;334053300;Желдіқара а.
7561;7557;334053400;Шилісу а.
7562;7503;334055000;Сарыбастау а.о.
7563;7562;334055100;Сарыбастау а.
7564;7562;334055200;Арқарлы а.
7565;7562;334055300;Балғалы ст.
7566;7562;334055400;Малайсары а.
7567;7562;334055500;Малайсары ст.
7568;7562;334055600;Тары ст.
7569;7503;334057000;Сарыбұлақ а.о.
7570;7569;334057100;Қараағаш а.
7571;7569;334057200;Қазансу 3 фермасы
7572;7569;334057300;Сарыбұлақ 2 фермасы
7573;7569;334057400;Шилісу 1 фермасы
7574;7503;334063000;Шанханай а.о.
7575;7574;334063100;Шанханай а.
7576;7574;334063200;Қоянкөз а.
7577;7574;334063300;Майтөбе а.
7578;7503;334067000;Шұбар а.о
7579;7578;334067100;Шұбар а.
7580;7578;334067200;Аралтөбе а.
7581;7578;334067300;Онжас а.
7582;7294;334200000;Көксу ауданы
7583;7582;334230000;Балпық а.о.
7584;7583;334230100;Балпық би а.
7585;7583;334230200;Ақшатоған а.
7586;7583;334230300;Теректі а.
7587;7582;334233000;Айнабұлақ а.о.
7588;7587;334233100;Айнабұлақ ст.
7589;7587;334233200;рзд.Көпір
7590;7587;334233300;ПЧ-45 қосшар
7591;7587;334233400;рзд.Тауарасы
7592;7582;334235000;Алғабас а.о.
7593;7592;334235100;Алғабас а.
7594;7592;334235200;Қызылтоған а.
7595;7582;334239000;Еңбекші а.о.
7596;7595;334239100;Зылиха Тамшыбай а.
7597;7595;334239200;Бесқайнар а.
7598;7595;334239300;Кеңарал а.
7599;7595;334239400;Қаратал а.
7600;7582;334243000;Мұсабек а.о.
7601;7600;334243100;Мұсабек а.
7602;7600;334243200;Бақша ст.
7603;7600;334243300;Быжы ст.
7604;7600;334243400;Мәулімбай а.
7605;7600;334243500;Мойынқұм ст.
7606;7582;334245000;Қабылиса а.о.
7607;7606;334245100;Ақтекше а.
7608;7606;334245200;Көкбастау а.
7609;7582;334247000;Лабасы а.о.
7610;7609;334247100;Мәмбет а.
7611;7609;334247200;Еңбекшіқазақ а.
7612;7609;334247300;Жамбыл а.
7613;7609;334247400;Талапты а.
7614;7582;334249000;Мұқаншы а.о.
7615;7614;334249100;Көксу ст.
7616;7614;334249200;Жетіжал а.
7617;7614;334249300;Қазақстанның 50 жылдығы а.
7618;7614;334249500;Мұқаншы а.
7619;7614;334249600;Нәдірізбек а.
7620;7582;334253000;Мұқры а.о.
7621;7620;334253100;Мұқры а.
7622;7621;334253102;Алмалы уч.
7623;7621;334253103;Желдіқора уч.
7624;7621;334253104;Точка уч.
7625;7620;334253200;Қазақстанның 10 жылдығы а.
7626;7582;334255000;Жарлыөзек а.о.
7627;7626;334255100;Жарлыөзек а.
7628;7626;334255200;Бозтоған а.
7629;7626;334255300;Мұқаншы а.
7630;7294;334400000;Қаратал ауданы
7631;7630;334420000;Үштөбе қ.ә.
7632;7631;334420100;Үштөбе қ.
7633;7631;334420200;Ойсаз а.
7634;7631;334420300;Үшкөмей а.
7635;7631;334420400;Достық а.
7636;7630;334433000;Балпық а.о.
7637;7636;334433100;Жаңаталап а.
7638;7636;334433200;Оян а.
7639;7636;334433400;Ұмтыл а.
7640;7630;334435000;Елтай а.о.
7641;7640;334435100;Қаражиде а.
7642;7640;334435400;Сарыбұлақ а.
7643;7630;334437000;Ескелді а.о.
7644;7643;334437100;Ескелді би а.
7645;7643;334437200;Қызылжар а.
7646;7643;334437300;Көкдала а.
7647;7643;334437400;Қайнар а.
7648;7630;334439000;Бәйшегір а.о.
7649;7648;334439100;Ақжар а.
7650;7648;334439300;Алмалы а.
7651;7648;334439400;Дөңши а.
7652;7630;334443000;Жолбарыс батыр а.о.
7653;7652;334443100;Қалпе а.
7654;7652;334443200;Айдар а.
7655;7652;334443400;Қанабек а.
7656;7652;334443500;Қарашеңгел а.
7657;7630;334445000;Қызылбалық а.о.
7658;7657;334445100;Көпбірлік а.
7659;7657;334445200;Қарақұм а.
7660;7630;334447000;Бастөбе а.о.
7661;7660;334447100;Бастөбе а.
7662;7660;334447300;Жылыбұлақ а.
7663;7660;334447400;Кішітөбе а.
7664;7660;334447500;рзд.Күрішдаласы
7665;7660;334447800;Ортатөбе а.
7666;7665;334447880;рзд.47
7667;7630;334449000;Айту би а.о.
7668;7667;334449100;Көкпекті а.
7669;7667;334449200;Айту а.
7670;7667;334449300;Жасталап а.
7671;7667;334449400;Қожбан а.
7672;7630;334453000;Тастөбе а.о.
7673;7672;334453100;Тастөбе а.
7674;7672;334453200;Бесағаш а.
7675;7672;334453300;Бірлік а.
7676;7294;334600000;Панфилов ауданы
7677;7676;334620000;Жаркент қ.ә.
7678;7677;334620100;Жаркент қ.
7679;7676;334633000;Айдарлы а.о.
7680;7679;334633100;Айдарлы а.
7681;7679;334633200;Дарбазақұм а.
7682;7679;334633300;Сарпылдақ а.
7683;7676;334635000;Басқұншы а.о.
7684;7683;334635100;Басқұншы а.
7685;7683;334635200;Алмалы а.
7686;7676;334637000;Бірлік а.о.
7687;7686;334637100;Алтыүй а.
7688;7686;334637200;Надек а.
7689;7686;334637300;Сұптай а.
7690;7686;334637400;Шежін а.
7691;7690;334637402;Қонақай уч.
7692;7676;334639000;Көктал а.о.
7693;7692;334639100;Көктал а.
7694;7692;334639200;Ақжазық а.
7695;7692;334639300;Аққұдық а.
7696;7676;334643000;Қоңырөлең а.о.
7697;7696;334643100;Қоңырөлең а.
7698;7696;334643200;Кермеағаш а.
7699;7696;334643300;Сарытөбе а.
7700;7696;334643400;Бөрібай би а.
7701;7696;334643500;Ынталы а.
7702;7676;334645000;Атамекен а.о.
7703;7702;334645100;Атамекен а.
7704;7702;334645200;Ават а.
7705;7702;334645300;Ынтымақ а.
7706;7702;334645400;Қорғас а.
7707;7676;334647000;Сарыбел а.о.
7708;7707;334647100;Сарыбел а.
7709;7707;334647200;Садыр а.
7710;7707;334647300;Тұрпан а.
7711;7676;334649000;Талды а.о.
7712;7711;334649100;Талды а.
7713;7711;334649200;Еңбекші а.
7714;7676;334653000;Үлкенағаш а.о.
7715;7714;334653100;Әулиеағаш а.
7716;7714;334653200;Жаркент-Арасан а.
7717;7714;334653300;Көктал-Арасан а.
7718;7676;334655000;Үлкеншыған а.о.
7719;7718;334655100;Үлкеншыған а.
7720;7718;334655200;Ақкент а.
7721;7718;334655300;Қырыққұдық а.
7722;7718;334655400;Кішішыған а.
7723;7676;334657000;Үшарал а.о.
7724;7723;334657100;Үшарал а.
7725;7723;334657200;Ақарал а.
7726;7723;334657300;Қызылжиде а.
7727;7676;334659000;Шолақай а.о.
7728;7727;334659100;Шолақай а.
7729;7727;334659200;Диқанқайрат а.
7730;7727;334659300;Жиделі а.
7731;7294;334800000;Сарқан ауданы
7732;7731;334820000;Сарқан қ.ә.
7733;7732;334820100;Сарқан қ.
7734;7732;334820200;Бірлік а.
7735;7731;334833000;Аманбөктер а.о.
7736;7735;334833100;Аманбөктер а.
7737;7735;334833200;Баянбай а.
7738;7731;334835000;Амангелді а.о.
7739;7738;334835100;Пограничник а.
7740;7738;334835200;Көкөзек а.
7741;7738;334835400;Қарауылтөбе а.
7742;7731;334837000;Бақалы а.о.
7743;7742;334837100;Бақалы а.
7744;7742;334837200;Кәкімжан а.
7745;7742;334837300;Тасқұдық а.
7746;7731;334839000;Екіаша а.о.
7747;7746;334839100;Екіаша а.
7748;7746;334839200;Тополевка а.
7749;7731;334843000;Алмалы а.о.
7750;7749;334843100;Алмалы а.
7751;7749;334843200;Абай а.
7752;7731;334847000;Көктерек а.о.
7753;7752;334847100;Көктерек а.
7754;7731;334849000;Қарабөгет а.о.
7755;7754;334849100;Қарабөгет а.
7756;7754;334849300;Еркін а.
7757;7731;334851000;Қарашыған а.о.
7758;7757;334851100;М.Төлебаев атын.а.
7759;7757;334851200;Шұбартүбек а.
7760;7757;334851300;Үлгі а.
7761;7731;334853000;Қойлық а.о.
7762;7761;334853100;Қойлық а.
7763;7731;334855000;Лепсі а.о.
7764;7763;334855100;Лепсі а.
7765;7763;334855200;Ақбалық ст.
7766;7763;334855300;Арғанаты ст.
7767;7763;334855400;рзд.Керегетас
7768;7763;334855500;рзд.Көкшалғын
7769;7763;334855600;Қаратас ст.
7770;7763;334855700;рзд.Сарықұрақ
7771;7763;334855800;Көкжиде а.
7772;7731;334857000;Черкасск а.о.
7773;7772;334857100;Черкасск а.
7774;7772;334857200;Қарғалы а.
7775;7772;334857300;Аққайың а.
7776;7772;334857400;Ақтума а.
7777;7772;334857500;Теректі а.
7778;7772;334857600;Ешкіөлмес а.
7779;7731;334859000;Шатырбай а.о.
7780;7779;334859100;Шатырбай а.
7781;0;350000000;Қарағанды облысы
7782;7781;351000000;Қарағанды Қ.Ә.
7783;7782;351010000;Қарағанды қ.
7784;7782;351011000;Әлихан Бөкейхан а.ә.
7785;7784;351011100;Әлихан Бөкейхан ауданы
7786;7782;351013000;Қазыбек би атын. а.ә.
7787;7786;351013100;Қазыбек би атын.ауданы
7788;7781;351600000;Балқаш Қ.Ә.
7789;7788;351600200;Қоңырат к.
7790;7788;351610000;Балқаш қ.
7791;7788;351635000;Гүлшат к.ә.
7792;7791;351635100;Гүлшат к.
7793;7788;351645000;Саяқ к.ә.
7794;7793;351645100;Саяқ к.
7795;7781;352100000;Приозерск Қ.Ә.
7796;7795;352110000;Приозерск қ.
7797;7781;352200000;Саран Қ.Ә.
7798;7797;352210000;Саран қ.
7799;7797;352231000;Ақтас к.ә.
7800;7799;352231100;Ақтас к.
7801;7781;352400000;Теміртау Қ.Ә.
7802;7801;352410000;Теміртау қ.
7803;7801;352431000;Ақтау к.ә.
7804;7803;352431100;Ақтау к.
7805;7781;352800000;Шахтинск Қ.Ә.
7806;7805;352810000;Шахтинск қ.
7807;7805;352835000;Долинка к.ә.
7808;7807;352835100;Долинка к.
7809;7805;352839000;Новодолинка к.ә.
7810;7809;352839100;Новодолинский к.
7811;7805;352845000;Шақан к.ә.
7812;7811;352845100;Шақан к.
7813;7781;353200000;Абай ауданы
7814;7813;353220000;Абай қ.ә.
7815;7814;353220100;Абай қ.
7816;7813;353233000;Ақбастау а.о.
7817;7816;353233100;Ақбастау а.
7818;7813;353237000;Дзержинский а.о.
7819;7818;353237100;Сарепта а.
7820;7818;353237200;Қойбас а.
7821;7818;353237300;Қоянды а.
7822;7813;353239000;Дубов а.о.
7823;7822;353239100;Дубовка а.
7824;7813;353241000;Есенгелді а.о.
7825;7824;353241100;Есенгелді а.
7826;7824;353241200;Пахотное а.
7827;7813;353249000;Ильич а.о.
7828;7827;353249100;Юбилейное а.
7829;7827;353249200;Жон а.
7830;7827;353249500;Тасзаемка а.
7831;7813;353253000;Көксун а.о.
7832;7831;353253100;Көксун а.
7833;7831;353253200;Жартас а.
7834;7831;353253400;Северное а.
7835;7831;353253500;Южное а.
7836;7813;353257000;Қарабас к.ә.
7837;7836;353257100;Қарабас к.
7838;7813;353259000;Қарағанды а.о.
7839;7838;353259100;Жартас а.
7840;7838;353259300;Восход а.
7841;7838;353259700;Поливное а.
7842;7813;353261000;Құлаайғыр а.о.
7843;7842;353261100;Құлаайғыр а.
7844;7842;353261200;Жаманжол а.
7845;7842;353261800;Ялта а.
7846;7813;353263000;Құрма а.о.
7847;7846;353263100;Құрма а.
7848;7846;353263200;Жұмабек а.
7849;7846;353263300;Спасск а.
7850;7813;353267000;Мичурин а.о.
7851;7850;353267100;Агрогородок а.
7852;7850;353267200;Садовое а.
7853;7850;353267800;Ягодное а.
7854;7813;353281000;Самара а.о.
7855;7854;353281100;Самарка а.
7856;7854;353281400;Огороды а.
7857;7813;353285000;Топар к.ә.
7858;7857;353285100;Топар к.
7859;7813;353289000;Южный к.ә.
7860;7859;353289100;Южный к.
7861;7781;353600000;Ақтоғай ауданы
7862;7861;353630000;Ақтоғай а.о.
7863;7862;353630100;Ақтоғай а.
7864;7863;353630105;Ақсай қыстауы
7865;7861;353631000;Абай а.о.
7866;7865;353631100;Абай а.
7867;7866;353631105;Ақферма қыстауы
7868;7866;353631107;Тасқын қыстауы
7869;7866;353631108;Айдын қыстауы
7870;7866;353631109;Ақсай қыстауы
7871;7866;353631111;Аққора қыстауы
7872;7866;353631112;Аң фермасы
7873;7866;353631113;Қалқан қыстауы
7874;7866;353631114;Орта Жөлекең қыстауы
7875;7866;353631115;Ортақора қыстауы
7876;7866;353631116;Ошаған қыстауы
7877;7866;353631117;Төменгі Жөлекең қыстауы
7878;7866;353631118;Жапекен қыстауы
7879;7865;353631300;Ақшкөл а.
7880;7879;353631303;Ақатан қыстауы
7881;7879;353631305;Бақалшы қыстауы
7882;7879;353631306;Бидайық қыстауы
7883;7879;353631313;Копелбай қыстауы
7884;7879;353631315;Қаркын қыстауы
7885;7879;353631316;Қойбағар қыстауы
7886;7879;353631321;Сарыөзек қыстауы
7887;7861;353633000;Айыртас а.о.
7888;7887;353633100;Айыртас а.
7889;7888;353633102;Аққора қыстауы
7890;7888;353633103;Бесбұлақ қыстауы
7891;7888;353633104;Ақсай қыстауы
7892;7888;353633106;Егіндыбұлақ 2 қыстауы
7893;7888;353633107;Әзімбай қыстауы
7894;7888;353633108;Би қыстауы
7895;7888;353633109;Қабырғашы қыстауы
7896;7888;353633111;Қызылтас қыстауы
7897;7888;353633113;Құттымбет қыстауы
7898;7888;353633115;Еспе қыстауы
7899;7888;353633118;ЛСП
7900;7888;353633119;Маубас қыстауы
7901;7888;353633121;Нұрабай қыстауы
7902;7888;353633123;Ойран қыстауы
7903;7888;353633125;Өгізтау қыстауы
7904;7888;353633127;Садуакас қыстауы
7905;7888;353633129;Туайт қыстауы
7906;7888;353633131;Шұбарайғыр қыстауы
7907;7888;353633133;Шұбарқұдық қыстауы
7908;7888;353633134;Әмірсана қыстауы
7909;7888;353633135;Асылбек қыстауы
7910;7888;353633136;Ешкіөлмес қыстауы
7911;7888;353633137;Қарабас қыстауы
7912;7888;353633138;Қараоба қыстауы
7913;7888;353633139;Қалыш қыстауы
7914;7888;353633141;Қииқсу қыстауы
7915;7888;353633142;Күней қыстауы
7916;7888;353633143;Тасқызыл қыстауы
7917;7888;353633144;Шұбартау қыстауы
7918;7888;353633145;Қосшыбай қыстауы
7919;7888;353633146;Раскол қыстауы
7920;7888;353633147;Балтөккен қыстауы
7921;7888;353633148;Долағай қыстауы
7922;7888;353633149;Жақыпбек қыстауы
7923;7888;353633151;Игенбай қыстауы
7924;7888;353633152;Бойдақ қыстауы
7925;7888;353633153;Дәрібек қыстауы
7926;7888;353633154;Қатпар қыстауы
7927;7861;353641000;Жидебай а.о.
7928;7927;353641100;Сәуле а.
7929;7928;353641105;МТС
7930;7928;353641107;Көрпетай қыстауы
7931;7928;353641111;Дөңгелекағаш қыстауы
7932;7928;353641113;Кәріағаш қыстауы
7933;7928;353641114;Нұркей қыстауы
7934;7928;353641117;Тесіктас қыстауы
7935;7927;353641200;Жалаңаш а.
7936;7935;353641202;Ақбұлақ қыстауы
7937;7935;353641203;Бозбие қыстауы
7938;7935;353641206;Жанкел қыстауы
7939;7935;353641211;Қашқынбай қыстауы
7940;7935;353641212;Сарыарқа қыстауы
7941;7935;353641213;Теке қыстауы
7942;7935;353641214;Тескенсу қыстауы
7943;7927;353641300;Үшарал а.
7944;7943;353641305;Жиенбай қыстауы
7945;7943;353641306;Жыланды қыстауы
7946;7943;353641307;Қанатбек қыстауы
7947;7943;353641308;Қырғыз қыстауы
7948;7943;353641309;Нұртай қыстауы
7949;7943;353641311;Сарыөзек 1 қыстауы
7950;7943;353641312;Сарыөзек 2 қыстауы
7951;7943;353641314;Үшарал қыстауы
7952;7943;353641317;Сарыөзек қыстауы
7953;7927;353641400;Қарақой а.
7954;7953;353641402;Айқай қыстауы
7955;7953;353641406;Жалаңаш қыстауы
7956;7953;353641411;Мухаметжан қыстауы
7957;7953;353641412;Тыналы қыстауы
7958;7861;353643000;Кежек а.о.
7959;7958;353643100;Ақши а.
7960;7959;353643103;Алмалы қыстауы
7961;7959;353643105;Бақырбай қыстауы
7962;7959;353643107;Қарашын қыстауы
7963;7959;353643109;Нұра қыстауы
7964;7959;353643111;Сарыөзек қыстауы
7965;7959;353643112;Саяхат қыстауы
7966;7959;353643113;Сорша қыстауы
7967;7959;353643115;Сұртөбе қыстауы
7968;7959;353643117;Талдыбұлақ қыстауы
7969;7959;353643118;Торақ қыстауы
7970;7959;353643119;Оралбай қыстауы
7971;7959;353643121;Шөмшек қыстауы
7972;7861;353645000;Қарабұлақ а.о.
7973;7972;353645100;Нарманбет а.
7974;7973;353645102;Ақтоған қыстауы
7975;7973;353645103;Алшынбек қыстауы
7976;7973;353645104;Жаніке қыстауы
7977;7973;353645105;Малдайындау қыстауы
7978;7973;353645106;Иманбай қыстауы
7979;7973;353645107;Иса қыстауы
7980;7973;353645108;Кіндік қыстауы
7981;7973;353645109;Қажы қыстауы
7982;7973;353645111;Қапаш қыстауы
7983;7973;353645112;Қарабұлақ қыстауы
7984;7973;353645113;Мектеп қыстауы
7985;7973;353645114;Омарбек қыстауы
7986;7973;353645115;Разах қыстауы
7987;7973;353645116;Рахым қыстауы
7988;7973;353645117;Сорөлен қыстауы
7989;7973;353645118;Стандарт қыстауы
7990;7973;353645119;Хасен қыстауы
7991;7973;353645121;Тоқал қыстауы
7992;7973;353645122;8 март қыстауы
7993;7973;353645123;Оспанқарын қыстауы
7994;7973;353645124;Молалы су қыстауы
7995;7973;353645125;Сандық тоған қыстауы
7996;7973;353645126;Тастобе қыстауы
7997;7973;353645127;Қызыл ту қыстауы
7998;7973;353645128;Нілдібек қыстауы
7999;7973;353645129;Әрін қыстауы
8000;7972;353645200;Дуаншы а.
8001;8000;353645202;Арын қыстауы
8002;8000;353645203;Басқора қыстауы
8003;8000;353645204;Бульдозер қыстауы
8004;8000;353645205;Еңбек қыстауы
8005;8000;353645206;Мектеп қыстауы
8006;8000;353645207;Түйеқора қыстауы
8007;8000;353645208;Думан қыстауы
8008;7972;353645300;Қарасу а.
8009;8008;353645302;Қалыш қыстауы
8010;8008;353645303;Қажы қыстауы
8011;8008;353645304;Нарменбет қыстауы
8012;8008;353645305;Саға қыстауы
8013;8008;353645306;Сүтбай қыстауы
8014;8008;353645307;Тілеуберлі қыстауы
8015;8008;353645308;Түйебай қыстауы
8016;8008;353645309;Шолақ қыстауы
8017;8008;353645311;Шалқар қыстауы
8018;8008;353645312;Ащықарын қыстауы
8019;8008;353645313;Алдаберлі қыстауы
8020;8008;353645314;Қарабұзау қыстауы
8021;7861;353647000;Қараменде би а.о.
8022;8021;353647100;а.Ақтас
8023;8022;353647105;Бишай қыстауы
8024;8022;353647106;Елубай қыстауы
8025;8022;353647107;Жуанқоңыр қыстауы
8026;8022;353647109;Қарамола қыстауы
8027;8022;353647111;Омар қыстауы
8028;8022;353647112;Мустакай қыстауы
8029;8022;353647113;Қалпе қыстауы
8030;8021;353647200;Қуаныш а.
8031;8030;353647202;Ақжарық қыстауы
8032;8030;353647203;Күшкөлік қыстауы
8033;8030;353647204;Қызыладыр қыстауы
8034;8030;353647205;Қызылсеңгір қыстауы
8035;8030;353647206;Қаражұмақ қыстауы
8036;7861;353649000;Құсақ а.о.
8037;8036;353649100;Қошқар а.
8038;8037;353649102;Басжарасбай қыстауы
8039;8037;353649103;Керегетас қыстауы
8040;8037;353649104;Ортақора қыстауы
8041;8037;353649105;Өміржан қыстауы
8042;8037;353649106;Жаңа Өміржан қыстауы
8043;8037;353649107;Байбөрі қыстауы
8044;8037;353649109;Бесшоқы қыстауы
8045;8037;353649115;Орта Сарман қыстауы
8046;8037;353649116;Басқора қыстауы
8047;8037;353649117;Белсенді қыстауы
8048;8037;353649118;Қайыпқажы қыстауы
8049;8037;353649119;Қараағаш қыстауы
8050;8037;353649121;Қарашоқы қыстауы
8051;8037;353649122;Қызыладыр қыстауы
8052;8037;353649123;Молақ қыстауы
8053;8037;353649124;Мыңбұлақ қыстауы
8054;8037;353649125;Ортақора қыстауы
8055;8037;353649126;Рашид қыстауы
8056;8037;353649127;Шалқар қыстауы
8057;8037;353649128;Сорман қыстауы
8058;8037;353649129;Байжасар қыстауы
8059;8037;353649131;Екпін қыстауы
8060;8037;353649132;Жасақбай қыстауы
8061;8037;353649133;Қарабас қыстауы
8062;8037;353649134;Толбасы қыстауы
8063;8037;353649135;Қызылбай қыстауы
8064;8037;353649136;Ынтықбай қыстауы
8065;8037;353649137;Қарашілік қыстауы
8066;8037;353649138;Ортажарасбай қыстауы
8067;8037;353649139;Сеитімхан қыстауы
8068;7861;353651000;Қызыларай а.о
8069;8068;353651100;Ақжарық а.
8070;8069;353651103;Әмірхан қыстауы
8071;8069;353651104;Деңгелбай қыстауы
8072;8069;353651105;Жазыбек қыстауы
8073;8069;353651106;Күміс қыстауы
8074;8069;353651107;Қарасиыр қыстауы
8075;8069;353651108;Қаратұмсық қыстауы
8076;8069;353651111;Стандарт қыстауы
8077;8069;353651112;Жүнісбек қыстауы
8078;8069;353651113;Алшынбек қыстауы
8079;8069;353651114;Данбай қыстауы
8080;8069;353651115;Қадырали қыстауы
8081;8069;353651116;Қариған қыстауы
8082;8069;353651117;Өтей қыстауы
8083;8069;353651118;Ыстық қыстауы
8084;8069;353651119;Кеңасу қыстауы
8085;8069;353651121;Ақбұлақ қыстауы
8086;8069;353651123;Ақбуйрат қыстауы
8087;8069;353651125;Бек қыстауы
8088;8069;353651127;Көлденен қыстауы
8089;8069;353651128;Құлмақан қыстауы
8090;8069;353651129;Нағыман қыстауы
8091;8069;353651131;Сарыжол қыстауы
8092;8069;353651132;Сатай қыстауы
8093;8069;353651133;Қойшы қыстауы
8094;8069;353651134;Көшке қыстауы
8095;8069;353651135;Ақбиік қыстауы
8096;8069;353651136;Ермекбай қыстауы
8097;8069;353651137;Домай қыстауы
8098;8069;353651138;Сүлеймен қыстауы
8099;8069;353651139;Сатай қыстауы
8100;8069;353651141;Саржал қыстауы
8101;8069;353651142;Жанабай-Мекебай қыстауы
8102;8069;353651143;Омбай қыстауы
8103;8069;353651144;Кәрігөң қыстауы
8104;8069;353651145;Қарақойтас қыстауы
8105;8069;353651146;Ордабек қыстауы
8106;8069;353651147;Лиман қыстауы
8107;8069;353651148;Ысқақ қыстауы
8108;8069;353651149;Үрпек қыстауы
8109;8069;353651151;Дәмбай қыстауы
8110;8069;353651152;Кеңасу қыстауы
8111;8069;353651153;Тұрсынбай қыстауы
8112;7861;353655000;Нүркен а.о.
8113;8112;353655100;Нүркен а.
8114;8113;353655102;Балғабек-Ақсай қыстауы
8115;8113;353655103;Жамбыл қыстауы
8116;8113;353655104;Көкши қыстауы
8117;8113;353655105;Қояншоқы қыстауы
8118;8113;353655106;Тастыапан қыстауы
8119;8113;353655107;Қытай қыстауы
8120;8113;353655108;Мәлімбек қыстауы
8121;8113;353655109;Сораң қыстауы
8122;8113;353655111;Шұбарат қыстауы
8123;8113;353655112;Керегетас жайлауы
8124;8113;353655113;Айдарлы қыстауы
8125;8113;353655114;Керегетас қыстауы
8126;8112;353655200;Ақсеңгір а.
8127;8126;353655202;Қаратұмсық қыстауы
8128;8126;353655203;Қарыншы қыстауы
8129;8126;353655204;Қояныштағай қыстауы
8130;8126;353655205;Қытай қыстауы
8131;8126;353655206;Дүкен қыстауы
8132;8126;353655207;Орта Ақсай қыстауы
8133;8126;353655208;Талдыбұлақ қыстауы
8134;8126;353655209;Талдыкезен қыстауы
8135;8112;353655300;Жалаңтас а.
8136;8135;353655302;Айдай қыстауы
8137;8135;353655303;Ақсай қыстауы
8138;8135;353655304;Ақирек қыстауы
8139;8135;353655305;Ақши қыстауы
8140;8135;353655306;Әділбай қыстауы
8141;8135;353655307;Бақал қыстауы
8142;8135;353655308;Жалпаққайың қыстауы
8143;8135;353655309;Қараағаш қыстауы
8144;8135;353655311;Керуенбұлақ қыстауы
8145;8135;353655313;Қызыл қыстауы
8146;8135;353655314;Теректі қыстауы
8147;8135;353655315;Әділбай қыстауы
8148;8112;353655400;Жидебай а.
8149;8148;353655403;Доңғал қыстауы
8150;8148;353655405;Қарашоқы қыстауы
8151;8148;353655406;Махамбет-Ақсай қыстауы
8152;8148;353655407;Сағындық қыстауы
8153;8148;353655409;Үйрек қыстауы
8154;8148;353655411;Шұбарт қыстауы
8155;8112;353655500;Қаратал а.
8156;8155;353655503;Жамбыл қыстауы
8157;8155;353655504;Қараоба қыстауы
8158;8155;353655505;Қарашилик қыстауы
8159;8155;353655506;Қызылқайың қыстауы
8160;8155;353655507;Момын қыстауы
8161;8155;353655508;Сараң қыстауы
8162;8155;353655511;Терішоқы қыстауы
8163;7861;353659000;Орта Дересін а.о.
8164;8163;353659100;Орта Дересін а.
8165;8164;353659102;Бас Дересін а.
8166;8164;353659103;Бригада 8
8167;8164;353659105;Қаработа қыстауы
8168;8164;353659106;Арнұр қыстауы
8169;8164;353659107;Саламат қыстауы
8170;8164;353659108;Төкен қыстауы
8171;8164;353659111;Айтас қыстауы
8172;8164;353659112;Азат қыстауы
8173;8164;353659113;Нұрбол қыстауы
8174;8164;353659114;Шыңғыс қыстауы
8175;8164;353659115;Бектауата қыстауы
8176;8164;353659116;Тік Шоқы қыстауы
8177;8164;353659117;Коныр Кулджа қыстауы
8178;8163;353659200;Ақжайдақ а.
8179;8178;353659202;Ақөлең а.
8180;8163;353659500;Орта Дересін ст.
8181;7861;353663000;Сарытерек а.о.
8182;8181;353663100;Сарытерек а.
8183;8182;353663103;Байқозы қыстауы
8184;8182;353663104;Бесқора қыстауы
8185;8182;353663105;Қарақозы қыстауы
8186;8182;353663106;Қарашылық қыстауы
8187;8182;353663107;Қойтас қыстауы
8188;8182;353663108;Қоске қыстауы
8189;8182;353663109;Майбұлақ қыстауы
8190;8182;353663111;Үлкен Ақсай қыстауы
8191;8181;353663200;Ақтұмсық а.
8192;8191;353663202;Ақсай қыстауы
8193;8191;353663203;Әлібек қыстауы
8194;8191;353663204;Достар қыстауы
8195;8191;353663206;Қойкелді қыстауы
8196;8191;353663208;Самал қыстауы
8197;8191;353663209;Ұзынбұлақ қыстауы
8198;8191;353663211;Қарақия қыстауы
8199;8191;353663212;Қарабауыр қыстауы
8200;8181;353663300;Жетімшоқы а.
8201;8200;353663302;Кіші Ақсай қыстауы
8202;8200;353663303;Күнгей қыстауы
8203;8200;353663304;Қызылжал қыстауы
8204;8200;353663305;Қаракемер қыстауы
8205;8200;353663306;Қарамола қыстауы
8206;8200;353663307;Қаратал қыстауы
8207;8200;353663308;Қарашелек қыстауы
8208;8200;353663309;Қарашоқы қыстауы
8209;8200;353663312;Ушемлік қыстауы
8210;8200;353663315;Райымбек қыстауы
8211;8200;353663316;Қарағұла қыстауы
8212;8200;353663317;Үшшілік қыстауы
8213;8200;353663318;Қоянкөз қыстауы
8214;8181;353663400;Кенелі а.
8215;8214;353663402;Айыртас қыстауы
8216;8214;353663403;Ақшағыл қыстауы
8217;8214;353663404;Ақшоқы қыстауы
8218;8214;353663405;Жанат қыстауы
8219;8214;353663406;Қособа қыстауы
8220;8214;353663407;Қызыл қыстауы
8221;8214;353663408;Майтас қыстауы
8222;8214;353663409;Талдыбұлақ қыстауы
8223;8214;353663411;Шанай қыстауы
8224;8214;353663412;Жұмағұл қыстауы
8225;8214;353663413;Шүленбай Ақсайы қыстауы
8226;8214;353663414;Шыңырау қыстауы
8227;7861;353667000;Сарышаған к.ә.
8228;8227;353667100;Сарышаған к.
8229;8228;353667102;Весна ст.
8230;8228;353667103;Науалы ст.
8231;8228;353667104;Көктас ст.
8232;8228;353667105;Қаражыңғыл ст.
8233;7861;353671000;Тасарал а.о.
8234;8233;353671100;Тасарал а.
8235;8234;353671102;Ақжолтай қыстауы
8236;8234;353671103;Асыл қыстауы
8237;8234;353671104;Байдаулет қыстауы
8238;8234;353671105;Жолдан қыстауы
8239;8234;353671106;Оңбай қыстауы
8240;7861;353677000;Шабанбай би а.о.
8241;8240;353677100;Шабанбай би а.
8242;8241;353677103;Керегетас қыстауы
8243;8241;353677105;Байсоқбан қыстауы
8244;8241;353677106;Белтерек қыстауы
8245;8241;353677107;Жіңішке қыстауы
8246;8241;353677108;Күйгенсай қыстауы
8247;8241;353677109;Күнбет қыстауы
8248;8241;353677111;Байсұлтан қыстауы
8249;8241;353677112;Жұрымбай қыстауы
8250;8241;353677113;Қаражал қыстауы
8251;8241;353677114;Қызылжал қыстауы
8252;8240;353677200;Бегазы а.
8253;8252;353677202;Айыртас қыстауы
8254;8252;353677203;Ақөлке қыстауы
8255;8252;353677206;Қаратал қыстауы
8256;8252;353677207;Қарашоқы қыстауы
8257;8252;353677208;Монша қыстауы
8258;8252;353677209;Сарымантай қыстауы
8259;8252;353677211;Серікбай қыстауы
8260;8252;353677214;Шұбарөзек қыстауы
8261;8240;353677400;Қасабай а.
8262;8261;353677402;Аққора қыстауы
8263;8261;353677403;Ақсай қыстауы
8264;8261;353677405;Кепелі қыстауы
8265;8261;353677406;Қарағандыөзек қыстауы
8266;8261;353677408;Молдашілік қыстауы
8267;8261;353677411;Шоқпартас қыстауы
8268;8240;353677500;Сона а.
8269;8268;353677507;Қараша қыстауы
8270;8268;353677512;Рақыш қыстауы
8271;8268;353677513;Тоғызбай қыстауы
8272;8268;353677514;Шөладыр қыстауы
8273;7861;353679000;Шәшубай к.ә.
8274;8273;353679100;Шәшубай к.
8275;7781;354000000;Бұқар жырау ауданы
8276;8275;354030000;Ботоқара к.ә.
8277;8276;354030100;Ботақара к.
8278;8276;354030200;Ботақара ст.
8279;8275;354031000;Зеленобалка а.о.
8280;8279;354031100;Доскей ауылы а.
8281;8280;354031102;Аққұдық а.
8282;8279;354031400;Трудовое а.
8283;8275;354033000;Ақөре а.ә.
8284;8283;354033100;Ақөре а.
8285;8284;354033107;Қосшоқы а.
8286;8284;354033113;Шатан а.
8287;8275;354035000;Ақтөбе а.о.
8288;8287;354035100;Ақтөбе а.
8289;8287;354035200;Ынтымақ а.
8290;8275;354037000;Үміткер а.о.
8291;8290;354037100;Үміткер а.
8292;8290;354037200;Төрткөл а.
8293;8290;354037300;Үлгі а.
8294;8275;354039000;Қызылқайың а.о.
8295;8294;354039100;Қызылқайың а.
8296;8294;354039200;Саратовка а.
8297;8294;354039300;Тасауыл а.
8298;8275;354041000;Ботақара а.ә.
8299;8298;354041100;Ботақара а.
8300;8275;354043000;Бұқар жырау а.о.
8301;8300;354043100;Бұқар жырау а.
8302;8300;354043200;Семізбұға а.
8303;8300;354043300;Шалқар а.
8304;8275;354045000;Гагарин а.о.
8305;8304;354045100;Гагаринское а.
8306;8304;354045200;Садовое а.
8307;8275;354047000;Керней а.о.
8308;8307;354047100;Керней а.
8309;8307;354047200;Ақжар а.
8310;8307;354047300;Алғабас а.
8311;8275;354051000;Молодецкая а.ә.
8312;8311;354051100;Жаңаталап а.
8313;8275;354053000;Көкпекті а.о.
8314;8313;354053100;Көкпекті а.
8315;8313;354053200;Байқадам а.
8316;8313;354053300;Сарытөбе а.
8317;8275;354055000;Тоғызқұдық а.о.
8318;8317;354055100;Тоғызқұдық а.
8319;8317;354055300;Тасшоқы а.
8320;8319;354055305;Плотинное а.
8321;8275;354057000;Қаражар а.о.
8322;8321;354057100;Қаражар а.
8323;8321;354057200;Асыл а.
8324;8321;354057300;Волковское а.
8325;8321;354057400;Геологическое а.
8326;8275;354059000;Қарақұдық а.ә.
8327;8326;354059100;Қарақұдық а.
8328;8327;354059105;Жалғызқұдық а.
8329;8327;354059107;Күмісқұдық а.
8330;8275;354061000;Қушоқы к.ә.
8331;8330;354061100;Қушоқы к.
8332;8275;354063000;Самарқант а.о.
8333;8332;354063100;Самарқант а.
8334;8332;354063200;Тегісжол а.
8335;8332;354063300;Чкалово а.
8336;8275;354065000;Новоузен а.о.
8337;8336;354065100;Новоузенка а.
8338;8337;354065103;Тегісжол ст.
8339;8336;354065200;Севан а.
8340;8336;354065300;Стан а.
8341;8275;354067000;Петров а.о.
8342;8341;354067100;Петровка а.
8343;8342;354067107;Шәйлі а.
8344;8341;354067200;Жаңақала а.
8345;8341;354067300;Жастілек а.
8346;8275;354069000;Баймырза а.о.
8347;8346;354069100;Баймырза а.
8348;8346;354069200;Астаховка а.
8349;8275;354071000;Шешенқара а.о.
8350;8349;354071100;Шешенқара а.
8351;8350;354071105;Үштау а.
8352;8349;354071200;Ащысу а.
8353;8275;354073000;Ақбел а.о.
8354;8353;354073100;Ақбел а.
8355;8353;354073200;Алабас а.
8356;8353;354073300;Құрама а.
8357;8275;354075000;Ростов а.о.
8358;8357;354075100;Ростовка а.
8359;8357;354075200;Красная Нива а.
8360;8357;354075300;Қызылжар а.
8361;8275;354077000;Центральный а.о.
8362;8361;354077100;Центральное а.
8363;8361;354077200;Урожайное а.
8364;8275;354079000;Суықсу а.ә.
8365;8364;354079100;Суықсу а.
8366;8275;354081000;Ғабиден Мұстафин к.ә.
8367;8366;354081100;Ғабиден Мұстафин к.
8368;8275;354083000;Тұзды а.о.
8369;8368;354083100;Тұзды а.
8370;8368;354083200;Көнетұзды а.
8371;8368;354083300;Первое Мая а.
8372;8368;354083400;Жаңаауыл а.
8373;8275;354087000;Үштөбе а.о.
8374;8373;354087100;Үштөбе а.
8375;8373;354087300;Сарыарқа а.
8376;8373;354087400;Құрылыс а.
8377;8376;354087403;Ақжар а.
8378;8373;354087500;Сокурское а.
8379;8373;354087600;Атамекен а.
8380;8275;354089000;Белағаш а.о.
8381;8380;354089100;Белағаш а.
8382;8381;354089107;Ташық а.
8383;8380;354089200;Аюлы а.
8384;7781;354800000;Қарқаралы ауданы
8385;8384;354820100;Қарқаралы қ.
8386;8384;354831000;Абай а.о.
8387;8386;354831100;Айнабұлақ а.
8388;8387;354831102;Айыртас қыстауы
8389;8387;354831103;Иманкұл қыстауы
8390;8387;354831104;Күлшыағаш қыстауы
8391;8387;354831106;Рақымжан қыстауы
8392;8387;354831109;Ортабаз қыстауы
8393;8387;354831111;Ұзынбұлақ қыстауы
8394;8387;354831115;Шынтемір қыстауы
8395;8387;354831119;Шынтемір-2 қыстауы
8396;8387;354831121;Тоқай а.
8397;8386;354831300;Мыржық а.
8398;8384;354833000;Мәди а.о.
8399;8398;354833100;Айрық а.
8400;8399;354833102;Азберген қыстауы
8401;8399;354833114;Тайшабазы қыстауы
8402;8398;354833300;Едрей а.
8403;8402;354833305;Жанабаз қыстауы
8404;8384;354837000;Аманжолов а.о
8405;8404;354837100;Талды а.
8406;8405;354837102;Болпан шекарасы
8407;8405;354837103;Бригада 9
8408;8405;354837104;Жанған шекарасы
8409;8405;354837106;Жылысай қыстауы
8410;8405;354837107;Қараағаш шекарасы
8411;8405;354837115;Айнабұлақ қыстауы
8412;8404;354837200;Ақбай-Қызылбай а.
8413;8412;354837203;Есдәулет қыстауы
8414;8412;354837206;Кеңсай қыстауы
8415;8412;354837208;Қойтас қыстауы
8416;8412;354837209;Қотыр қыстауы
8417;8412;354837211;Құсмұрын қыстауы
8418;8412;354837212;Өмірбек қыстауы
8419;8412;354837213;Сарытұмсық қыстауы
8420;8412;354837215;Трагай қыстауы
8421;8404;354837300;Аққора а.
8422;8421;354837303;Алиасқар қыстауы
8423;8421;354837304;Бабеке қыстауы
8424;8421;354837307;Көкбет қыстауы
8425;8421;354837308;Көмекбай қыстауы
8426;8421;354837311;Ніқанбай қыстауы
8427;8421;354837314;Тұяқ қыстауы
8428;8421;354837315;Үштөбе қыстауы
8429;8421;354837316;Шатағаш қыстауы
8430;8404;354837400;Белдеутас а.
8431;8430;354837402;Айтжан қыстауы
8432;8430;354837406;Майлы қыстауы
8433;8430;354837409;Тындыбай қыстауы
8434;8404;354837500;Сарыобалы а.
8435;8434;354837503;Қалақтас қыстауы
8436;8434;354837504;Қарагүнгей қыстауы
8437;8434;354837506;Қосбұлақ қыстауы
8438;8434;354837507;Құрылыс қыстауы
8439;8434;354837508;Қызылсораң қыстауы
8440;8434;354837509;Өзен қыстауы
8441;8434;354837511;Сиыркетпес қыстауы
8442;8434;354837512;Тайыр қыстауы
8443;8434;354837513;Тіленші қыстауы
8444;8434;354837514;Қарамола қыстауы
8445;8434;354837515;Қоңырат қыстауы
8446;8384;354839000;Тәттімбет а.о.
8447;8446;354839100;Ақтасты а.
8448;8447;354839105;Тасшоқы а.
8449;8447;354839106;Әміре қыстауы
8450;8447;354839107;Бапалақ қыстауы
8451;8447;354839108;Баубек қыстауы
8452;8447;354839109;Көлбұлақ қыстауы
8453;8447;354839111;Қиырбай қыстауы
8454;8447;354839112;Майтан қыстауы
8455;8447;354839113;Мүсіреп қыстауы
8456;8447;354839114;Рахымбай қыстауы
8457;8447;354839115;Сарсенбай қыстауы
8458;8447;354839116;Сарыөлең қыстауы
8459;8447;354839117;Сарытөбе қыстауы
8460;8447;354839118;Шалақыз қыстауы
8461;8447;354839119;Шұбарбұлақ қыстауы
8462;8446;354839300;Шілдебай а.
8463;8462;354839302;Әбден қыстауы
8464;8462;354839303;Әбдірахман қыстауы
8465;8462;354839304;Әтеби қыстауы
8466;8462;354839307;Қарабұлақ қыстауы
8467;8462;354839311;Құлмағанбет қыстауы
8468;8462;354839312;Нұрсейіт қыстауы
8469;8462;354839313;Өмірбек қыстауы
8470;8462;354839314;Тоғызжігіт қыстауы
8471;8384;354843000;Бақты а.о.
8472;8471;354843100;Бақты а.
8473;8472;354843103;Азыхан қыстауы
8474;8472;354843111;Ешкіөлмес қыстауы
8475;8472;354843112;Талдыбай а.
8476;8472;354843113;Батылхан қыстауы
8477;8472;354843114;Бейсеке қыстауы
8478;8472;354843115;Бессары қыстауы
8479;8472;354843116;Бөлемес қыстауы
8480;8472;354843117;Кененбай қыстауы
8481;8472;354843118;Қазақстан қыстауы
8482;8472;354843119;Көпплан қыстауы
8483;8472;354843121;Махмет қыстауы
8484;8472;354843122;Молдахан қыстауы
8485;8472;354843123;Моншақ қыстауы
8486;8472;354843124;Сарт қыстауы
8487;8472;354843125;Талдыбай 2 қыстауы
8488;8471;354843200;Абыз а.
8489;8488;354843215;Айнабұлақ қыстауы
8490;8488;354843219;Бопы қыстауы
8491;8488;354843222;Қазанбас қыстауы
8492;8488;354843224;Қонақай қыстауы
8493;8488;354843229;Мейрамбай қыстауы
8494;8488;354843235;Шалжан қыстауы
8495;8471;354843400;Шолаққайың а.
8496;8495;354843403;Аралбай қыстауы
8497;8495;354843404;Арқалық қыстауы
8498;8495;354843405;Бөгенбай қыстауы
8499;8495;354843407;Қара қыстауы
8500;8495;354843409;Мақсат шарқож
8501;8495;354843411;Мейірхан қыстауы
8502;8495;354843413;Рымхан қыстауы
8503;8495;354843416;Шүнгүлтай шарқож
8504;8384;354845000;Балқантау а.о.
8505;8504;354845100;Қарабұлақ а.
8506;8505;354845102;Ақбиік қыстауы
8507;8505;354845106;Ақын қыстауы
8508;8505;354845111;Жұмагүл қыстауы
8509;8505;354845113;Көнекқара қыстауы
8510;8505;354845115;Қаратүлкі қыстауы
8511;8505;354845117;Онақ қыстауы
8512;8505;354845119;Сұржал қыстауы
8513;8505;354845121;Орталық 1 қыстауы
8514;8505;354845123;Бригада 4
8515;8505;354845125;Талды а.
8516;8505;354845126;Алтай қыстауы
8517;8505;354845127;Қызылкөл қыстауы
8518;8505;354845128;Талды қыстауы
8519;8505;354845129;Шотқара қыстауы
8520;8505;354845131;Атыбай қыстауы
8521;8505;354845132;Асылбек қыстауы
8522;8505;354845133;Қарабұлақ қыстауы
8523;8504;354845200;Айнабұлақ а.
8524;8523;354845202;Айдарлы қыстауы
8525;8523;354845203;Айнабұлақ қыстауы
8526;8523;354845204;Бүркітты қыстауы
8527;8523;354845207;Жырыққұдық қыстауы
8528;8523;354845209;Қызылқайың қыстауы
8529;8523;354845213;Майдан қыстауы
8530;8523;354845217;Тасөткел қыстауы
8531;8523;354845218;Бірман қыстауы
8532;8523;354845219;Қойтас қыстауы
8533;8384;354847000;Бесоба а.о.
8534;8533;354847100;Бесоба а.
8535;8534;354847103;Ақсары қыстауы
8536;8534;354847105;Досан қыстауы
8537;8534;354847106;Қамқор а.
8538;8534;354847109;Ақжал қыстауы
8539;8534;354847111;Сарыжал қыстауы
8540;8534;354847113;Сеңгір қыстауы
8541;8534;354847115;Түменбай қыстауы
8542;8533;354847300;Қарашоқы а.
8543;8542;354847303;Бекшоқы қыстауы
8544;8542;354847307;Мыңшұрық қыстауы
8545;8533;354847400;Қызылту а.
8546;8545;354847404;Дон қыстауы
8547;8545;354847406;Төлеубай қыстауы
8548;8545;354847407;Түлкілі 1 қыстауы
8549;8545;354847408;Ақпан қыстауы
8550;8545;354847409;Түлкілі 2 қыстауы
8551;8545;354847411;Үшбұлақ қыстауы
8552;8545;354847412;Түлкілі қыстауы
8553;8384;354851000;Егіндібұлақ а.о.
8554;8553;354851100;Егіндібұлақ а.
8555;8554;354851104;Бәзкей қыстауы
8556;8554;354851107;Төртүй қыстауы
8557;8384;354853000;Нұркен Әбдіров а.о.
8558;8557;354853100;Жарлы а.
8559;8557;354853200;Ақшоқы а.
8560;8559;354853202;Ескі Нұркен қыстауы
8561;8559;354853204;Сарыжайлау қыстауы
8562;8559;354853205;Шотбай қыстауы
8563;8557;354853300;Жекежал а.
8564;8563;354853302;Ақтопырақ қыстауы
8565;8563;354853303;Аршалы қыстауы
8566;8563;354853304;Қараби қыстауы
8567;8563;354853305;Қондыбай қыстауы
8568;8563;354853306;Қопа қыстауы
8569;8563;354853307;Нокеш қыстауы
8570;8563;354853308;Шонай қыстауы
8571;8563;354853312;Бақытбұлақ қыстауы
8572;8563;354853313;Күзеуадыр қыстауы
8573;8563;354853314;Қызылсиыр қыстауы
8574;8563;354853315;Торқора қыстауы
8575;8384;354855000;Жаңатоған а.о.
8576;8575;354855100;Жаңатоған а.
8577;8576;354855103;Балташ қыстауы
8578;8576;354855104;Ботабай қыстауы
8579;8576;354855105;Дағар қыстауы
8580;8576;354855106;Жәнібек қыстауы
8581;8576;354855108;Тұнғат қыстауы
8582;8576;354855109;Қонысбай 2 қыстауы
8583;8576;354855111;Қызылағаш қыстауы
8584;8576;354855112;Қызылшоқы қыстауы
8585;8576;354855113;Өгізтау қыстауы
8586;8576;354855114;Смағул қыстауы
8587;8576;354855115;Сыбай қыстауы
8588;8576;354855123;Қазанбай қыстауы
8589;8576;354855125;Кестелітас 1 қыстауы
8590;8576;354855126;Кестелітас 2 қыстауы
8591;8575;354855200;Ежебай а.
8592;8591;354855202;Абылай қыстауы
8593;8591;354855203;Ақкезең қыстауы
8594;8591;354855204;Байдалы қыстауы
8595;8591;354855206;Жылысай қыстауы
8596;8591;354855207;Кеңестас қыстауы
8597;8591;354855209;Қаратұмсық қыстауы
8598;8591;354855212;Елтолған қыстауы
8599;8591;354855214;Бұқаш қыстауы
8600;8384;354861000;Қайнарбұлақ а.о.
8601;8600;354861100;Аппаз а.
8602;8601;354861102;Иза қыстауы
8603;8601;354861103;Айыртас қыстауы
8604;8601;354861104;Ақшолақ қыстауы
8605;8601;354861105;Байбосын қыстауы
8606;8601;354861106;Бекіш қыстауы
8607;8601;354861107;Кұлатай қыстауы
8608;8601;354861108;Қарабұлақ қыстауы
8609;8601;354861109;Қарашоқы қыстауы
8610;8601;354861111;Өтеу қыстауы
8611;8601;354861112;Станса 1 қыстауы
8612;8601;354861113;Станса 2 қыстауы
8613;8601;354861115;Тоқберген 1 қыстауы
8614;8601;354861116;Тоқберген 2 қыстауы
8615;8601;354861117;Ази қыстауы
8616;8600;354861200;Жалпақшілік а.
8617;8616;354861202;Ақдоңғал қыстауы
8618;8616;354861203;Ақтай қыстауы
8619;8616;354861204;Бауыр қыстауы
8620;8616;354861205;Көз қыстауы
8621;8616;354861206;Қойтас қыстауы
8622;8616;354861207;Тұрманбет қыстауы
8623;8616;354861209;Кәрсенбай қыстауы
8624;8616;354861211;Егіз Бұлақ қыстауы
8625;8616;354861213;Сарыадыр қыстауы
8626;8616;354861215;Шанты қыстауы
8627;8600;354861300;Милыбұлақ а.
8628;8627;354861302;Айнабұлақ қыстауы
8629;8627;354861303;Аттама қыстауы
8630;8627;354861304;Байгөншек қыстауы
8631;8627;354861305;Байке қыстауы
8632;8627;354861306;Боқан қыстауы
8633;8627;354861307;Бүркітші қыстауы
8634;8627;354861308;Қанқай қыстауы
8635;8627;354861309;Қараөлке қыстауы
8636;8627;354861311;Мұсабай қыстауы
8637;8627;354861312;Сарышоқы қыстауы
8638;8627;354861313;Тай қыстауы
8639;8627;354861315;Шәйнекбай қыстауы
8640;8627;354861317;Бижан қыстауы
8641;8627;354861319;Волжанка қыстауы
8642;8600;354861400;Саз а.
8643;8642;354861402;Бекжан қыстауы
8644;8642;354861403;Бестамақ қыстауы
8645;8642;354861405;Елші 1 қыстауы
8646;8642;354861406;Елші 2 қыстауы
8647;8642;354861407;Жаңаауыл 1 қыстауы
8648;8642;354861408;Жаңаауыл 2 қыстауы
8649;8642;354861411;Қалибек қыстауы
8650;8642;354861412;Қаражал қыстауы
8651;8642;354861413;Қилыбай қыстауы
8652;8642;354861414;Қойта қыстауы
8653;8642;354861415;Мұқалы қыстауы
8654;8642;354861416;Сәдуакас қыстауы
8655;8642;354861417;Шаматай қыстауы
8656;8384;354863000;Қарағайлы к.ә.
8657;8656;354863100;Қарағайлы к.
8658;8656;354863300;Ақтерек а.
8659;8384;354865000;Қаракөл а.о.
8660;8659;354865100;Қаракөл а.
8661;8660;354865103;Борлыбұлақ қыстауы
8662;8660;354865105;Рахымбай 1 қыстауы
8663;8384;354867000;Қаршығалы а.о.
8664;8663;354867100;Көктас а.
8665;8664;354867103;Родилка қыстауы
8666;8664;354867104;Сүтфермасы
8667;8664;354867105;Ферма 3
8668;8664;354867106;Керегетас қыстауы
8669;8663;354867200;Новый Путь а.
8670;8663;354867300;Саумалкөл ст.
8671;8384;354869000;Қырғыз а.о.
8672;8671;354869100;Бүркітті а.
8673;8672;354869102;Айтбай шекарасы
8674;8672;354869103;Ақбалаган 1 қыстауы
8675;8672;354869105;Әукей қыстауы
8676;8672;354869108;Комиссаровка шекарасы
8677;8672;354869109;Қарашоқы қыстауы
8678;8672;354869111;Қосбұлақ қыстауы
8679;8672;354869112;Қызылкенші шекарасы
8680;8672;354869114;Сарыбұлақ қыстауы
8681;8672;354869115;Сарытау қыстауы
8682;8672;354869116;Үшбұлақ қыстауы
8683;8672;354869117;Інкәрбай қыстауы
8684;8672;354869121;Кешубай қыстауы
8685;8672;354869122;Ақбалаган 2 қыстауы
8686;8671;354869200;Борлыбұлақ а.
8687;8671;354869300;Жәнібек а.
8688;8671;354869400;Кент а.
8689;8671;354869600;Бүркітті ст.
8690;8384;354871000;Қоянды а.о.
8691;8690;354871100;Қоянды а.
8692;8691;354871105;Ақтүбек 3 қыстауы
8693;8691;354871116;Тоқпан қыстауы
8694;8691;354871119;Қорық қыстауы
8695;8690;354871200;Атантай а.
8696;8384;354873000;Мартбек Мамыраев а.о.
8697;8696;354873100;Ақжол а.
8698;8697;354873102;Айтыш қыстауы
8699;8697;354873103;Ақбайпақ қыстауы
8700;8697;354873104;Батпақбай қыстауы
8701;8697;354873106;Жаңақоныс қыстауы
8702;8697;354873109;Қаражал қыстауы
8703;8697;354873111;Қарасу қыстауы
8704;8697;354873112;Қопа қыстауы
8705;8697;354873114;Мақай-Тақай қыстауы
8706;8697;354873116;Сарытау қыстауы
8707;8697;354873117;Сиырлы қыстауы
8708;8697;354873118;Беталыс а.
8709;8697;354873121;Баятар қыстауы
8710;8697;354873123;Қоспақ қыстауы
8711;8697;354873124;Қызылмола қыстауы
8712;8697;354873125;Шаңкөз қыстауы
8713;8696;354873300;Жаңанегіз а.
8714;8713;354873302;Әбіш қыстауы
8715;8713;354873303;Бабайбек қыстауы
8716;8713;354873304;Бөлекбай қыстауы
8717;8713;354873306;Жыланды қыстауы
8718;8713;354873307;Қарағайлы қыстауы
8719;8713;354873308;Қасқырін қыстауы
8720;8713;354873309;Қожахмет қыстауы
8721;8713;354873311;Қызылағаш қыстауы
8722;8713;354873312;Мақаш қыстауы
8723;8713;354873313;Чкалов қыстауы
8724;8713;354873314;Шегебай қыстауы
8725;8713;354873316;Шүңгүлтай қыстауы
8726;8384;354875000;Нығмет Нұрмақов а.о.
8727;8726;354875100;Өсібай а.
8728;8727;354875105;Жаңабаз қыстауы
8729;8727;354875107;Саға қыстауы
8730;8727;354875108;Сауыт қыстауы
8731;8727;354875109;Доғалан а.
8732;8726;354875300;Бастал а.
8733;8732;354875302;Ахмет қыстауы
8734;8732;354875307;Айнабұлақ қыстауы
8735;8732;354875309;Бекет қыстауы
8736;8732;354875311;Иманғали қыстауы
8737;8732;354875312;Қарабиік қыстауы
8738;8732;354875317;Көке қыстауы
8739;8732;354875327;Мұздыбай қыстауы
8740;8726;354875500;Қолбасы а.
8741;8740;354875508;Ахмет қыстауы
8742;8384;354877000;Тегісшілдік а.о.
8743;8742;354877100;Тегісшілдік а.
8744;8743;354877104;Иманқұл қыстауы
8745;8743;354877105;Кеңдара шекарасы
8746;8743;354877106;Қарасу қыстауы
8747;8743;354877107;Қолдасан қыстауы
8748;8743;354877108;Таскотан қыстауы
8749;8743;354877111;Төңкеріс шекарасы
8750;8743;354877112;Шоқпартас қыстауы
8751;8743;354877113;Шортанды қыстауы
8752;8743;354877114;Шұңқырқұдық а.
8753;8743;354877115;Ақтопырақ қыстауы
8754;8742;354877200;Жарлы а.
8755;8754;354877203;Жаңабет қыстауы
8756;8754;354877204;Жаңабет шекарасы
8757;8754;354877206;Жалғызтерек қыстауы
8758;8742;354877300;Калинино а.
8759;8758;354877302;Бағлан қыстауы
8760;8758;354877305;Өтірікшы қыстауы
8761;8758;354877306;Сарыжал қыстауы
8762;8758;354877307;Ошатай қыстауы
8763;8758;354877308;Үшқора қыстауы
8764;8384;354879000;Теміршін а.о.
8765;8764;354879100;Татан а.
8766;8765;354879104;Жырықсу қыстауы
8767;8765;354879105;Татан 1 қыстауы
8768;8765;354879106;Татан 2 қыстауы
8769;8765;354879107;Татан 3 қыстауы
8770;8765;354879108;Татан 4 қыстауы
8771;8765;354879109;Татан 5 қыстауы
8772;8765;354879111;Татан 6 қыстауы
8773;8765;354879112;Татан 7 қыстауы
8774;8765;354879121;Көкшетау қыстауы
8775;8765;354879122;Татан 10 қыстауы
8776;8765;354879123;Құлабие қыстауы
8777;8764;354879200;Айнабұлақ а.
8778;8777;354879202;Жарбастау қыстауы
8779;8777;354879203;Аршалы қыстауы
8780;8777;354879204;Бөсей қыстауы
8781;8777;354879207;Көпқара 1 қыстауы
8782;8777;354879208;Көпқара 2 қыстауы
8783;8777;354879209;Қарақуыс қыстауы
8784;8777;354879211;Қарақұдық қыстауы
8785;8777;354879212;Құрманбек қыстауы
8786;8777;354879213;Ортақара қыстауы
8787;8777;354879214;Үшбай қыстауы
8788;8777;354879215;Шаңғайбек қыстауы
8789;8777;354879219;Әжібек қыстауы
8790;8764;354879300;Қараағаш а.
8791;8790;354879302;Аблан қыстауы
8792;8790;354879303;Айтақ қыстауы
8793;8790;354879304;Ақбұлақ қыстауы
8794;8790;354879306;Жаңатай қыстауы
8795;8790;354879307;Күзеу қыстауы
8796;8790;354879308;Қарашоқы қыстауы
8797;8790;354879309;Мереке қыстауы
8798;8790;354879312;Сарышоқы қыстауы
8799;8790;354879313;Темірші қыстауы
8800;8790;354879314;Ұзынбұлақ қыстауы
8801;8790;354879315;Жанатай-2 қыстауы
8802;8384;354881000;Томар а.о.
8803;8802;354881100;Томар а.
8804;8803;354881103;Ақжарық а.
8805;8803;354881105;Бөрлі қыстауы
8806;8803;354881107;Жөкебай қыстауы
8807;8803;354881111;Ошан қыстауы
8808;8803;354881117;Үйтас қыстауы
8809;8803;354881121;Ырғайлы қыстауы
8810;8803;354881122;Тоқылдақ а.
8811;8803;354881123;Айыртас қыстауы
8812;8803;354881124;Ақбұлақ қыстауы
8813;8803;354881125;Ақтөбе қыстауы
8814;8803;354881126;Асылбек қыстауы
8815;8803;354881127;Бөрке қыстауы
8816;8803;354881128;Бүкір қыстауы
8817;8803;354881129;Жаппар қыстауы
8818;8803;354881131;Естек қыстауы
8819;8803;354881132;Жұмабай қыстауы
8820;8803;354881133;Кемеш қыстауы
8821;8803;354881134;Қалдаман қыстауы
8822;8803;354881135;Қосым қыстауы
8823;8803;354881137;Құсайын қыстауы
8824;8803;354881138;Сарыадыр қыстауы
8825;8803;354881139;Сартбай қыстауы
8826;8384;354883000;Угар а.о.
8827;8826;354883100;Матақ а.
8828;8827;354883105;Ақбұлақ а.
8829;8827;354883106;Қайрақты қыстауы
8830;8827;354883107;Омархан қыстауы
8831;8827;354883108;рзд.6
8832;8384;354887000;Шарықты а.о.
8833;8832;354887100;Теректі а.
8834;8833;354887103;Балағазы қыстауы
8835;8833;354887105;Бейсенбай қыстауы
8836;8833;354887109;Кәрібай қыстауы
8837;8833;354887112;Майшоқы қыстауы
8838;8833;354887113;Нәби қыстауы
8839;8833;354887115;Тұқыш қыстауы
8840;8833;354887116;Тұмсықнияқ қыстауы
8841;8833;354887119;Әзімбек қыстауы
8842;8833;354887121;Үлкенбаз қыстауы
8843;8833;354887180;Айыр а.
8844;8832;354887200;Қызылшілік а.
8845;8844;354887207;Қорғадыр қыстауы
8846;8832;354887300;Шөптікөл а.
8847;8846;354887304;Ақын қыстауы
8848;8846;354887305;Көктас қыстауы
8849;8846;354887306;Қанай қыстауы
8850;8846;354887307;Қараауыл қыстауы
8851;8846;354887309;Құрылыс қыстауы
8852;8846;354887311;Опырмалы қыстауы
8853;8846;354887314;Қойшыбай қыстауы
8854;8384;354889000;Ынталы а.о.
8855;8854;354889100;Ынталы а.
8856;8855;354889103;Қараоба қыстауы
8857;8855;354889104;Қоянды қыстауы
8858;8855;354889109;Дубовка қыстауы
8859;8855;354889111;Жарықмола қыстауы
8860;8855;354889115;Жаппас қыстауы
8861;8855;354889117;Қарабике қыстауы
8862;8855;354889121;рзд №5
8863;7781;355200000;Нұра ауданы
8864;8863;355230000;Нұра к.ә.
8865;8864;355230100;Нұра к.
8866;8863;355235000;Балықтыкөл а.о.
8867;8866;355235100;Балықтыкөл а.
8868;8867;355235111;Ұңғыма 24
8869;8867;355235112;Ұңғыма 46
8870;8867;355235113;Кеңсай қыстауы
8871;8863;355237000;Баршин а.о.
8872;8871;355237100;Баршино а.
8873;8872;355237105;Қарақасқа а.
8874;8872;355237106;Старое Баршино а.
8875;8871;355237200;Бестамақ а.
8876;8875;355237206;Жаңажартас қыстауы
8877;8875;355237212;Қызылжар қыстауы
8878;8875;355237215;Татті қыстауы
8879;8863;355241000;Құлан а.о.
8880;8879;355241100;Құланөтпес а.
8881;8880;355241105;Оразәлі а.
8882;8863;355243000;Жараспай а.о.
8883;8882;355243100;Жараспай а.
8884;8883;355243105;Малайқұдық а.
8885;8863;355247000;Заречный а.о.
8886;8885;355247100;Заречное а.
8887;8863;355249000;Ақмешіт а.о.
8888;8887;355249100;Ақмешіт а.
8889;8888;355249105;Қобыкөл а.
8890;8887;355249200;Қантай а.
8891;8863;355251000;Индустриальный а.о.
8892;8891;355251100;Тассуат а.
8893;8863;355253000;Кеңжарық а.о.
8894;8893;355253100;Изенді а.
8895;8894;355253102;Изенді қыстауы
8896;8894;355253103;Қарақұдық қыстауы
8897;8894;355253104;Қаратұмар қыстауы
8898;8894;355253107;База 3 қыстауы
8899;8894;355253108;Өстемір қыстауы
8900;8893;355253200;Кеңжарық а.
8901;8893;355253300;Топаркөл а.
8902;8863;355255000;Қараой а.о.
8903;8902;355255100;Қараой а.
8904;8863;355257000;Егінді а.о.
8905;8904;355257100;Егінді а.
8906;8863;355259000;Қарақойын а.о.
8907;8906;355259100;Жанбөбек а.
8908;8907;355259102;Бектлес қыстауы
8909;8907;355259103;Бижан қыстауы
8910;8907;355259106;Тасмола 1 қыстауы
8911;8907;355259107;Тасмола 2 қыстауы
8912;8907;355259109;Керей а.
8913;8907;355259111;Әубакір қыстауы
8914;8907;355259113;Бұрматай қыстауы
8915;8907;355259114;Құсмұрын қыстауы
8916;8907;355259115;Мамбет қыстауы
8917;8907;355259117;Шаймерден қыстауы
8918;8906;355259200;Аққолқа а.
8919;8918;355259203;Қазаншұңқыр қыстауы
8920;8918;355259204;Қарабие қыстауы
8921;8918;355259207;Шахман қыстауы
8922;8918;355259215;Дос қыстауы
8923;8918;355259216;Төребай қыстауы
8924;8863;355261000;Қорғанжар а.о.
8925;8924;355261100;Кәрім Мыңбаев а.
8926;8925;355261105;Қызылшілік а.
8927;8863;355263000;Құланөтпес а.о.
8928;8927;355263100;Құланөтпес а.
8929;8928;355263105;Отарбай а.
8930;8928;355263106;Қызылүңгір қыстауы
8931;8927;355263200;Ақтүбек а.
8932;8927;355263300;Нығман а.
8933;8863;355265000;Қызылтал а.о.
8934;8933;355265100;Кертінді а.
8935;8933;355265200;Алғабас а.
8936;8863;355267000;Байтуған а.о.
8937;8936;355267100;Байтуған а.
8938;8936;355267200;Жаңақұрылыс а.
8939;8863;355269000;Мұзбел а.о.
8940;8939;355269100;Мұзбел а.
8941;8863;355271000;Сарыөзен а.о.
8942;8941;355271100;Тікенекті а.
8943;8942;355271105;Әжике қыстауы
8944;8942;355271106;Бакей қыстауы
8945;8942;355271107;Жиделі қыстауы
8946;8942;355271108;Жүкей а.
8947;8863;355273000;Соналы а.о.
8948;8947;355273100;Соналы а.
8949;8948;355273103;Қосарал а.
8950;8948;355273105;Тасты қыстауы
8951;8948;355273106;Баянбай а.
8952;8948;355273107;Егізқара қыстауы
8953;8948;355273108;Қызылкент қыстауы
8954;8948;355273109;Қазықұрт а.
8955;8863;355275000;Ахмет а.о.
8956;8955;355275100;Ахмет а.
8957;8863;355277000;Талдысай а.о.
8958;8957;355277100;Талдысай а.
8959;8958;355277103;Бекет қыстауы
8960;8958;355277105;Бұзаутөбе қыстауы
8961;8958;355277107;Мұса қыстауы
8962;8958;355277108;Шортан қыстауы
8963;8958;355277109;Қарасу қыстауы
8964;8958;355277111;Қылыш қыстауы
8965;8863;355279000;Тассуат а.о.
8966;8965;355279100;Қайнар а.
8967;8966;355279105;Амантау а.
8968;8966;355279106;Жылысай қыстауы
8969;8863;355283000;Көбетей а.о.
8970;8969;355283100;Көбетей а.
8971;8970;355283105;Қызылжұлдыз а.
8972;8969;355283300;Өндіріс а.
8973;8969;355283400;Первое Мая а.
8974;8863;355287000;Шахтер а.о.
8975;8974;355287100;Шахтерское а.
8976;8863;355289000;Шұбаркөл к.ә.
8977;8976;355289100;Шұбаркөл к.
8978;7781;355600000;Осакаров ауданы
8979;8978;355630000;Осакаров к.ә.
8980;8979;355630100;Осакаровка к.
8981;8978;355633000;Батпақты а.о.
8982;8981;355633100;Батпақты а.
8983;8981;355633300;Ошағанды а.
8984;8981;355633400;Сарыөзен а.
8985;8981;355633500;Ақпан а.
8986;8978;355635000;Сарыөзек а.о.
8987;8986;355635100;Сарыөзек а.
8988;8986;355635200;Русская Ивановка а.
8989;8986;355635300;Шоқай а.
8990;8986;355635400;Шоқай ст.
8991;8978;355637000;Жансары а.о.
8992;8991;355637100;Аманқоңыр а.
8993;8991;355637200;Жуантөбе а.
8994;8991;355637300;Қызылтас а.
8995;8991;355637400;Басқорық а.
8996;8991;355637500;Юго-Восток а.
8997;8978;355643000;Жұлдыз а.о.
8998;8997;355643100;Жұлдыз а.
8999;8978;355645000;Ертіс а.о.
9000;8999;355645100;Ертіс а.
9001;8978;355647000;Есіл а.о.
9002;9001;355647100;Есіл а.
9003;9001;355647200;Колхозное а.
9004;8978;355649000;Қаратомар а.о.
9005;9004;355649100;Қаратомар а.
9006;9005;355649105;Откормочное а.
9007;8978;355651000;Құндызды а.о.
9008;9007;355651100;Шұңқыркөл а.
9009;8978;355653000;Маржанкөл а.о.
9010;9009;355653100;Маржанкөл а.
9011;9009;355653200;Құрқопа а.
9012;8978;355655000;Мирный а.о.
9013;9012;355655100;Мирное а.
9014;9013;355655105;Первомайское а.
9015;8978;355657000;Молодежный к.ә.
9016;9015;355657100;Молодежный к.
9017;8978;355659000;Николаев а.о.
9018;9017;355659100;Николаевка а.
9019;9017;355659200;Қайыңды а.
9020;9017;355659400;Топан а.
9021;8978;355661000;Озерный а.о.
9022;9021;355661100;Озерное а.
9023;9021;355661200;Ералы а.
9024;8978;355663000;Қарағайлы а.о.
9025;9024;355663100;Қарағайлы а.
9026;9024;355663200;Коллективное а.
9027;9024;355663300;Крещеновка а.
9028;9024;355663400;Окольное а.
9029;9024;355663500;Святогоровка а.
9030;8978;355669000;Пионер а.о.
9031;9030;355669100;Пионерское а.
9032;9030;355669200;Приишимское а.
9033;9030;355669300;Центральное а.
9034;8978;355671000;Ақбұлақ а.о.
9035;9034;355671100;Ақбұлақ а.
9036;9035;355671107;Майбұлақ а.
9037;9034;355671300;Роднички а.
9038;8978;355673000;Родников а.о.
9039;9038;355673100;Родниковское а.
9040;9038;355673200;Қарасу а.
9041;9040;355673204;Төртқұдық а.
9042;8978;355675000;Садовый а.о.
9043;9042;355675100;Садовое а.
9044;9042;355675200;Жаңатоған а.
9045;8978;355677000;Сұңқар а.о.
9046;9045;355677100;Сұңқар а.
9047;9045;355677200;Қоянды а.
9048;9045;355677300;Сельстрой а.
9049;8978;355679000;Нияз а.о.
9050;9049;355679100;Қаракөл а.
9051;9049;355679200;Ахмет ауылы а.
9052;9049;355679300;Қутұмсық а.
9053;8978;355681000;Трудовой а.о.
9054;9053;355681100;Трудовое а.
9055;9053;355681200;Степное а.
9056;8978;355689000;Шідерті а.о.
9057;9056;355689100;Шідерті а.
9058;7781;356400000;Шет ауданы
9059;9058;356430000;Ақсу-Аюлы а.о.
9060;9059;356430100;Ақсу-Аюлы а.
9061;9060;356430102;Аршалы қыстауы
9062;9060;356430103;Былқылдақ қыстауы
9063;9060;356430104;Жылықаз қыстауы
9064;9060;356430106;Сарыөзек қыстауы
9065;9059;356430200;Ақсу а.
9066;9059;356430300;Ақтөбе а.
9067;9066;356430302;Тасбаз қыстауы
9068;9059;356430400;Еңбекшіл а.
9069;9068;356430402;Қабанбай қыстауы
9070;9068;356430403;Қараөзек қыстауы
9071;9068;356430404;Орыс өлген қыстауы
9072;9059;356430500;Қайрақты а.
9073;9058;356431000;Ақадыр к.ә.
9074;9073;356431100;Ақадыр к.
9075;9074;356431103;Босаға қыстауы
9076;9074;356431104;Едіге қыстауы
9077;9074;356431105;Қосшар а.
9078;9074;356431106;Ақсеңгір қыстауы
9079;9074;356431107;Былқылдақ қыстауы
9080;9074;356431108;Қарақұдық қыстауы
9081;9074;356431109;Қызылкесік қыстауы
9082;9074;356431111;Майлыбай қыстауы
9083;9074;356431112;Кенқазған қыстауы
9084;9074;356431113;Қараеспе қыстауы
9085;9074;356431114;Сарыбас қыстауы
9086;9074;356431115;Мапа қыстауы
9087;9074;356431116;Сырлытам қыстауы
9088;9074;356431117;Талды-Еспе қыстауы
9089;9073;356431500;Сарыши а.
9090;9089;356431502;Айнабұлақ қыстауы
9091;9089;356431503;Ақбаз қыстауы
9092;9089;356431504;Ақсарлы қыстауы
9093;9089;356431505;Ақсораң 1 қыстауы
9094;9089;356431506;Байдәулет қыстауы
9095;9089;356431507;Байташ қыстауы
9096;9089;356431508;Баяқожа қыстауы
9097;9089;356431509;Бесапан қыстауы
9098;9089;356431511;Боранкөл қыстауы
9099;9089;356431512;Домалақ қыстауы
9100;9089;356431513;Доңғал қыстауы
9101;9089;356431514;Жұмабай қыстауы
9102;9089;356431516;Қараоба қыстауы
9103;9089;356431518;Қызылтас қыстауы
9104;9089;356431519;Маңгел қыстауы
9105;9089;356431525;Мектеп қыстауы
9106;9089;356431526;Мектеп ІІ қыстауы
9107;9089;356431527;Мұқаш қыстауы
9108;9089;356431529;Сарышоқы қыстауы
9109;9089;356431531;Сиыркөң қыстауы
9110;9089;356431533;Шөладыр қыстауы
9111;9089;356431535;Доңғал ІІ қыстауы
9112;9058;356435000;Ақжал к.ә.
9113;9112;356435100;Ақжал к.
9114;9112;356435200;Ақжартас а.
9115;9114;356435202;Айжан қыстауы
9116;9114;356435203;Ақшоқы қыстауы
9117;9114;356435204;Аңсақыр қыстауы
9118;9114;356435205;Ахмедиев қыстауы
9119;9114;356435206;Ахмет қыстауы
9120;9114;356435207;Бабас қыстауы
9121;9114;356435208;Башін қыстауы
9122;9114;356435209;Боқай қыстауы
9123;9114;356435211;Есенкүл қыстауы
9124;9114;356435212;Ескіаша қыстауы
9125;9114;356435213;Ескіорталық қыстауы
9126;9114;356435214;Ескімектеп қыстауы
9127;9114;356435215;Көмек қыстауы
9128;9114;356435216;Қарасу қыстауы
9129;9114;356435217;Қарашаң қыстауы
9130;9114;356435218;Құмжан қыстауы
9131;9114;356435219;Мұсағажы қыстауы
9132;9114;356435221;Нұрбек қыстауы
9133;9114;356435222;Ортакөң қыстауы
9134;9114;356435223;Сарыши қыстауы
9135;9114;356435224;Сембай қыстауы
9136;9114;356435225;Суанбек қыстауы
9137;9114;356435226;Жетімекен қыстауы
9138;9114;356435227;Түлкілі қыстауы
9139;9114;356435228;Үйтас қыстауы
9140;9114;356435229;Шеңгелді қыстауы
9141;9114;356435231;Шошақүй қыстауы
9142;9114;356435233;Жайлау №82 қыстауы
9143;9114;356435235;Мейрам қыстауы
9144;9114;356435236;Әбдір қыстауы
9145;9114;356435237;Қумола қыстауы
9146;9114;356435238;Мухтар қыстауы
9147;9114;356435239;Сарыоба қыстауы
9148;9114;356435241;Серге қыстауы
9149;9114;356435242;Тастақ қыстауы
9150;9114;356435243;Тұяқ қыстауы
9151;9114;356435244;Шұрық қыстауы
9152;9114;356435245;Мыржықбай қыстауы
9153;9112;356435300;Аяқши а.
9154;9058;356437000;Ақшатау к.ә.
9155;9154;356437100;Ақшатау к.
9156;9058;356438000;Ақшатау а.о.
9157;9156;356438100;Жарылғап батыр а.
9158;9157;356438102;Ақсай қыстауы
9159;9157;356438105;Боқай қыстауы
9160;9157;356438107;Жүнді қыстауы
9161;9157;356438109;Қаратас қыстауы
9162;9157;356438111;Қарашілік қыстауы
9163;9157;356438112;Махор қыстауы
9164;9157;356438114;Сарыадыр қыстауы
9165;9157;356438115;Тастықұдық қыстауы
9166;9157;356438117;Ақөзек қыстауы
9167;9156;356438200;Қарғалы а.
9168;9167;356438202;Жартас қыстауы
9169;9167;356438203;Қарасай қыстауы
9170;9167;356438204;Сарыөзек қыстауы
9171;9167;356438205;Сұлушоқы қыстауы
9172;9167;356438206;Тоғанбай қыстауы
9173;9167;356438209;Жосабай қыстауы
9174;9058;356439000;Ақшоқы а.о.
9175;9174;356439100;Қызылтау а.
9176;9175;356439102;Ақшоқы а.
9177;9175;356439103;Қожа қыстауы
9178;9175;356439104;Сарыөзек қыстауы
9179;9175;356439105;Түлкілі қыстауы
9180;9175;356439106;Жансая қыстауы
9181;9174;356439300;Ақбауыр а.
9182;9181;356439302;Ақбастау қыстауы
9183;9181;356439303;Заимка қыстауы
9184;9181;356439304;Құрама қыстауы
9185;9058;356441000;Батық а.о.
9186;9185;356441100;Батық а.
9187;9186;356441102;Аптека қыстауы
9188;9186;356441103;Нижний Нарбақ қыстауы
9189;9058;356443000;Босаға а.о.
9190;9189;356443100;Босаға а.
9191;9190;356443103;Мәнгел қыстауы
9192;9190;356443105;Қарашоқы қыстауы
9193;9190;356443106;Жұманбұлақ а.
9194;9190;356443107;Ақсоран қыстауы
9195;9190;356443108;Арқалық қыстауы
9196;9190;356443109;Ашы қыстауы
9197;9190;356443111;Бөріктал қыстауы
9198;9190;356443112;Қарақұдық қыстауы
9199;9190;356443113;Қашқынбай қыстауы
9200;9190;356443114;Ұзынбұлақ қыстауы
9201;9190;356443115;Шалтас қыстауы
9202;9190;356443116;Талап қыстауы
9203;9190;356443117;Жылыбұлақ а.
9204;9190;356443118;Баба қыстауы
9205;9190;356443119;Бошан қыстауы
9206;9190;356443121;Кособа қыстауы
9207;9190;356443122;Қараша қыстауы
9208;9190;356443123;Қарашылық қыстауы
9209;9190;356443124;Қызылағаш қыстауы
9210;9190;356443125;Жалғызтал қыстауы
9211;9190;356443126;Сарыөзен қыстауы
9212;9190;356443127;Түлкілі қыстауы
9213;9190;356443128;Төкен қыстауы
9214;9190;356443129;Жалғызтал қыстауы
9215;9190;356443131;Бестамақ а.
9216;9190;356443132;Айыртау қыстауы
9217;9190;356443133;Әли қыстауы
9218;9190;356443134;Бастау қыстауы
9219;9190;356443135;Ешкіөлмес қыстауы
9220;9190;356443136;Қасымбек қыстауы
9221;9190;356443137;Омар қыстауы
9222;9190;356443138;Тұматай қыстауы
9223;9190;356443139;Үшбұлақ қыстауы
9224;9190;356443141;Қараүнгір қыстауы
9225;9058;356445000;Бұрма а.о.
9226;9225;356445100;Бұрма а.
9227;9225;356445300;Мұқтар а.
9228;9058;356447000;Дария к.ә.
9229;9228;356447100;Дария к.
9230;9058;356451000;С.Сейфуллин к.ә.
9231;9230;356451100;С.Сейфуллин к.
9232;9058;356455000;Кеңшоқы а.о.
9233;9232;356455100;Нұра а.
9234;9233;356455103;Ақатан қыстауы
9235;9233;356455106;Амантай қыстауы
9236;9233;356455107;Байназар қыстауы
9237;9233;356455108;Жайсаң қыстауы
9238;9233;356455109;Жасқанат қыстауы
9239;9233;356455111;Күлеке қыстауы
9240;9233;356455112;Қақпантас қыстауы
9241;9233;356455113;Мұздыбұлақ қыстауы
9242;9233;356455114;Мыңқауға қыстауы
9243;9233;356455115;Орташоқы қыстауы
9244;9233;356455116;Сарыкөл қыстауы
9245;9233;356455117;Сарыөзек 1 қыстауы
9246;9233;356455118;Сарыөзек 2 қыстауы
9247;9233;356455119;Сасықбұлақ қыстауы
9248;9233;356455121;Тайлақ қыстауы
9249;9233;356455122;Батыстау а.
9250;9233;356455123;Ақирек қыстауы
9251;9233;356455124;Дөнгелек қыстауы
9252;9233;356455125;Қараш қыстауы
9253;9233;356455126;Қасқар қыстауы
9254;9233;356455127;Қойтас қыстауы
9255;9233;356455128;Құнанбай қыстауы
9256;9233;356455129;Ұзынбұлақ қыстауы
9257;9058;356459000;Талды а.о.
9258;9257;356459100;Талды а.
9259;9257;356459200;Берекеші а.
9260;9257;356459300;Жаңажұрт а.
9261;9260;356459302;Байбала қыстауы
9262;9058;356461000;Көктіңкөл а.о.
9263;9262;356461100;Көктіңкөл а.
9264;9263;356461102;Ақтайлақ қыстауы
9265;9263;356461103;Суайдағыш
9266;9263;356461104;Керегетас қыстауы
9267;9262;356461200;Әлихан а.
9268;9267;356461202;рзд.43
9269;9262;356461300;Жыланды а.
9270;9262;356461400;Көктіңкөлі ст.
9271;9262;356461700;Ақжол а.
9272;9058;356463000;Төменгі Қайрақты а.о.
9273;9272;356463100;Төменгі Қайрақты а.
9274;9272;356463300;Жоғарғы Қайрақты а.
9275;9058;356467000;Красная Поляна а.о.
9276;9275;356467100;Красная Поляна а.
9277;9275;356467200;Бекет а.
9278;9275;356467300;Деріпсал а.
9279;9275;356467400;Қарамұрын а.
9280;9279;356467407;Байғара а.
9281;9279;356467411;Сұлумәдинә а.
9282;9058;356469000;Кәрім Мыңбаев а.о.
9283;9282;356469100;Қызылтау а.
9284;9283;356469102;Ақсораң қыстауы
9285;9283;356469104;Едіге қыстауы
9286;9283;356469106;Комсомольское қыстауы
9287;9283;356469107;Қараматақ қыстауы
9288;9283;356469108;Қазансынған қыстауы
9289;9283;356469109;Қызылтас қыстауы
9290;9283;356469111;Сарыматақ қыстауы
9291;9283;356469112;Бөлімше 1
9292;9283;356469113;Дальный қыстауы
9293;9283;356469114;Завод қыстауы
9294;9283;356469115;Жылқыбай қыстауы
9295;9283;356469116;Қараүңгір қыстауы
9296;9283;356469117;Қожажал қыстауы
9297;9283;356469118;Қоңыртөбе қыстауы
9298;9283;356469119;Отделение 2 қыстауы
9299;9283;356469121;Студент қыстауы
9300;9283;356469122;Тырнақты қыстауы
9301;9283;356469123;Шолақ-Еспе қыстауы
9302;9058;356471000;Мойынты к.ә.
9303;9302;356471100;Мойынты к.
9304;9303;356471103;Қос-құдық қыстауы
9305;9303;356471104;Қоян-ақ қыстауы
9306;9303;356471105;рзд.Сары-құм
9307;9303;356471106;Тас-құдық қыстауы
9308;9302;356471200;Ақбұлақ а.
9309;9308;356471202;Ақсай қыстауы
9310;9308;356471209;Жыланды қыстауы
9311;9058;356473000;Нұраталды а.о.
9312;9311;356473100;Қошқарбай а.
9313;9312;356473102;Сүтзауыты
9314;9312;356473103;Төлегенбаз қыстауы
9315;9311;356473200;Аққияқ а.
9316;9311;356473300;Ақсу а.
9317;9316;356473307;Тесіктас қыстауы
9318;9311;356473400;Қызылқой а.
9319;9318;356473405;Бабан қыстауы
9320;9311;356473500;Шопа а.
9321;9058;356475000;Ортау а.о.
9322;9321;356475100;Ортау а.
9323;9322;356475102;Ақсай қыстауы
9324;9322;356475103;Аманбай қыстауы
9325;9322;356475104;Қара оба қыстауы
9326;9322;356475105;Кооператив қыстауы
9327;9322;356475106;Ақкезең қыстауы
9328;9322;356475107;Дәулетбек қыстауы
9329;9322;356475108;Оспан қыстауы
9330;9322;356475109;Рахымбек қыстауы
9331;9321;356475200;Босаға а.
9332;9331;356475202;Бірназар қыстауы
9333;9331;356475203;Ержан қыстауы
9334;9331;356475204;Досал қыстауы
9335;9331;356475206;Көпіроба қыстауы
9336;9331;356475207;Тазоба қыстауы
9337;9321;356475400;Сарыбұлақ а.
9338;9337;356475402;Қаңтарбай қыстауы
9339;9337;356475403;Қарғабай қыстауы
9340;9337;356475404;Қойтас қыстауы
9341;9337;356475405;Құрманапа қыстауы
9342;9337;356475406;Сарыжал қыстауы
9343;9337;356475407;Жартас а.
9344;9337;356475408;Кіші Алабас қыстауы
9345;9337;356475409;Мешіт қыстауы
9346;9337;356475411;Ұзынжол қыстауы
9347;9337;356475412;Шаппан қажы қыстауы
9348;9058;356477000;Успен а.о.
9349;9348;356477100;Успенское а.
9350;9348;356477200;Айғыржал а.
9351;9348;356477300;Айса ст.
9352;9348;356477400;Еркіндік а.
9353;9058;356479000;Ақой а.о.
9354;9353;356479100;Ақой а.
9355;9354;356479102;Ақсу қыстауы
9356;9354;356479103;Байшегір қыстауы
9357;9058;356481000;Киікті а.о.
9358;9357;356481100;Киікті а.
9359;9358;356481102;Арқарлы а.
9360;9358;356481104;Ақшағыл а.
9361;9058;356483000;Тағылы а.о.
9362;9361;356483100;Жұмыскер а.
9363;9362;356483102;Ақмағанбет қыстауы
9364;9362;356483103;Ескібидайық қыстауы
9365;9362;356483104;Жаңабидайық қыстауы
9366;9362;356483108;Қараоба қыстауы
9367;9362;356483109;Құлақ қыстауы
9368;9362;356483111;Мыңқауға қыстауы
9369;9362;356483112;Селтей қыстауы
9370;9362;356483113;Шетшоқы қыстауы
9371;9362;356483114;Қарағанды қыстауы
9372;9361;356483200;Қойтас а.
9373;9372;356483202;Қарасаз а.
9374;9372;356483203;Қостам а.
9375;9361;356483300;Қызылту а.
9376;9375;356483302;Аяқала қыстауы
9377;9058;356487000;Шет а.о.
9378;9377;356487100;Үңірек а.
9379;9378;356487102;Ақбереке шарқож
9380;9378;356487103;Береке шарқож
9381;9377;356487200;Қарамыс а.
9382;9377;356487300;Құттыбай а.
9383;9377;356487400;Тұмсық а.
9384;0;390000000;Қостанай облысы
9385;9384;391000000;Қостанай Қ.Ә.
9386;9385;391010000;Қостанай қ.
9387;9384;391600000;Арқалық Қ.Ә.
9388;9387;391610000;Арқалық қ.
9389;9387;391639000;Аңғар а.о.
9390;9389;391639100;Аңғар а.
9391;9387;391643000;Ашутасты а.о.
9392;9391;391643100;Ашутасты а.
9393;9391;391643200;Аққошқар а.
9394;9393;391643203;Айтбеке а.
9395;9393;391643205;Жақсыбай а.
9396;9393;391643206;Қарасай а.
9397;9393;391643208;Оспан а.
9398;9387;391645000;Восточный а.о.
9399;9398;391645100;Восточный а.
9400;9387;391646000;Екідің а.ә.
9401;9400;391646100;Екідің а.
9402;9401;391646114;Байділдә а.
9403;9401;391646115;Жұман а.
9404;9401;391646117;Сауғабай а.
9405;9401;391646118;Шотаяқ а.
9406;9401;391646121;Қабыл а.
9407;9401;391646122;Көкей а.
9408;9401;391646123;Рыскелды а.
9409;9401;391646124;Маятас а.
9410;9387;391647000;Жалғызтал а.о.
9411;9410;391647100;Жалғызтал а.
9412;9387;391648000;Жаңақала а.о.
9413;9412;391648100;Әбдіғаппар хан а.
9414;9413;391648102;Әбіш а.
9415;9413;391648105;Бектас а.
9416;9413;391648109;Қазыбек а.
9417;9413;391648112;Қылышбай а.
9418;9413;391648116;Тоққожа а.
9419;9413;391648118;Шалтай а.
9420;9387;391649000;Көктау а.о.
9421;9420;391649100;Көктау а.
9422;9387;391653000;Қайыңды а.о.
9423;9422;391653100;Қайыңды а.
9424;9423;391653104;Боқсы уч.
9425;9422;391653200;Қызылжұлдыз а.
9426;9425;391653205;Қоға уч.
9427;9422;391653300;Алуа а.
9428;9387;391659000;Молодежный а.о.
9429;9428;391659100;Молодежный а.
9430;9428;391659200;Матросов а.
9431;9387;391661000;Родина а.о.
9432;9431;391661100;Родина а.
9433;9432;391661103;Айдар а.
9434;9431;391661200;Мирное а.
9435;9387;391663000;Үштөбе а.о.
9436;9435;391663100;Үштөбе а.
9437;9387;391665000;Фурманов а.о.
9438;9437;391665100;Фурманов а.
9439;9387;391667000;Целинное а.ә.
9440;9439;391667100;Целинное а.
9441;9384;392000000;Лисаков Қ.Ә.
9442;9441;392010000;Лисаков қ.
9443;9441;392035000;Октябрь к.ә.
9444;9443;392035100;Октябрь к.
9445;9384;392400000;Рудный Қ.Ә.
9446;9445;392410000;Рудный қ.
9447;9445;392433000;Горняк к.ә.
9448;9447;392433100;Горняк к.
9449;9447;392433200;Перцов а.
9450;9445;392435000;Қашар к.ә.
9451;9450;392435100;Қашар к.
9452;9384;393200000;Алтынсарин ауданы
9453;9452;393230000;Обаған а.о.
9454;9453;393230100;Обаған а.
9455;9453;393230200;Силантьев а.
9456;9453;393230300;Бирюков а.
9457;9453;393230400;Зуев а.
9458;9453;393230500;Малая Чураков а.
9459;9452;393235000;Большой Чураков а.о.
9460;9459;393235100;Большой Чураков а.
9461;9459;393235200;Новониколаев а.
9462;9459;393235300;Осипов а.
9463;9459;393235400;Приозерный а.
9464;9459;393235500;Көбек а.
9465;9452;393237000;Димитров а.о.
9466;9465;393237100;Танабай а.
9467;9465;393237200;Воробьев а.
9468;9452;393241000;Красный Кордон а.о.
9469;9468;393241100;Красный Кордон а.
9470;9452;393243000;Ілияс Омаров атын. а.о.
9471;9470;393243100;Ілияс Омаров атын.а.
9472;9471;393243105;Степной а.
9473;9470;393243200;Жаңасу а.
9474;9470;393243300;Докучаевка а.
9475;9470;393243400;Шоқай а.
9476;9452;393245000;Омар Шипин атындағы а.о.
9477;9476;393245100;Первомай а.
9478;9476;393245300;Темір Қазық а.
9479;9478;393245302;Қызылағаш а.
9480;9452;393247000;Новоалексеев а.ә.
9481;9480;393247100;Новоалексеев а.
9482;9481;393247101;Аннов а.
9483;9452;393255000;Свердлов а.о.
9484;9483;393255100;Свердлов а.
9485;9452;393259000;Мариям Хәкімжанова атындағы а.о
9486;9485;393259100;Щербаков а.
9487;9485;393259200;Басбек а.
9488;9485;393259300;Сатай а.
9489;9485;393259400;Қосқұдық а.
9490;9384;393400000;Амангелді ауданы
9491;9490;393430000;Амангелді а.о.
9492;9491;393430100;Амангелді а.
9493;9491;393430200;Ақкісі а.
9494;9491;393430300;Есір а.
9495;9494;393430305;Мұқыр а.
9496;9491;393430400;Кемер а.
9497;9491;393430500;Қоғалыкөл а.
9498;9490;393433000;Ақсай а.о.
9499;9498;393433100;Ақсай а.
9500;9490;393437000;Амантоғай а.о.
9501;9500;393437100;Амантоғай а.
9502;9501;393437104;Мақат а.
9503;9501;393437105;Қаражар а.
9504;9500;393437280;Жалдама а.
9505;9500;393437500;Қарақұдық а.
9506;9500;393437700;Шақпақ а.
9507;9506;393437703;Ақсуат а.
9508;9506;393437704;Балғабай а.
9509;9506;393437705;Бесбай а.
9510;9506;393437706;Төбе а.
9511;9490;393443000;Байғабыл а.о.
9512;9511;393443100;Байғабыл а.
9513;9512;393443104;Смайыл а.
9514;9512;393443105;Әлембай а.
9515;9512;393443106;Көкпектікөл а.
9516;9511;393443200;Жаңатұрмыс а.
9517;9516;393443203;Катон а.
9518;9516;393443204;Мықантүбек а.
9519;9516;393443205;Тасқора а.
9520;9516;393443206;Шитүбек а.
9521;9511;393443300;Жетібай а.
9522;9521;393443302;Айткүл а.
9523;9521;393443303;Байдос а.
9524;9521;393443304;станса
9525;9490;393453000;Қабырға а.о.
9526;9525;393453100;Қабырға а.
9527;9526;393453102;Алакөл а.
9528;9525;393453400;Жаңатай а.
9529;9490;393459000;Қарасу а.о.
9530;9529;393459100;Қарасу а.
9531;9530;393459103;Маш.ауласы
9532;9530;393459180;Әбу Сыздықов ат.а.
9533;9529;393459200;Ақайдар а.
9534;9533;393459202;Аққорға а.
9535;9533;393459203;Жасбуын а.
9536;9533;393459204;Катон а.
9537;9529;393459400;Есенбаев а.
9538;9537;393459402;Айғожа а.
9539;9490;393461000;Құмкешу а.о.
9540;9539;393461100;Құмкешу а.
9541;9540;393461104;Құстөбе а.
9542;9539;393461200;Айтбай а.
9543;9490;393465000;Үрпек а.о.
9544;9543;393465100;Үрпек а.
9545;9543;393465200;Ағаштыкөл а.
9546;9545;393465202;Байдәулет 1 а.
9547;9543;393465300;Қарашатөбе а.
9548;9543;393465400;Қосжан а.
9549;9548;393465403;Комсомол а.
9550;9548;393465404;Қызылтас а.
9551;9490;393475000;Тасты а.о.
9552;9551;393475100;Тасты а.
9553;9551;393475200;Горняк а.
9554;9551;393475300;Қарынсалды а.
9555;9490;393477000;Үштоғай а.о.
9556;9555;393477100;Үштоғай а.
9557;9555;393477200;Степняк а.
9558;9384;393600000;Әулиекөл ауданы
9559;9558;393630000;Әулиекөл а.о.
9560;9559;393630100;Әулиекөл а.
9561;9558;393631000;Аманқарағай а.о.
9562;9561;393631100;Аманқарағай а.
9563;9562;393631105;Жилгородок а.
9564;9561;393631300;Лесной а.
9565;9564;393631307;Торғай бұғазы а.
9566;9561;393631400;Озерный а.
9567;9558;393633000;Құсмұрын к.ә.
9568;9567;393633100;Құсмұрын к.
9569;9568;393633105;Киров а.
9570;9568;393633107;Речной а.
9571;9558;393635000;Диев а.о.
9572;9571;393635100;Диев а.
9573;9571;393635200;Қоскөл а.
9574;9571;393635300;Үшқарасу а.
9575;9571;393635400;Қосағал а.
9576;9571;393635500;Қ.Тұрғымбаев а.
9577;9558;393637000;Қазанбасы а.о.
9578;9577;393637100;Октябрь а.
9579;9577;393637200;Бағаналы а.
9580;9577;393637300;Дәңгірбай а.
9581;9577;393637400;Қазанбасы а.
9582;9577;393637500;Қарақалпақ а.
9583;9558;393641000;Москалев а.о.
9584;9583;393641100;Москалев а.
9585;9584;393641102;Демалыс үйінің күзетшісі
9586;9583;393641300;Жалтыркөл а.
9587;9558;393643000;Новонежин а.о.
9588;9587;393643100;Новонежин а.
9589;9587;393643200;Калинин а.
9590;9589;393643205;Миалы а.
9591;9589;393643280;Жосалы а.
9592;9558;393645000;Новоселов а.о.
9593;9592;393645100;Новоселов а.
9594;9592;393645200;Аққұдық а.
9595;9592;393645300;Құрқуыс а.
9596;9592;393645400;Соснов а.
9597;9558;393647000;Сұлыкөл а.о.
9598;9597;393647100;Юльев а.
9599;9597;393647200;Федосеев а.
9600;9597;393647300;Шилі а.
9601;9558;393649000;Тимофеевка а.ә.
9602;9601;393649100;Тимофеев а.
9603;9602;393649103;Бұлақсор а.
9604;9558;393651000;Чернигов а.о.
9605;9604;393651100;Чернигов а.
9606;9605;393651104;Жарықатыз а.
9607;9604;393651300;Жүзбай а.
9608;9604;393651400;Харьков а.
9609;9558;393653000;Первомайское а.ә.
9610;9609;393653100;Первомайское а.
9611;9558;393656000;Көктал а.ә.
9612;9611;393656100;Көктал а.
9613;9612;393656105;Қарағансай а.
9614;9612;393656109;Шағала а.
9615;9384;394000000;Денисов ауданы
9616;9615;394030000;Денисов а.о.
9617;9616;394030100;Денисов а.
9618;9617;394030102;Калинов а.
9619;9617;394030103;Целинный а.
9620;9616;394030200;Некрасов а.
9621;9616;394030300;Гришен а.
9622;9615;394033000;Архангельск а.о.
9623;9622;394033100;Жалтыркөл а.
9624;9622;394033200;Архангельск а.
9625;9615;394035000;Аршалы а.о.
9626;9625;394035100;Аршалы а.
9627;9626;394035101;Алакөл а.
9628;9625;394035300;Георгиев а.
9629;9625;394035400;Набережный а.
9630;9625;394035500;Комаров а.
9631;9630;394035502;Первомай а.
9632;9615;394037000;Әйет а.о.
9633;9632;394037100;Әйет а.
9634;9633;394037103;Ақсу а.
9635;9633;394037106;Синегорск а.
9636;9633;394037107;Тастыкөл а.
9637;9632;394037300;Заәйет а.
9638;9637;394037303;Қараоба а.
9639;9615;394045000;Красноармейск а.о.
9640;9639;394045100;Фрунзе а.
9641;9639;394045200;Кочержинов а.
9642;9639;394045300;Красноармейск а.
9643;9642;394045303;Тавриченка а.
9644;9615;394047000;Қырым а.ә.
9645;9644;394047100;Кырым а.
9646;9615;394055000;Перелески а.о.
9647;9646;394055100;Перелески а.
9648;9615;394057000;Покров а.о.
9649;9648;394057100;Покров а.
9650;9648;394057200;Досов а.
9651;9615;394059000;Приречен а.о.
9652;9651;394059100;Приречен а.
9653;9651;394059200;Окраин а.
9654;9615;394063000;Свердлов а.о.
9655;9654;394063100;Свердлов а.
9656;9654;394063300;Подгорный а.
9657;9654;394063400;Приречен а.
9658;9615;394065000;Тельман а.о.
9659;9658;394065100;Антонов а.
9660;9659;394065103;Шыбынды а.
9661;9659;394065104;Шұңқыркөл а.
9662;9658;394065200;Әлшан а.
9663;9615;394067000;Глебов а.ә.
9664;9663;394067100;Глебов а.
9665;9664;394067102;Шоқыбай а.
9666;9384;394200000;Жангелдин ауданы
9667;9666;394230000;Торғай а.о.
9668;9667;394230100;Торғай а.
9669;9666;394233000;Ақкөл а.ә.
9670;9669;394233100;Ақкөл а.
9671;9666;394237000;Ақшығанақ а.о.
9672;9671;394237100;Ақшығанақ а.
9673;9672;394237105;Ақмедия а.
9674;9672;394237106;Қазасалған а.
9675;9672;394237107;Байқуат а.
9676;9672;394237108;Олжа а.
9677;9671;394237500;Түйемойнақ а.
9678;9677;394237502;Айтуған а.
9679;9666;394239000;Албарбөгет а.о.
9680;9679;394239100;Көкалат а.
9681;9679;394239500;Қолқамыс а.
9682;9681;394239502;Ақсуат а.
9683;9666;394243000;Шеген а.ә.
9684;9683;394243100;Шеген а.
9685;9684;394243102;Қарғалы а.
9686;9684;394243103;Аққорға а.
9687;9684;394243104;Жыңғылды а.
9688;9684;394243105;Құмкөл а.
9689;9666;394247000;Аралбай а.ә.
9690;9689;394247100;Аралбай а.
9691;9690;394247102;Алақоңыз а.
9692;9690;394247108;Босаға а.
9693;9690;394247111;Қаратоғай а.
9694;9690;394247114;Талдыкөл а.
9695;9690;394247115;Шуақбай а.
9696;9690;394247121;Қуат а.
9697;9666;394249000;Жаркөл а.о.
9698;9697;394249100;Тәуіш а.
9699;9698;394249102;Борлы а.
9700;9697;394249200;Сарысу а.
9701;9700;394249202;Әбілдә а.
9702;9700;394249203;Алқасор а.
9703;9697;394249300;Тентексай а.
9704;9703;394249304;Естек а.
9705;9697;394249400;Тоқанай а.
9706;9705;394249405;Шынтемір а.
9707;9666;394253000;Қаламқарасу а.о.
9708;9707;394253100;Қаламқарасу а.
9709;9708;394253105;Өлмес а.
9710;9708;394253106;Шұкырқопа а.
9711;9707;394253300;Шұбалаң а.
9712;9666;394255000;Ахмет Байтұрсынұлы а.ә.
9713;9712;394255100;Ахмет Байтұрсынұлы а.
9714;9666;394259000;Қызбел а.о.
9715;9714;394259100;Саға а.
9716;9714;394259300;Ошағанды а.
9717;9716;394259307;Құмшық а.
9718;9716;394259308;Шолаққарасу а.
9719;9714;394259400;Ұзынқарасу а.
9720;9719;394259403;Тоқ а.
9721;9714;394259600;Бидайық а.
9722;9666;394263000;Сужарған а.ә.
9723;9722;394263100;Сужарған а.
9724;9723;394263105;Байтемір а.
9725;9666;394265000;Шилі а.о.
9726;9725;394265100;Шилі а.
9727;9725;394265200;Милісай а.
9728;9384;394400000;Жітіқара ауданы
9729;9728;394420100;Жітіқара қ.
9730;9728;394431000;Пригородная а.ә.
9731;9730;394431100;Пригородное а.
9732;9728;394435000;Большевик а.о.
9733;9732;394435100;Тургеновка а.
9734;9732;394435300;Құсаққан а.
9735;9732;394435400;Қазірет а.
9736;9732;394435500;Тасыбай а.
9737;9732;394435600;Шевченковка а.
9738;9728;394443000;Забелов а.о.
9739;9738;394443100;Забелов а.
9740;9728;394445000;Милютин а.о.
9741;9740;394445100;Милютин а.
9742;9728;394447000;Мүктікөл а.о.
9743;9742;394447100;Мүктікөл а.
9744;9743;394447102;Жалтыркөл а.
9745;9743;394447103;Қондыбай а.
9746;9742;394447300;Волгоград а.
9747;9728;394452000;Приречный а.о.
9748;9747;394452100;Приречный а.
9749;9728;394455000;Степной а.о.
9750;9749;394455100;Степной а.
9751;9749;394455200;Аққарға а.
9752;9728;394457000;Тоқтаров а.о.
9753;9752;394457100;Тоқтаров а.
9754;9752;394457300;Львов а.
9755;9728;394459000;Чайковская а.ә.
9756;9755;394459100;Чайковское а.
9757;9728;394465000;Ырсай а.о.
9758;9757;394465100;Ырсай а.
9759;9384;394800000;Қамысты ауданы
9760;9759;394830000;Қамысты а.о.
9761;9760;394830100;Қамысты а.
9762;9760;394830200;Мешіт а.
9763;9760;394830300;Ливановка а.
9764;9760;394830500;Фрунзе а.
9765;9764;394830502;Богданов а.
9766;9759;394831000;Адаевка а.о.
9767;9766;394831100;Адаевка а.
9768;9767;394831105;Целинный а.
9769;9766;394831300;Жайылма а.
9770;9769;394831303;Сахаровка а.
9771;9769;394831305;Туфанов а.
9772;9766;394831500;Пушкин а.
9773;9759;394833000;Алтынсарин а.ә.
9774;9773;394833100;Алтынсарин а.
9775;9774;394833106;Филиппов а.
9776;9774;394833107;Свободное а.
9777;9774;394833108;Попович а.
9778;9759;394835000;Аралкөл а.о.
9779;9778;394835100;Аралкөл а.
9780;9778;394835200;Орқаш а.
9781;9780;394835203;Тауықсор а.
9782;9759;394836000;Арқа а.о.
9783;9782;394836100;Арқа а.
9784;9782;394836300;Красногор а.
9785;9759;394837000;Бестөбе а.ә.
9786;9785;394837100;Бестөбе а.
9787;9786;394837111;Оразқопа а.
9788;9759;394845000;Дружба а.ә.
9789;9788;394845100;Дружба а.
9790;9759;394849000;Клочков а.о.
9791;9790;394849100;Клочков а.
9792;9790;394849200;Талдыкөл а.
9793;9759;394853000;Қарабатыр а.о.
9794;9793;394853100;Қарабатыр а.
9795;9384;395000000;Қарабалық ауданы
9796;9795;395030000;Қарабалық к.ә.
9797;9796;395030100;Қарабалық к.
9798;9795;395033000;Белоглин а.о.
9799;9798;395033100;Белоглин а.
9800;9798;395033200;Научный а.
9801;9798;395033300;Святославка а.
9802;9795;395035000;Боскөл а.ә.
9803;9802;395035100;Боскөл а.
9804;9795;395037000;Бөрлі а.ә.
9805;9804;395037100;Бөрлі а.
9806;9795;395039000;Лесной а.ә.
9807;9806;395039100;Лесной а.
9808;9807;395039102;Есенкөл а.
9809;9807;395039103;Славянка а.
9810;9795;395046000;Қособа а.о.
9811;9810;395046100;Славен а.
9812;9811;395046102;Қызылту а.
9813;9811;395046103;Орманшар
9814;9811;395046104;Қосалқыстанса
9815;9810;395046500;Қособа а.
9816;9815;395046502;Березовское а.
9817;9810;395046700;Октябрь а.
9818;9817;395046704;Шеңгел а.
9819;9795;395047000;Михайлов а.о.
9820;9819;395047100;Михайлов а.
9821;9819;395047200;Лесное а.
9822;9819;395047400;Терентьев а.
9823;9795;395049000;Новотроицк а.о.
9824;9823;395049100;Новотроицк а.
9825;9823;395049200;Аққұдық а.
9826;9823;395049600;Мағынай а.
9827;9826;395049603;Жамбыл а.
9828;9826;395049605;Мағнай а.
9829;9823;395049700;Подгород а.
9830;9829;395049703;Қайрақ а.
9831;9795;395053000;Өрнек а.о.
9832;9831;395053100;Приречный а.
9833;9831;395053500;Өрнек а.
9834;9795;395055000;Победа а.ә.
9835;9834;395055100;Победа а.
9836;9795;395059000;Смирнов а.о.
9837;9836;395059100;Смирнов а.
9838;9837;395059103;Приозерный а.
9839;9836;395059400;Рыбкин а.
9840;9795;395063000;Станционный а.о.
9841;9840;395063100;Станционный а.
9842;9841;395063103;Дальний а.
9843;9840;395063300;Приурал а.
9844;9840;395063400;Фадеев а.
9845;9840;395063500;Шадықсай а.
9846;9795;395065000;Тоғызақ а.о.
9847;9846;395065100;Тоғызақ а.
9848;9846;395065200;Верен а.
9849;9846;395065300;Ворошилов а.
9850;9846;395065400;Гурянов а.
9851;9846;395065500;Елшан а.
9852;9846;395065600;Котлован а.
9853;9846;395065700;Надеждин а.
9854;9846;395065800;Сарыкөл а.
9855;9846;395065900;Целинный а.
9856;9384;395200000;Қарасу ауданы
9857;9856;395230000;Қарасу а.о.
9858;9857;395230100;Қарасу а.
9859;9857;395230200;Восток а.
9860;9859;395230201;Алықпаш а.
9861;9857;395230300;Жұмағұл а.
9862;9857;395230500;Майское а.
9863;9857;395230700;Тімтуір а.
9864;9863;395230702;Қозыбай а.
9865;9856;395231000;Айдарлы а.о.
9866;9865;395231100;Айдарлы а.
9867;9865;395231200;Дружба а.
9868;9865;395231300;Герцен а.
9869;9865;395231500;Степной а.
9870;9856;395241000;Жамбыл а.о.
9871;9870;395241100;Жамбыл а.
9872;9871;395241107;Западный а.
9873;9870;395241300;Павлов а.
9874;9856;395247000;Ильичев а.о.
9875;9874;395247100;Комсомол а.
9876;9875;395247105;Байығанкөл а.
9877;9874;395247300;Қызкеткен а.
9878;9874;395247400;Новоселовка а.
9879;9856;395251000;Қарамырза а.о.
9880;9879;395251100;Қарамырза а.
9881;9880;395251102;Сүйгенсай а.
9882;9879;395251300;Кошевой а.
9883;9882;395251302;Молодежный а.
9884;9856;395253000;Қойбағар а.о.
9885;9884;395253100;Қойбағар а.
9886;9884;395253200;Амангелді а.
9887;9886;395253202;Целинный а.
9888;9856;395255000;Люблин а.о.
9889;9888;395255100;Люблин а.
9890;9889;395255102;Носов а.
9891;9888;395255300;Корнилов а.
9892;9891;395255305;Заречен а.
9893;9888;395255500;Симферополь а.
9894;9856;395261000;Новопавлов а.о.
9895;9894;395261100;Новопавлов а.
9896;9856;395265000;Жалғызхан а.о.
9897;9896;395265100;Жалғызхан а.
9898;9856;395267000;Октябрь а.о.
9899;9898;395267100;Октябрь а.
9900;9898;395267200;Железнодорожное а.
9901;9900;395267203;Братское а.
9902;9898;395267400;Теректі а.
9903;9902;395267403;Күленсай а.
9904;9856;395281000;Ушаков а.о.
9905;9904;395281100;Ушаков а.
9906;9904;395281300;Заря а.
9907;9904;395281500;Панфилов а.
9908;9856;395285000;Шалғышы а.о.
9909;9908;395285100;Шалғышы а.
9910;9908;395285200;Жаныспай а.
9911;9908;395285300;Прогресс а.
9912;9908;395285400;Целинный а.
9913;9856;395287000;Черняев а.о.
9914;9913;395287100;Ленин а.
9915;9913;395287200;Белозер а.
9916;9913;395287300;Зеленов а.
9917;9913;395287500;Маршанов а.
9918;9913;395287600;Тучков а.
9919;9913;395287700;Черняев а.
9920;9384;395400000;Қостанай ауданы
9921;9920;395420000;Тобыл қ.ә.
9922;9921;395420100;Тобыл қ.
9923;9920;395431000;Заречный а.о.
9924;9923;395431100;Заречный а.
9925;9923;395431200;Абай а.
9926;9923;395431300;Новоселов а.
9927;9923;395431400;Осинов а.
9928;9923;395431500;Рыспай а.
9929;9923;395431600;Талапкер а.
9930;9920;395433000;Александров а.о.
9931;9930;395433100;Александров а.
9932;9930;395433200;Еңбек а.
9933;9930;395433300;Жуков а.
9934;9930;395433500;И.Ф.Павлов атындағы а.
9935;9920;395435000;Белозер а.о.
9936;9935;395435100;Белозер а.
9937;9935;395435200;Балықты а.
9938;9935;395435300;Сергеев а.
9939;9920;395439000;Владимиров а.о.
9940;9939;395439100;Владимиров а.
9941;9940;395439103;Янушевка а.
9942;9939;395439200;Сормов а.
9943;9920;395443000;Айсары а.о.
9944;9943;395443100;Айсары а.
9945;9943;395443200;Қостомар а.
9946;9943;395443300;Степной а.
9947;9943;395443500;Половниковка а.
9948;9947;395443502;Жақсылық а.
9949;9920;395445000;Жданов а.о.
9950;9949;395445100;Жданов а.
9951;9950;395445101;Аққабақ а.
9952;9949;395445400;Васильев а.
9953;9949;395445600;Киров а.
9954;9949;395445800;Семилетка а.
9955;9920;395447000;Майкөл а.о.
9956;9955;395447100;Майкөл а.
9957;9955;395447200;Арман а.
9958;9955;395447400;Рязанов а.
9959;9955;395447500;Шеминов а.
9960;9920;395449000;Мәскеу а.о.
9961;9960;395449100;Мәскеу а.
9962;9960;395449300;Светлый Жаркөл а.
9963;9920;395451000;Мичурин а.о.
9964;9963;395451100;Мичурин а.
9965;9964;395451102;Мемреттеу дала қосы
9966;9963;395451200;Алтынсарин а.
9967;9963;395451300;Садовый а.
9968;9920;395453000;Надеждин а.о.
9969;9968;395453100;Надеждин а.
9970;9968;395453200;Майалап а.
9971;9968;395453300;Воскресенов а.
9972;9920;395455000;Озерный а.о.
9973;9972;395455100;Озерное а.
9974;9972;395455300;Суриковка а.
9975;9972;395455500;Шишкинское а.
9976;9920;395459000;Жамбыл а.о.
9977;9976;395459100;Жамбыл а.
9978;9976;395459200;Алтын дала а.
9979;9976;395459300;Сәмір а.
9980;9920;395463000;Садчиков а.о.
9981;9980;395463100;Садчиков а.
9982;9980;395463200;Константинов а.
9983;9920;395465000;Октябрь а.о.
9984;9983;395465100;Октябрь а.
9985;9983;395465200;Лиманный а.
9986;9983;395465300;Молоканов а.
9987;9983;395465400;Нечаев а.
9988;9983;395465500;Рыбный а.
9989;9983;395465600;Шоққарағай а.
9990;9920;395467000;Ульянов а.о.
9991;9990;395467100;Ульянов а.
9992;9991;395467105;Ломоносов а.
9993;9990;395467200;Бегежан а.
9994;9384;395600000;Меңдіқара ауданы
9995;9994;395630000;Боровской а.о.
9996;9995;395630100;Боровской а.
9997;9994;395633000;Алешин а.о.
9998;9997;395633100;Молодежный а.
9999;9997;395633200;Алешина а.
10000;9997;395633300;Алқау а.
10001;9994;395639000;Буденный а.о.
10002;10001;395639100;Буденный а.
10003;10002;395639105;Маков а.
10004;10001;395639200;Қызыл Ту а.
10005;9994;395643000;Введен а.о.
10006;10005;395643100;Введен а.
10007;10006;395643105;Каренин а.
10008;10006;395643107;Милютин а.
10009;10005;395643200;Загарин а.
10010;9994;395647000;Краснопреснен а.о.
10011;10010;395647100;Красная Пресня а.
10012;10011;395647106;Целинный а.
10013;10010;395647200;Балықты а.
10014;10010;395647300;Лоба а.
10015;10010;395647400;Молодежный а.
10016;9994;395649000;Қарақоға а.о.
10017;10016;395649100;Ұзынағаш а.
10018;10017;395649103;Жарқайың а.
10019;10016;395649200;Байғожа а.
10020;10016;395649600;Құлшықай а.
10021;10016;395649700;Төлеңгіт а.
10022;9994;395653000;Ломоносов а.о.
10023;10022;395653100;Қасқат а.
10024;10023;395653102;Қаражар а.
10025;10023;395653107;Лютин а.
10026;10022;395653200;Көктерек а.
10027;10022;395653600;Шиелі а.
10028;9994;395655000;Михайлов а.о.
10029;10028;395655100;Михайлов а.
10030;10028;395655200;Архипов а.
10031;10028;395655300;Степанов а.
10032;10028;395655400;Борки а.
10033;10032;395655405;Новоборки а.
10034;9994;395657000;Первомай а.о.
10035;10034;395657100;Первомай а.
10036;10035;395657109;Русский а.
10037;10034;395657200;Долбуш а.
10038;10034;395657300;Иванов а.
10039;10034;395657500;Лесной а.
10040;10034;395657800;Чернышев а.
10041;10040;395657803;Красносельское а.
10042;9994;395659000;Соснов а.о.
10043;10042;395659100;Харьков а.
10044;10042;395659300;Приозерный а.
10045;10042;395659400;Сосна а.
10046;10042;395659500;Каменскуральское а.
10047;10046;395659502;Жусалы а.
10048;10042;395659600;Ақсуат а.
10049;9994;395663000;Теңіз а.ә.
10050;10049;395663100;Теңіз а.
10051;10050;395663106;Талапкер а.
10052;9384;395800000;Наурызым ауданы
10053;10052;395830000;Қарамеңді а.о.
10054;10053;395830100;Қарамеңді а.
10055;10054;395830103;Бақ шекарасы
10056;10054;395830104;Сарымойын шекарасы
10057;10054;395830105;Киев а.
10058;10054;395830106;Новостройка а.
10059;10053;395830300;Жамбыл а.
10060;10059;395830302;Бригада Қарақурай
10061;10052;395833000;Буревестник а.ә.
10062;10061;395833100;Буревестник а.
10063;10062;395833101;Ақбұлақ а.
10064;10052;395837000;Дәмді а.о.
10065;10064;395837100;Дәмді а.
10066;10065;395837107;Қарақұдық а.
10067;10064;395837200;Мереке а.
10068;10064;395837300;Қайғы а.
10069;10052;395847000;Қожа а.ә.
10070;10069;395847100;Қожа а.
10071;10070;395847105;Наурзым а.
10072;10070;395847107;Октябрь а.
10073;10070;395847109;Сарышығанақ а.
10074;10052;395849000;Өлеңді а.ә.
10075;10074;395849100;Өлеңді а.
10076;10075;395849103;Маш.ауласы
10077;10075;395849107;Қарақұдық а.
10078;10075;395849108;Бригада 3
10079;10075;395849109;Урожайное а.
10080;10075;395849111;Бригада 1
10081;10075;395849112;Шолаққопа а.
10082;10052;395851000;Раздольный а.о.
10083;10082;395851100;Раздольный а.
10084;10083;395851103;Бригада 1
10085;10083;395851104;Бригада 2
10086;10083;395851105;Бригада 3
10087;10052;395857000;Шолақсай а.ә.
10088;10087;395857100;Шолақсай а.
10089;10052;395859000;Шилі а.о.
10090;10089;395859100;Шилі а.
10091;9384;396200000;Сарыкөл ауданы
10092;10091;396230000;Сарыкөл к.ә.
10093;10092;396230100;Сарыкөл к.
10094;10091;396233000;Барвинов а.ә
10095;10094;396233100;Барвинов а.
10096;10095;396233103;Новобарвиновка а.
10097;10091;396235000;Веселоподол а.о.
10098;10097;396235100;Веселый Подол а.
10099;10097;396235200;Ананьев а.
10100;10091;396237000;Златоуст а.ә.
10101;10100;396237100;Златоуст а.
10102;10101;396237103;Күнтимес а.
10103;10091;396239000;Комсомол а.о.
10104;10103;396239100;Комсомол а.
10105;10103;396239200;Қоскөл а.
10106;10103;396239300;Ленин а.
10107;10103;396239400;Чапаев а.
10108;10091;396247000;Большие Дубравы а.ә.
10109;10108;396247100;Большие Дубравы а.
10110;10109;396247105;Ақсу а.
10111;10109;396247106;Еңбек а.
10112;10109;396247107;Ковалевка а.
10113;10091;396249000;Маяк а.ә.
10114;10113;396249100;Маяк а.
10115;10114;396249103;Басағаш а.
10116;10091;396253000;Севастополь а.о.
10117;10116;396253100;Севастополь а.
10118;10116;396253200;Дубин а.
10119;10091;396255000;Сорочин а.о.
10120;10119;396255100;Сорочин а.
10121;10119;396255200;Крыловка а.
10122;10119;396255400;Островное а.
10123;10119;396255500;Новое а.
10124;10119;396255600;Қараоба а.
10125;10091;396257000;Тагиль а.о.
10126;10125;396257100;Тагиль а.
10127;10126;396257103;Дудаковка а.
10128;10126;396257105;Новодудаков а.
10129;10125;396257300;Ермаков а.
10130;10125;396257500;Соналы а.
10131;10091;396259000;Тимирязев а.ә.
10132;10131;396259100;Тимирязев а.
10133;10132;396259105;Павлыш Спасское а.
10134;10132;396259107;Целинный а.
10135;10091;396263000;Урожайное а.ә.
10136;10135;396263100;Урожайное а.
10137;10136;396263102;Ақшакөл а.
10138;10136;396263103;Аннов а.
10139;9384;396400000;Бейімбет Майлин ауданы
10140;10139;396430000;Әйет а.о.
10141;10140;396430100;Әйет а.
10142;10141;396430102;Воронеж а.
10143;10140;396430400;Орынбор а.
10144;10140;396430500;Красносельский а.
10145;10144;396430502;Әйет а.
10146;10140;396430600;Журавлев а.
10147;10140;396430700;Шербинов а.
10148;10139;396435000;Асенкритов а.о.
10149;10148;396435100;Асенкритов а.
10150;10148;396435200;Баталы а.
10151;10148;396435300;Варварин а.
10152;10148;396435400;Қызылжар а.
10153;10148;396435500;Николаев а.
10154;10148;396435600;Майлин а.
10155;10139;396439000;Белинский а.о.
10156;10155;396439100;Қайыңдыкөл а.
10157;10155;396439300;Смайыл а.
10158;10155;396439400;Мақсұт а.
10159;10158;396439402;Достияр а.
10160;10139;396445000;Калинин а.о.
10161;10160;396445100;Береговой а.
10162;10160;396445300;Нагорный а.
10163;10160;396445500;Юбилейный а.
10164;10139;396453000;Май а.о.
10165;10164;396453100;Май а.
10166;10164;396453200;Приречен а.
10167;10139;396455000;Байшуақ а.о.
10168;10167;396455100;Набережный а.
10169;10167;396455300;Байшуақ а.
10170;10139;396459000;Новоильин а.о.
10171;10170;396459100;Новоильинов а.
10172;10170;396459200;Ақсуат а.
10173;10170;396459300;Богородский а.
10174;10170;396459400;Валерьянов а.
10175;10170;396459500;Козырев а.
10176;10170;396459600;Мирный а.
10177;10170;396459700;Притобол а.
10178;10170;396459800;Увальный а.
10179;10178;396459802;Ленин а.
10180;10139;396463000;Павлов а.о.
10181;10180;396463100;Павлов а.
10182;10181;396463102;Барсуков а.
10183;10181;396463103;Нелюбин а.
10184;10180;396463200;Апанов а.
10185;10180;396463600;Евгенов а.
10186;10139;396473000;Тобыл к.ә.
10187;10186;396473100;Тобыл к.
10188;10186;396473200;Приозерное а.
10189;9384;396600000;Ұзынкөл ауданы
10190;10189;396630000;Ұзынкөл а.о.
10191;10190;396630100;Ұзынкөл а.
10192;10190;396630300;Есмырза а.
10193;10190;396630400;Павлов а.
10194;10193;396630403;Вершковое а.
10195;10189;396633000;Бауман а.ә.
10196;10195;396633100;Бауман а.
10197;10196;396633103;Королевка а.
10198;10189;396635000;Ершов а.о.
10199;10198;396635100;Ершов а.
10200;10199;396635102;Орманшар
10201;10198;396635200;Отынағаш а.
10202;10198;396635300;Абай а.
10203;10198;396635500;Миролюбовка а.
10204;10203;396635503;Долин а.
10205;10203;396635504;Қоскөл а.
10206;10189;396641000;Киров а.о.
10207;10206;396641100;Киров а.
10208;10206;396641200;Иваноровный а.
10209;10206;396641300;Ксеньев а.
10210;10206;396641400;Моховый а.
10211;10189;396647000;Новопокров а.о.
10212;10211;396647100;Новопокров а.
10213;10212;396647103;Нововасильев а.
10214;10211;396647200;Воскресенов а.
10215;10214;396647203;Үйкескен а.
10216;10211;396647300;Варваровка а.
10217;10216;396647303;Қаратал а.
10218;10189;396651000;Пресногорьков а.о.
10219;10218;396651100;Пресногорьков а.
10220;10218;396651200;Волна а.
10221;10220;396651203;Гренадерка а.
10222;10218;396651400;Крутояр а.
10223;10222;396651403;Октябрьское а.
10224;10218;396651500;Белоглинка а.
10225;10224;396651503;Починов а.
10226;10224;396651505;Комендантское а.
10227;10218;396651700;Первомай а.
10228;10218;396651800;Песчаный а.
10229;10218;396651900;Красный Борок а.
10230;10229;396651903;Борки а.
10231;10229;396651905;Камышлов а.
10232;10189;396653000;Обаған а.о.
10233;10232;396653100;Тайсойған а.
10234;10233;396653103;Березово а.
10235;10232;396653300;Обаған а.
10236;10189;396655000;Ряжск а.о.
10237;10236;396655100;Ряжский а.
10238;10236;396655200;Речное а.
10239;10238;396655202;Амречье а.
10240;10238;396655203;Қаратомар а.
10241;10238;396655205;Өгізбалық а.
10242;10189;396657000;Сатай а.ә.
10243;10242;396657100;Сатай а.
10244;10243;396657103;Қазан а.
10245;10243;396657105;Пилкино а.
10246;10189;396659000;Троебрат а.о.
10247;10246;396659100;Троебрат а.
10248;10189;396663000;Федоров а.о.
10249;10248;396663100;Федоров а.
10250;10248;396663200;Үкіатқан а.
10251;10248;396663300;Сокол а.
10252;10251;396663303;Карл Маркс а.
10253;10248;396663500;Сибирка а.
10254;9384;396800000;Федоров ауданы
10255;10254;396830000;Федоров а.о.
10256;10255;396830100;Федоров а.
10257;10255;396830200;Александрополь а.
10258;10255;396830400;Владыкин а.
10259;10258;396830405;Целинный а.
10260;10255;396830500;Затышен а.
10261;10255;396830600;Копычен а.
10262;10255;396830700;Жаркөл а.
10263;10255;396830800;Приозерный а.
10264;10254;396835000;Баннов а.о.
10265;10264;396835100;Баннов а.
10266;10264;396835200;Қарақопа а.
10267;10264;396835300;Цабелев а.
10268;10264;396835400;Чехов а.
10269;10254;396837000;Вишневый а.о.
10270;10269;396837100;Вишневый а.
10271;10269;396837200;Балықты а.
10272;10269;396837300;Белояровка а.
10273;10269;396837500;Усаков а.
10274;10254;396839000;Воронеж а.о.
10275;10274;396839100;Придорожный а.
10276;10274;396839300;Лысанов а.
10277;10274;396839400;Успенов а.
10278;10254;396845000;Камышин а.о.
10279;10278;396845100;Чистый Шандақ а.
10280;10278;396845200;Алаботалы а.
10281;10278;396845300;Дорожный а.
10282;10278;396845400;Қамысты Шаңдақ а.
10283;10278;396845700;Мирный а.
10284;10254;396847000;Костряков а.о.
10285;10284;396847100;Костряков а.
10286;10284;396847200;Волков а.
10287;10284;396847400;Запасный а.
10288;10287;396847405;Новоукраин а.
10289;10284;396847600;Курск а.
10290;10289;396847605;Иваногород а.
10291;10289;396847607;Грачев а.
10292;10254;396849000;Қоржынкөл а.о.
10293;10292;396849100;Лесной а.
10294;10293;396849105;Костычев а.
10295;10292;396849200;Березов а.
10296;10292;396849300;Малоресей а.
10297;10292;396849400;Дубров а.
10298;10254;396851000;Қосарал а.о.
10299;10298;396851100;Кеңарал а.
10300;10299;396851107;Тураағаш а.
10301;10298;396851200;Жыланды а.
10302;10254;396853000;Ленин а.о.
10303;10302;396853100;Ленин а.
10304;10302;396853300;Жаңақой а.
10305;10302;396853400;Заозерный а.
10306;10254;396855000;Новошумный а.ә.
10307;10306;396855100;Новошумный а.
10308;10307;396855105;Старошумный а.
10309;10307;396855107;Тоғызақ а.
10310;10254;396857000;Первомай а.о.
10311;10310;396857100;Первомай а.
10312;10311;396857105;Дружба а.
10313;10310;396857400;Трактовый а.
10314;10254;396859000;Пешков а.о.
10315;10314;396859100;Пешков а.
10316;10314;396859200;Большое а.
10317;10314;396859400;Калинов а.
10318;10314;396859500;Кравцово а.
10319;10314;396859700;Полтава а.
10320;0;430000000;Қызылорда облысы
10321;10320;431000000;Қызылорда Қ.Ә.
10322;10321;431010000;Қызылорда қ.
10323;10321;431033000;Ақжарма а.о.
10324;10323;431033100;Баймұрат а.
10325;10323;431033400;Талдыарал а.
10326;10321;431035000;Ақсуат а.о.
10327;10326;431035100;Ж.Маханбетов а.
10328;10321;431037000;Белкөл к.ә.
10329;10328;431037100;Белкөл к.
10330;10328;431037200;Бірқазан а.
10331;10321;431039000;Қосшыңырау а.о.
10332;10331;431039100;Абай а.
10333;10331;431039200;Досан а.
10334;10321;431041000;Қарауылтөбе а.о.
10335;10334;431041100;Қарауылтөбе а.
10336;10321;431043000;Қызылжарма а.о
10337;10336;431043100;Қызылжарма а.
10338;10321;431045000;Қызылөзек а.о.
10339;10338;431045100;Қараөзек а.
10340;10338;431045200;Айнакөл а.
10341;10338;431045300;Қараөзек ст.
10342;10321;431046000;Талсуат а.о.
10343;10342;431046100;Талсуат а.
10344;10321;431047000;Тасбөгет к.ә.
10345;10344;431047100;Тасбөгет к.
10346;10344;431047200;Иіркөл а.
10347;10320;431900000;Байқоңыр Қ.Ә.
10348;10347;431910000;Байқоңыр қ.
10349;10320;433200000;Арал ауданы
10350;10349;433220000;Арал қ.ә.
10351;10350;433220100;Арал қ.
10352;10349;433231000;Ақирек а.о.
10353;10352;433231100;Ақбай а.
10354;10349;433232000;Атанши а.о.
10355;10354;433232100;Жіңішкеқұм а.
10356;10349;433233000;Аманөткел а.о.
10357;10356;433233100;Аманөткел а.
10358;10356;433233300;Аққұлақ а.
10359;10356;433233400;Ақшатау а.
10360;10356;433233700;Хан а.
10361;10349;433234000;Аралқұм а.о.
10362;10361;433234100;Аралқұм ст.
10363;10361;433234400;Мойнақ а.
10364;10361;433234700;Шөміш ст.
10365;10349;433235000;Бөген а.о
10366;10365;433235100;Бөген а.
10367;10365;433235300;Қарашалаң а.
10368;10349;433236000;Жаңақұрылыс а.о.
10369;10368;433236100;Жаңақұрылыс а.
10370;10349;433237000;Жақсықылыш а.о.
10371;10370;433237100;Жақсықылыш к.
10372;10349;433238000;Бекбауыл а.о.
10373;10372;433238100;Бекбауыл ст.
10374;10372;433238500;Құмбазар а.
10375;10372;433238700;рзд.93 Үкілісай
10376;10349;433239000;Қамыстыбас а.о.
10377;10376;433239100;Камыстыбас ст.
10378;10376;433239880;рзд.92
10379;10349;433241000;Жіңішкеқұм а.о.
10380;10379;433241100;Тоқабай а.
10381;10349;433242000;Жетес би а.о.
10382;10381;433242100;Раиым а.
10383;10381;433242500;Ескіұра а.
10384;10349;433243000;Қарақұм а.о.
10385;10384;433243100;Абай а.
10386;10384;433243300;Ерімбетжаға а.
10387;10349;433244000;Беларан а.о.
10388;10387;433244100;Құланды а.
10389;10349;433245000;Қаратерең а.о.
10390;10389;433245100;Қаратерең а.
10391;10389;433245300;Жаңақоныс а.
10392;10389;433245400;Тастақ а.
10393;10349;433246000;Қосаман а.о.
10394;10393;433246100;Қосаман а.
10395;10393;433246200;Ақеспе а.
10396;10349;433247000;Құланды а.о.
10397;10396;433247100;Ақбасты а.
10398;10349;433248000;Қосжар а.о.
10399;10398;433248100;Қосжар а.
10400;10349;433249000;Мергенсай а.о.
10401;10400;433249100;Жалаңаш а.
10402;10400;433249200;Тастүбек а.
10403;10349;433253000;Аққұм а.о.
10404;10403;433253100;Шижаға а.
10405;10349;433255000;Райым а.о.
10406;10405;433255100;Қызылжар а.
10407;10405;433255600;Шөмішкөл а.
10408;10349;433256000;Сазды а.о.
10409;10408;433256100;Сазды а.
10410;10349;433257000;Сексеуіл а.о.
10411;10410;433257100;Сексеуіл к.
10412;10410;433257400;Көнту ст.
10413;10410;433257600;рзд.82 Құрылық
10414;10413;433257680;рзд.83 Тербенбес
10415;10410;433257700;рзд.84 Құмсағыз
10416;10410;433257800;рзд.85 Сарышығанақ
10417;10410;433257900;рзд.86 Жалғызағаш
10418;10349;433259000;Сапақ а.о.
10419;10418;433259100;Сапақ ст.
10420;10418;433259300;рзд.87 Алтықұдық
10421;10418;433259500;Көктем а.
10422;10418;433259700;рзд.88 Тасбөгет
10423;10320;433600000;Жалағаш ауданы
10424;10423;433630000;Жалағаш а.о.
10425;10424;433630100;Жалағаш к.
10426;10423;433633000;Аққұм а.о.
10427;10426;433633100;Аққұм а.
10428;10423;433635000;Аққыр а.о.
10429;10428;433635100;Аққыр а.
10430;10423;433636000;Ақсу а.о.
10431;10430;433636100;Ақсу а.
10432;10423;433637000;Аламесек а.о.
10433;10432;433637100;Есет Батыр а.
10434;10423;433639000;Бұқарбай батыр а.о.
10435;10434;433639100;Бұқарбай батыр атын.а.
10436;10423;433643000;Еңбек а.о.
10437;10436;433643100;Еңбек а.
10438;10423;433644000;Жаңадария а.о.
10439;10438;433644100;Жаңадария а.
10440;10423;433645000;Қаракеткен а.о.
10441;10440;433645100;Қаракеткен а.
10442;10440;433645300;Далдабай а.
10443;10423;433646000;Жаңаталап а.о.
10444;10443;433646100;Жаңаталап а.
10445;10423;433647000;Мақпалкөл а.о.
10446;10445;433647100;Темірбек Жүргенов а.
10447;10423;433649000;Мәдениет а.о.
10448;10447;433649100;Мәдениет а.
10449;10423;433651000;Мырзабай ахун а.о.
10450;10449;433651100;Мырзабай ахун а.
10451;10423;433653000;Таң а.о.
10452;10451;433653100;Таң а.
10453;10451;433653200;Жаңақоныс а.
10454;10423;433655000;Шәменов а.о
10455;10454;433655100;Шәменов а.
10456;10320;434000000;Жаңақорған ауданы
10457;10456;434030000;Жаңақорған а.о.
10458;10457;434030100;Жаңақорған к.
10459;10456;434031000;Машбек Нәлібаев атын.а.о.
10460;10459;434031100;Ақжол а.
10461;10456;434033000;Аққорған а.о.
10462;10461;434033100;Түгіскен а.
10463;10456;434035000;Ақкүйіқ а.о.
10464;10463;434035100;Бірлік а.
10465;10456;434037000;Байкенже а.о.
10466;10465;434037100;Байкенже а.
10467;10465;434037200;Билібай а.
10468;10456;434039000;Жаманбай батыр а.о.
10469;10468;434039100;Бесарық а.
10470;10468;434039400;Кеңес а.
10471;10456;434040000;Екпінді а.о.
10472;10471;434040100;Екпінді а.
10473;10456;434041000;Жайылма а.о.
10474;10473;434041100;Жайылма а.
10475;10456;434042000;Жаңарық а.о.
10476;10475;434042100;Жаңарық а.
10477;10456;434043000;Кейден а.о.
10478;10477;434043100;Кейден а.
10479;10477;434043200;Аққұм а.
10480;10456;434045000;Келінтөбе а.о.
10481;10480;434045100;Келінтөбе а.
10482;10456;434046000;Көктөбе а.о.
10483;10482;434046100;Көктөбе а.
10484;10456;434047000;Қандөз а.о.
10485;10484;434047100;Қандөз а.
10486;10484;434047300;Қалғансыр а.
10487;10484;434047400;Қашқанкөл а.
10488;10456;434049000;Қаратөбе а.о.
10489;10488;434049100;Баспақкөл а.
10490;10456;434051000;Қожамберді а.о.
10491;10490;434051100;Қожамберді а.
10492;10456;434053000;Қожакент а.о.
10493;10492;434053100;Қожакент а.
10494;10456;434054000;Қосүйеңкі а.о.
10495;10494;434054100;Қосүйеңкі а.
10496;10456;434055000;Қыркеңсе а.о.
10497;10496;434055100;Әбдіғаппар а.
10498;10456;434056000;Қыраш а.о.
10499;10498;434056100;Қызылмақташы а.
10500;10456;434057000;Өзкент а.о.
10501;10500;434057100;Өзкент а.
10502;10500;434057300;Ақсуат а.
10503;10456;434059000;Сунақата а.о.
10504;10503;434059100;Сунақата а.
10505;10503;434059200;Еңбек а.
10506;10456;434061000;Сүттіқұдық а.о.
10507;10506;434061100;Тақыркөл а.
10508;10456;434062000;Талап а.о.
10509;10508;434062100;Бесарық ст.
10510;10456;434063000;Төменарық а.о.
10511;10510;434063100;Төменарық а.
10512;10456;434065000;Шалқия а.о.
10513;10512;434065100;Шалқия к.
10514;10512;434065300;Құттықожа а.
10515;10456;434067000;Манап а.о.
10516;10515;434067100;Манап а.
10517;10515;434067500;Талап ст.
10518;10320;434400000;Қазалы ауданы
10519;10518;434423000;Қазалы қ.ә.
10520;10519;434423100;Қазалы қ.
10521;10518;434430000;Әйтеке би к.ә.
10522;10521;434430100;Әйтеке би к.
10523;10518;434431000;Ақжона а.о.
10524;10523;434431100;Майдакөл а.
10525;10518;434432000;Алға а.о.
10526;10525;434432100;Түктібаев а.
10527;10518;434433000;Аранды а.о.
10528;10527;434433100;Қожабақы а.
10529;10527;434433200;Аранды а.
10530;10518;434435000;Арықбалық а.о.
10531;10530;434435100;Жанқожа батыр атын.а.
10532;10518;434436000;Басықара а.о.
10533;10532;434436100;Басықара а.
10534;10518;434437000;Бозкөл а.о.
10535;10534;434437100;Бозкөл а.
10536;10518;434439000;Бірлік а.о.
10537;10536;434439100;Бірлік а.
10538;10518;434441000;Қарашеңгел а.о.
10539;10538;434441100;Жалаңтөс батыр а.
10540;10538;434441300;Шитүбек а.
10541;10538;434441500;Көбек ст.
10542;10538;434441600;Үйрек а.
10543;10538;434441700;рзд.Алтай
10544;10538;434441800;рзд.Ойынды
10545;10518;434442000;Көларық а.о.
10546;10545;434442100;Ақтан батыр атын.а.
10547;10518;434443000;Құмжиек а.о.
10548;10547;434443100;Пірімов а.
10549;10547;434443480;Қожақазған а.
10550;10547;434443600;Мәдениет а.
10551;10547;434443880;Тапа а.
10552;10518;434445000;Қызылқұм а.о.
10553;10552;434445100;Кәукей а.
10554;10552;434445200;Ажар а.
10555;10518;434447000;Майдакөл а.о.
10556;10555;434447100;Бекарыстан би а.
10557;10518;434449000;Майлыбас а.о.
10558;10557;434449100;Ақсуат а.
10559;10557;434449280;Майлыбас а.
10560;10557;434449300;Байғожа а.
10561;10560;434449380;Бірлік а.
10562;10557;434449680;рзд.99
10563;10557;434449700;рзд.101
10564;10557;434449800;рзд.102
10565;10518;434450000;Мұратбаев а.о.
10566;10565;434450100;Мұратбаев а.
10567;10518;434451000;Өркендеу а.о.
10568;10567;434451100;Жанкент а.
10569;10518;434453000;Сарбұлақ а.о.
10570;10569;434453100;Сарбұлақ а.
10571;10518;434455000;Сарыкөл а.о.
10572;10571;434455100;Абай а.
10573;10571;434455300;Жұбан а.
10574;10518;434459000;Тасарық а.о.
10575;10574;434459100;Тасарық а.
10576;10574;434459400;Лақалы а.
10577;10574;434459700;Тасөткел а.
10578;10518;434465000;Шәкен а.о.
10579;10578;434465100;Шәкен а.
10580;10578;434465400;Шилі а.
10581;10578;434465500;Шөлқұм а.
10582;10320;434600000;Қармақшы ауданы
10583;10582;434630000;Жосалы а.о.
10584;10583;434630100;Жосалы к.
10585;10583;434630200;Диірментөбе ст.
10586;10583;434630600;Қорқыт ст.
10587;10583;434630700;Ордазы а.
10588;10582;434633000;Ақай а.о.
10589;10588;434633100;Ақай а.
10590;10582;434635000;Ақжар а.о.
10591;10590;434635100;Ақжар а.
10592;10582;434637000;Ақтөбе а.о.
10593;10592;434637100;Ақтөбе а.
10594;10582;434638000;Алдашбай Ахун атын.а.о.
10595;10594;434638100;Алдашбай Ахун атын.а.
10596;10582;434639000;Дауылкөл а.о.
10597;10596;434639100;Тұрмағанбет а.
10598;10582;434643000;Жаңажол а.о.
10599;10598;434643100;Дүр Оңғар а.
10600;10582;434645000;Жосалы а.о.
10601;10600;434645100;Төребай би а.
10602;10582;434653000;Иіркөл а.о.
10603;10602;434653100;Иіркөл а.
10604;10582;434655000;Көмекбаев а.о.
10605;10604;434655100;Көмекбаев атын.а.
10606;10604;434655200;Кекірелі а.
10607;10604;434655700;Шобанқазған а.
10608;10582;434657000;Қармақшы а.о.
10609;10608;434657100;Абыла а.
10610;10608;434657300;Анакөл а.
10611;10608;434657400;Қызылтам а.
10612;10582;434659000;Қуандария а.о.
10613;10612;434659100;Қуаңдария а.
10614;10582;434663000;Төретам а.о.
10615;10614;434663100;Төретам а.
10616;10582;434665000;Үшінші интернационал а.о.
10617;10616;434665100;Үшінші интернационал а.
10618;10320;434800000;Сырдария ауданы
10619;10618;434830000;Тереңөзек а.о.
10620;10619;434830100;Тереңөзек а.
10621;10618;434833000;Айдарлы а.о.
10622;10621;434833100;Айдарлы а.
10623;10618;434835000;Ақжарма а.о.
10624;10623;434835100;Ақжарма а.
10625;10624;434835102;Абай а.
10626;10618;434837000;Амангелді а.о.
10627;10626;434837100;Амангелді а.
10628;10618;434839000;Бесарық а.о.
10629;10628;434839100;Бесарық а.
10630;10618;434841000;Жетікөл а.о.
10631;10630;434841100;Жетікөл а.
10632;10618;434843000;Ілиясов атын.а.о.
10633;10632;434843100;Н.Ілиясов атын.а.
10634;10618;434844000;Қалжан Ахун атын.а.о.
10635;10634;434844100;Қалжан Ахун атын.а.
10636;10618;434845000;Қоғалыкөл а.о.
10637;10636;434845100;Қоғалыкөл а.
10638;10618;434847000;Сейфуллин а.о.
10639;10638;434847100;Сейфуллин а.
10640;10618;434849000;Тоқмағанбетов атын.а.о.
10641;10640;434849100;Тоқмағанбетов атын.а.
10642;10618;434853000;Шаған а.о.
10643;10642;434853100;Шаған а.
10644;10618;434855000;Шіркейлі а.о.
10645;10644;434855100;Шіркейлі а.
10646;10618;434857000;Іңкәрдәрия а.о.
10647;10646;434857100;Іңкәрдәрия а.
10648;10320;435200000;Шиелі ауданы
10649;10648;435230000;Шиелі а.о.
10650;10649;435230100;Шиелі к.
10651;10648;435233000;Ақмая а.о.
10652;10651;435233100;Ақмая а.
10653;10651;435233500;Қосарық а.
10654;10648;435234000;Ақтоған а.о.
10655;10654;435234100;Досбол би а.
10656;10648;435235000;Алмалы а.о.
10657;10656;435235100;Алмалы а.
10658;10656;435235400;Тоғайлы а.
10659;10656;435235600;рзд.21
10660;10648;435237000;Бәйгеқұм а.о.
10661;10660;435237100;Бәйгеқұм а.
10662;10648;435238000;Бестам а.о.
10663;10662;435238100;Бестам а.
10664;10648;435239000;Бәйтерек а.о.
10665;10664;435239100;Бидайкөл а.
10666;10664;435239300;рзд.22
10667;10648;435241000;Жаңатұрмыс а.о.
10668;10667;435241100;Байсын а.
10669;10648;435243000;Еңбекші а.о.
10670;10669;435243100;Еңбекші а.
10671;10669;435243200;Қосүйеңкі а.
10672;10648;435244000;Жиделіарық а.о.
10673;10672;435244100;Жиделіарық а.
10674;10648;435245000;Жөлек а.о.
10675;10674;435245100;Жөлек а.
10676;10674;435245200;Жуантөбе а.
10677;10648;435247000;Жуантөбе а.о.
10678;10677;435247100;Алғабас а.
10679;10648;435249000;Иіркөл а.о.
10680;10679;435249100;Ы.Жақаев атын.а.
10681;10679;435249300;Жансейіт а.
10682;10648;435253000;Керделі а.о.
10683;10682;435253100;Н.Бекежанов атын.а.
10684;10648;435255000;Қарғалы а.о.
10685;10684;435255100;Бұланбайбауы а.
10686;10648;435256000;Майлытоғай а.о.
10687;10686;435256100;Майлытоғай а.
10688;10648;435257000;Сұлутөбе а.о.
10689;10688;435257100;Сұлутөбе а.
10690;10688;435257200;Бірінші Мамыр а.
10691;10688;435257300;Жаназар батыр а.
10692;10648;435258000;Қоғалы а.о.
10693;10692;435258100;Тұрсынбай датқа а.
10694;10648;435259000;Талаптан а.о.
10695;10694;435259100;Бала би а.
10696;10648;435261000;Тартоғай а.о.
10697;10696;435261100;Тартоғай а.
10698;10648;435262000;Телікөл а.о.
10699;10698;435262100;Әбділда Тәжібаев а.
10700;10648;435263000;Тұран а.о.
10701;10700;435263100;Ш.Қодаманов а.
10702;10648;435267000;Ортақшыл а.о.
10703;10702;435267100;Ортақшыл а.
10704;10702;435267500;Қызылқайың а.
10705;0;470000000;Маңғыстау облысы
10706;10705;471000000;Ақтау Г.А.
10707;10706;471010000;Ақтау қ.
10708;10706;471043000;Өмірзақ а.о.
10709;10708;471043100;Өмірзақ а.
10710;10705;471800000;Жаңаөзен Қ.Ә.
10711;10710;471810000;Жаңаөзен қ.
10712;10710;471835000;Қызылсай а.о.
10713;10712;471835100;Қызылсай а.
10714;10710;471836000;Рахат а.ә.
10715;10714;471836100;Рахат а.
10716;10710;471837000;Теңге а.о.
10717;10716;471837100;Теңге а.
10718;10710;471838000;Кендірлі а.ә.
10719;10718;471838100;Кендірлі а.
10720;10705;473600000;Бейнеу ауданы
10721;10720;473630000;Бейнеу а.о.
10722;10721;473630100;Бейнеу а.
10723;10720;473633000;Ақжігіт а.ә.
10724;10723;473633100;Ақжігіт а.
10725;10724;473633102;Айтжан а.
10726;10724;473633103;Амантай а.
10727;10724;473633104;Аязбай а.
10728;10724;473633105;Байжан а.
10729;10724;473633106;Боранқұл а.
10730;10724;473633107;Бектұрған а.
10731;10724;473633108;Бердіхан а.
10732;10724;473633109;Есберген а.
10733;10724;473633111;Жалғас а.
10734;10724;473633112;Жұбат а.
10735;10724;473633113;Жылқы а.
10736;10724;473633115;Көңлімқос а.
10737;10724;473633117;Қалмырза а.
10738;10724;473633118;Комти а.
10739;10724;473633119;Қызылту а.
10740;10724;473633121;Майлы а.
10741;10724;473633123;Меңдібай а.
10742;10724;473633125;Оазис разъезд а.
10743;10724;473633127;Сәкен а.
10744;10724;473633128;Серік а.
10745;10724;473633129;Сабиғат а.
10746;10724;473633131;Сұлуқара а.
10747;10724;473633133;Төлеу а.
10748;10724;473633135;Тоғызбай а.
10749;10724;473633137;Төлеубай а.
10750;10724;473633139;Үмбет а.
10751;10724;473633141;Шаңытбай а.
10752;10720;473637000;Сарға а.ә.
10753;10752;473637100;Сарға а.
10754;10753;473637103;Байкүшік а.
10755;10753;473637105;Жанбике а.
10756;10753;473637107;Жарқұдық а.
10757;10753;473637109;Комсомол а.
10758;10753;473637111;Теректі а.
10759;10753;473637113;Шиліқұдық а.
10760;10720;473639000;Боранқұл а.ә.
10761;10760;473639100;Боранқұл а.
10762;10761;473639105;Бұғыбай қыстауы
10763;10720;473641000;Есет а.ә.
10764;10763;473641100;Есет а.
10765;10720;473643000;Сыңғырлау а.ә.
10766;10765;473643100;Сыңғырлау а.
10767;10766;473643102;Әбдігүл а.
10768;10766;473643103;Ақорпа 1 а.
10769;10766;473643104;Әли а.
10770;10766;473643105;Ақорпа 2 а.
10771;10766;473643106;Ақжар а.
10772;10766;473643107;рзд.Көктекті
10773;10766;473643108;Бұлақтыкөл а.
10774;10766;473643109;Сарыкеткен а.
10775;10766;473643111;Шіңкілдек а.
10776;10766;473643112;Жанайтыс а.
10777;10766;473643113;Ждан 1 а.
10778;10766;473643115;Ждан 2 а.
10779;10766;473643117;Каршлықон а.
10780;10766;473643119;Көкбұлақ а.
10781;10766;473643121;Қызәулие а.
10782;10766;473643123;Кеңқолтық а.
10783;10766;473643125;Қызылту а.
10784;10766;473643127;Мансұр а.
10785;10766;473643128;Сарша а.
10786;10766;473643129;Ізбасар а.
10787;10720;473644000;Сам а.о.
10788;10787;473644100;Сам а.
10789;10788;473644103;Аққұдық а.
10790;10788;473644105;Ауылдыкөл а.
10791;10788;473644107;Бақытжан а.
10792;10788;473644109;Баршақұм 1 а.
10793;10788;473644111;Баршақұм 2 а.
10794;10788;473644113;Жанбике а.
10795;10788;473644115;Қарағайлы а.
10796;10788;473644117;Қасқырбұлақ а.
10797;10788;473644119;Қарақоға а.
10798;10788;473644121;Қартбай а.
10799;10788;473644123;Қияқты а.
10800;10788;473644125;Қосқұдық а.
10801;10788;473644127;Қопа а.
10802;10788;473644129;Найзақора
10803;10788;473644131;Оңғарқора
10804;10788;473644133;Реш а.
10805;10788;473644135;Ұялы а.
10806;10788;473644137;Теректі а.
10807;10788;473644139;Шұқыр а.
10808;10787;473644200;Ноғайты а.
10809;10808;473644203;Амантұрлы а.
10810;10808;473644205;Қасқырішкен а.
10811;10808;473644207;Қызылжұлдыз а.
10812;10808;473644209;Қоңшымырау а.
10813;10808;473644211;Кілтан а.
10814;10808;473644213;Мамырық а.
10815;10808;473644215;Тасқұдық а.
10816;10808;473644219;Теріскенді а.
10817;10720;473645000;Төлеп а.ә.
10818;10817;473645100;Төлеп а.
10819;10720;473646000;Тәжен а.о.
10820;10819;473646100;Тәжен ауылы
10821;10720;473647000;Тұрыш а.ә.
10822;10821;473647100;Тұрыш а.
10823;10822;473647103;Абай а.
10824;10822;473647105;Алуадинов а.
10825;10822;473647107;Ақши а.
10826;10822;473647109;Асаубарақ а.
10827;10822;473647111;Көшербай а.
10828;10822;473647113;Қоблан а.
10829;10822;473647115;Қотыр а.
10830;10822;473647119;Құлыбек а.
10831;10822;473647121;Қылыш а.
10832;10822;473647123;Түзелов а.
10833;10705;474200000;Қарақия ауданы
10834;10833;474230000;Құрық а.о.
10835;10834;474230100;Құрық а.
10836;10835;474230107;Жақсы Қызыладыр а.
10837;10835;474230113;Қызыладыр а.
10838;10835;474230115;Мешіттіқора
10839;10833;474233000;Бостан а.о.
10840;10839;474233100;Бостан а.
10841;10840;474233103;Борсымұрын а.
10842;10840;474233105;Бостанқұм а.
10843;10840;474233107;Қарамандыбас а.
10844;10840;474233108;Қызылсу а.
10845;10840;474233109;Аспай қыстауы
10846;10840;474233111;Дәрмен 1 қыстауы
10847;10840;474233112;Дәрмен 2 қыстауы
10848;10840;474233113;Ербасан 1 қыстауы
10849;10840;474233114;Ербасан 2 қыстауы
10850;10840;474233115;Ербасан 3 қыстауы
10851;10840;474233116;Жаңасу 1 қыстауы
10852;10840;474233117;Жаңасу 2 қыстауы
10853;10840;474233118;Жосалы қыстауы
10854;10840;474233119;Өзенойы а.
10855;10840;474233121;Кіндік қыстауы
10856;10840;474233122;Қарақұдық қыстауы
10857;10840;474233123;Шиферлі қыстауы
10858;10840;474233124;Шөлтөбе қыстауы
10859;10840;474233125;Ақпан 1 қыстауы
10860;10840;474233126;Ақпан 2 қыстауы
10861;10840;474233127;Ақпан 3 қыстауы
10862;10840;474233128;Алтыналы қыстауы
10863;10840;474233129;Аққора қыстауы
10864;10840;474233131;Ақшағыл қыстауы
10865;10840;474233132;Андижан қыстауы
10866;10840;474233133;Безжізген қыстауы
10867;10840;474233134;Қызылсай қыстауы
10868;10840;474233135;Күйеутам қыстауы
10869;10840;474233136;Қолтық қыстауы
10870;10840;474233137;Қожақазған қыстауы
10871;10840;474233138;Машырық қыстауы
10872;10840;474233139;Сайын 1 қыстауы
10873;10840;474233141;Сайын 2 қыстауы
10874;10840;474233142;Сахар қыстауы
10875;10840;474233143;Сарытөбе қыстауы
10876;10840;474233144;Сиырсу қыстауы
10877;10840;474233145;Соқыр қыстауы
10878;10840;474233146;Тастысай қыстауы
10879;10840;474233147;Түйесу қыстауы
10880;10840;474233148;Тұзбасы қыстауы
10881;10833;474235000;Болашақ а.о.
10882;10881;474235100;Болашақ а.
10883;10882;474235102;Бестөрткүл рзд.
10884;10882;474235103;Құрмаш рзд.
10885;10882;474235104;Тайғыр рзд.
10886;10881;474235200;Бопай а.
10887;10886;474235201;Ақбөбек рзд.
10888;10886;474235202;Бастау рзд.
10889;10833;474239000;Жетібай а.о.
10890;10889;474239100;Жетібай а.
10891;10890;474239109;Қонайқора а.
10892;10833;474241000;Құланды а.о.
10893;10892;474241100;Құланды а.
10894;10893;474241102;Ботагөз а.
10895;10893;474241103;Қарабарақты а.
10896;10893;474241105;Сақсорқа а.
10897;10893;474241107;Сарытақыр а.
10898;10893;474241108;Фетисово а.
10899;10893;474241109;Шынжыр а.
10900;10893;474241111;Шапалақ а.
10901;10893;474241112;Төлеп а.
10902;10893;474241113;Аяқ Қараған а.
10903;10893;474241114;Бас Қараған а.
10904;10893;474241115;Орта Қараған а.
10905;10893;474241116;Сарымыс а.
10906;10893;474241117;Үйсін а.
10907;10833;474245000;Мұнайшы а.о.
10908;10907;474245100;Мұнайшы а.
10909;10833;474249000;Сенек а.о.
10910;10909;474249100;Сенек а.
10911;10910;474249103;Ащысай а.
10912;10910;474249105;Бесоқты а.
10913;10910;474249107;Бұрма а.
10914;10910;474249109;Жаңасу а.
10915;10910;474249111;Қайғылы а.
10916;10910;474249113;Қарашық а.
10917;10910;474249115;Келенді а.
10918;10910;474249117;Мұрынауыл а.
10919;10910;474249119;Сарыкез а.
10920;10910;474249121;Сарыой а.
10921;10909;474249200;Аққұдық а.
10922;10921;474249203;Бесшоқы а.
10923;10921;474249205;Дауыл а.
10924;10921;474249207;Жіңішкесор а.
10925;10921;474249209;Қадірберді а.
10926;10921;474249211;Қансу а.
10927;10921;474249213;Қаңбақтысай а.
10928;10921;474249215;Қызылсеңсір а.
10929;10921;474249217;Мақышбай а.
10930;10921;474249219;Мойынқора
10931;10921;474249221;Сайлаутөбе а.
10932;10921;474249223;Түйесіңірлі а.
10933;10705;474600000;Маңғыстау ауданы
10934;10933;474630000;Шетпе а.о.
10935;10934;474630100;Шетпе а.
10936;10933;474633000;Ақтөбе а.о.
10937;10936;474633100;Үштаған а.
10938;10937;474633103;Кормоцех
10939;10937;474633104;Сауысқан а.
10940;10937;474633105;Ұңғыма 26
10941;10936;474633200;Жарма а.
10942;10941;474633203;Әбуқора
10943;10941;474633205;Бөкеже а.
10944;10941;474633207;Дәрмен а.
10945;10941;474633209;Есалы а.
10946;10941;474633211;Жалпақтөрткөл а.
10947;10941;474633213;Жарма 1 а.
10948;10941;474633215;Кебіршоқы а.
10949;10941;474633219;Кезқора
10950;10941;474633221;Кесекқора
10951;10941;474633223;Қандық а.
10952;10941;474633225;Мағзам а.
10953;10941;474633227;Масат а.
10954;10941;474633229;Тынысбай а.
10955;10936;474633300;Сазды а.
10956;10955;474633303;Әйнектіқора
10957;10955;474633305;Айғыржал а.
10958;10955;474633307;Алатөбе а.
10959;10955;474633309;Еламан а.
10960;10955;474633311;Жамансаз а.
10961;10955;474633313;Жанаша 1 а.
10962;10955;474633315;Жанаша а.
10963;10955;474633319;Қамысшоқы а.
10964;10955;474633321;Қосмағанбет а.
10965;10955;474633323;Құртты 2 а.
10966;10955;474633325;ЛСП
10967;10955;474633327;Мәлібек а.
10968;10955;474633329;Шаштыәзім а.
10969;10955;474633331;Шолаққазған а.
10970;10955;474633333;Шолақтам а.
10971;10955;474633335;Шөлтөбе а.
10972;10933;474634000;Ақшымырау а.ә.
10973;10972;474634100;Ақшымырау а.
10974;10973;474634103;Ақжол а.
10975;10973;474634105;Ақшағыл а.
10976;10973;474634107;Балта а.
10977;10973;474634109;Исатай а.
10978;10973;474634111;Көктөбе а.
10979;10973;474634113;Күнес а.
10980;10973;474634115;Құйылыс а.
10981;10973;474634117;Қарабатыр а.
10982;10973;474634119;Қошманбет а.
10983;10973;474634121;Қызық а.
10984;10973;474634123;Мақпал а.
10985;10973;474634125;Нарсойған а.
10986;10973;474634127;Сейіт а.
10987;10973;474634129;Сүйекші а.
10988;10973;474634131;Торат а.
10989;10973;474634133;Шаған а.
10990;10933;474635000;Жармыш а.о.
10991;10990;474635100;Жармыш а.
10992;10991;474635103;Аманқызымет а.
10993;10991;474635105;Ауыздыбасты а.
10994;10991;474635107;Жапырақты а.
10995;10991;474635109;Жетікөл а.
10996;10991;474635111;Кеңсай а.
10997;10991;474635113;Құрша а.
10998;10991;474635115;Қошқар а.
10999;10991;474635117;Құдайберген а.
11000;10991;474635119;Қызылсай а.
11001;10991;474635121;Нақбай а.
11002;10991;474635123;рзд.11
11003;10991;474635125;рзд.12
11004;10991;474635127;рзд.13
11005;10991;474635129;Сарынияз а.
11006;10991;474635131;Сарытастықора
11007;10991;474635133;Сарыой а.
11008;10991;474635135;Сердәлі а.
11009;10991;474635137;Тасым а.
11010;10991;474635139;Үшкөз а.
11011;10991;474635141;Ұзынкөзе а.
11012;10991;474635143;Шәкей а.
11013;10991;474635145;Шілікті а.
11014;10991;474635147;Дөңгелексор а.
11015;10991;474635149;Жүзгенсай а.
11016;10991;474635151;Құрғапы 1 а.
11017;10991;474635153;Құрғапы 2 а.
11018;10991;474635154;Өгізөреулі а.
11019;10991;474635155;Сарытөбе а.
11020;10991;474635157;Тамды а.
11021;10991;474635159;Тұзбайыр а.
11022;10991;474635161;Ынта а.
11023;10933;474637000;Жыңғылды а.ә.
11024;11023;474637100;Жыңғылды а.
11025;11024;474637103;Ақбас а.
11026;11024;474637105;Аққора
11027;11024;474637107;Ақмая а.
11028;11024;474637109;Ақшоймақ а.
11029;11024;474637111;Балта а.
11030;11024;474637113;Бірқарын а.
11031;11024;474637115;ДСУ
11032;11024;474637119;Жылыбауыр а.
11033;11024;474637121;Кәбиналы а.
11034;11024;474637123;Кеңқолтық а.
11035;11024;474637125;Көкала а.
11036;11024;474637127;Көпдерел а.
11037;11024;474637129;Қараеспе а.
11038;11024;474637131;Қарақолқа а.
11039;11024;474637133;Қосқора
11040;11024;474637135;Қуылыс а.
11041;11024;474637137;Қызылқора
11042;11024;474637139;Ортақора
11043;11024;474637141;Сарытөбе а.
11044;11024;474637143;Тоқпақ а.
11045;11024;474637145;Тұщыкүй а.
11046;11024;474637147;Ұланақ а.
11047;11024;474637149;Шағылқора
11048;11024;474637151;Шат 1 а.
11049;11024;474637153;Шат 2 а.
11050;11024;474637155;Шеткіқора
11051;11024;474637157;Шұқырой а.
11052;10933;474639000;Қызан а.ә.
11053;11052;474639100;Қызан а.
11054;11053;474639103;Айыртөбе а.
11055;11053;474639105;Аласиыр а.
11056;11053;474639107;Жиделі а.
11057;11053;474639109;Жолқұдық а.
11058;11053;474639111;Қалнияз а.
11059;11053;474639113;Қарабатыр а.
11060;11053;474639115;Қараш а.
11061;11053;474639117;Қонай а.
11062;11053;474639119;Қоңырорпа а.
11063;11053;474639121;Мадияр а.
11064;11053;474639123;Намаз а.
11065;11053;474639125;Сарымай а.
11066;11053;474639127;Сазды а.
11067;11053;474639129;Сарытөбе а.
11068;11053;474639131;Тарқолқа а.
11069;10933;474643000;Онды а.о.
11070;11069;474643100;Онды а.
11071;11070;474643103;Ағашты а.
11072;11070;474643105;Қаратау пионерлагері
11073;11069;474643200;Басқұдық а.
11074;11073;474643203;Бақыт а.
11075;11073;474643205;Желтимес а.
11076;11073;474643207;Көріктітөбе 1 а.
11077;11073;474643209;Көріктітөбе 2 а.
11078;11073;474643211;Салменбөгет а.
11079;11073;474643213;Сарыкүп а.
11080;11073;474643215;Тасбас а.
11081;11073;474643217;Тәжібай а.
11082;11073;474643219;Төрібас а.
11083;11073;474643221;Ұшан а.
11084;11073;474643223;Шұқырой а.
11085;11069;474643300;Бекі а.
11086;11085;474643303;Ақташ а.
11087;11085;474643305;Әйлек а.
11088;11085;474643307;Байқасқа а.
11089;11085;474643309;Гүлшат а.
11090;11085;474643311;Есената а.
11091;11085;474643313;Ешкіөлген а.
11092;11085;474643315;Желдімұрын а.
11093;11085;474643317;Зайыр а.
11094;11085;474643319;Келімберді а.
11095;11085;474643321;Қоңқаев а.
11096;11085;474643323;Қалдыбас а.
11097;11085;474643325;Құмшоқы а.
11098;11085;474643327;Қызылтұран а.
11099;11085;474643329;Майкөмген а.
11100;11085;474643331;Мақсимқора
11101;11085;474643333;Саубет а.
11102;11085;474643335;Таубай а.
11103;10933;474644000;Отпан а.о.
11104;11103;474644100;Тұщыбек а.
11105;11103;474644200;Он бесінші бекет а.
11106;10933;474645000;Сайөтес а.о.
11107;11106;474645100;Сайөтес а.
11108;11107;474645103;рзд.10
11109;11106;474645400;Боздақ а.
11110;10933;474647000;Тұщықұдық а.о.
11111;11110;474647100;Тұщықұдық а.
11112;11111;474647103;Кесікмұрын а.
11113;11111;474647105;Сорқұдық а.
11114;11110;474647200;Қияқты а.
11115;11114;474647203;Досалы а.
11116;11114;474647205;Шағылорпа а.
11117;10933;474649000;Шайыр а.о.
11118;11117;474649100;Шайыр а.
11119;11118;474649103;Аққорған а.
11120;11118;474649105;Ащыеспе а.
11121;11118;474649107;Боздақ а.
11122;11118;474649109;Боқтысай а.
11123;11118;474649111;Жалған а.
11124;11118;474649113;Иір а.
11125;11118;474649115;Қарабас а.
11126;11118;474649117;Теріссай а.
11127;11118;474649119;Тоқпақ а.
11128;11118;474649121;Торыш а.
11129;11118;474649123;Шағылсай а.
11130;11118;474649125;Шоқай а.
11131;11117;474649200;Тасмұрын а.
11132;11117;474649300;Тиген а.
11133;11132;474649303;Ақсай а.
11134;11132;474649305;Аңдықора
11135;11132;474649307;Дағдұщы а.
11136;11132;474649309;Дәулетащы а.
11137;11132;474649311;Жырыққора
11138;11132;474649313;Керімді а.
11139;11132;474649315;Қабақ а.
11140;11132;474649317;Қақпақты а.
11141;11132;474649319;Қаранар а.
11142;11132;474649321;Қиян а.
11143;11132;474649323;Құмаққора
11144;11132;474649325;Құмыра а.
11145;11132;474649327;Қызылит а.
11146;11132;474649329;Қызылеспе а.
11147;11132;474649331;Қызылауыз а.
11148;11132;474649333;Қырықбасан а.
11149;11132;474649335;Сарыкөл а.
11150;11132;474649337;Селеулі а.
11151;11132;474649339;Терісбауыр а.
11152;11132;474649341;Ұзынбас а.
11153;11132;474649343;Шаршықора
11154;11132;474649345;Шеткіқора
11155;11132;474649347;Шиелі а.
11156;10933;474651000;Шебір а.о.
11157;11156;474651100;Шебір а.
11158;11157;474651103;Бас а.
11159;11157;474651105;Жапалақ а.
11160;11157;474651107;Кәрі а.
11161;10705;475000000;Мұнайлы ауданы
11162;11161;475030000;Маңғыстау а.о.
11163;11162;475030100;Маңғыстау а.
11164;11161;475032000;Атамекен а.о.
11165;11164;475032100;Атамекен а.
11166;11161;475034000;Басқұдық а.о.
11167;11166;475034100;Басқұдық а.
11168;11161;475036000;Баянды а.о.
11169;11168;475036100;Баянды а.
11170;11169;475036103;Үлкен Әмір а.
11171;11169;475036105;Кіші Әмір а.
11172;11169;475036107;Құйылыс а.
11173;11161;475038000;Дәулет а.о.
11174;11173;475038100;Дәулет а.
11175;11161;475040000;Қызылтөбе а.о.
11176;11175;475040100;Қызылтөбе а.
11177;11175;475040200;Бірлік а.
11178;11161;475042000;Батыр а.о.
11179;11178;475042100;Батыр а.
11180;10705;475200000;Түпқараған ауданы
11181;11180;475220100;Форт-Шевченко ќ.
11182;11180;475233000;Ақшұқыр а.о.
11183;11182;475233100;Ақшұқыр а.
11184;11183;475233103;Аққұдық а.
11185;11183;475233105;Алатөбе а.
11186;11183;475233107;Ащықұдық а.
11187;11183;475233109;Бегей а.
11188;11183;475233111;Бозат а.
11189;11183;475233113;Кезқора
11190;11183;475233115;Көпдерек а.
11191;11183;475233117;Қақпақты а.
11192;11183;475233119;Қосанық а.
11193;11183;475233121;Құсқанбас а.
11194;11183;475233123;Қырыққыз а.
11195;11183;475233125;Нұрмағанбет а.
11196;11183;475233127;рзд.16
11197;11183;475233129;Тазтөбе а.
11198;11183;475233131;Темірше а.
11199;11183;475233133;Іле 3 а.
11200;11180;475235000;Баутино а.о.
11201;11200;475235100;Баутино а.
11202;11180;475237000;Қызылөзен а.о.
11203;11202;475237100;Қызылөзен а.
11204;11203;475237103;Әленсай а.
11205;11203;475237104;Ағаштыбауыр а.
11206;11203;475237105;Ақмолалы а.
11207;11203;475237106;Ақшоқы а.
11208;11203;475237107;Аша а.
11209;11203;475237108;Ащыбас а.
11210;11203;475237109;Айтуар а.
11211;11203;475237111;Бегеш а.
11212;11203;475237112;Бегілғайлы а.
11213;11203;475237113;Жаңалы а.
11214;11203;475237114;Жантық а.
11215;11203;475237115;Жемсенді а.
11216;11203;475237116;Жерсеңгір а.
11217;11203;475237117;Жетіқыз а.
11218;11203;475237118;Жығылған 1 а.
11219;11203;475237119;Жығылған 2 а.
11220;11203;475237121;Кеуекқора а.
11221;11203;475237122;Күнгей а.
11222;11203;475237123;Кіштім а.
11223;11203;475237124;Қанға а.
11224;11203;475237125;Қарақұдық а.
11225;11203;475237126;Қарлыбас а.
11226;11203;475237127;Қорып а.
11227;11203;475237128;Қошанай а.
11228;11203;475237129;Қызылсығыра а.
11229;11203;475237131;Мерет а.
11230;11203;475237132;Мешіттіқора а.
11231;11203;475237133;Мөлдір а.
11232;11203;475237134;Мұрынқора а.
11233;11203;475237135;Ортақора а.
11234;11203;475237136;Сақақұдық а.
11235;11203;475237137;Сарықора а.
11236;11203;475237138;Сарытөрткүл а.
11237;11203;475237141;Саура а.
11238;11203;475237142;Сәубет а.
11239;11203;475237143;Сөрелі а.
11240;11203;475237144;Сұршоқы а.
11241;11203;475237145;Түбіжік а.
11242;11203;475237146;Үдек а.
11243;11203;475237147;Үшжұрт а.
11244;11203;475237148;Ход 1 а.
11245;11203;475237149;Ход 2 а.
11246;11203;475237151;Шалкөсе а.
11247;11203;475237152;Шарқырауық а.
11248;11203;475237153;Шат а.
11249;11203;475237154;Шұқырауыл а.
11250;11180;475238000;Сайын Шапағатов а.о.
11251;11250;475238100;Сайын Шапағатов а.
11252;11180;475239000;Таушық а.о.
11253;11252;475239100;Таушық а.
11254;11253;475239102;Ақсиын 1 а.
11255;11253;475239103;Ақсиын 2 а.
11256;11253;475239104;Аласақ а.
11257;11253;475239105;Жатақүй 1 а.
11258;11253;475239106;Жатақүй 2 а.
11259;11253;475239107;Бесарал а.
11260;11253;475239108;Ботагөз а.
11261;11253;475239109;Жағасарыптөбе 1 а.
11262;11253;475239111;Жағасарыптөбе 2 а.
11263;11253;475239112;Жалғызшағыл 1 а.
11264;11253;475239113;Жалғызшағыл 2 а.
11265;11253;475239114;Желтимес а.
11266;11253;475239115;Жұма а.
11267;11253;475239116;Керегемола а.
11268;11253;475239117;Қоғалтөбе а.
11269;11253;475239118;Қараеспе а.
11270;11253;475239119;Қарашағыр а.
11271;11253;475239121;Қожақ 1 а.
11272;11253;475239122;Қожақ 2 а.
11273;11253;475239123;Қошақ а.
11274;11253;475239124;Құлтай а.
11275;11253;475239125;Құмыралжы а.
11276;11253;475239126;Сорқұдық а.
11277;11253;475239127;Сарытас а.
11278;11253;475239128;Сарытөбе а.
11279;11253;475239129;Төбеқұдық а.
11280;11253;475239131;Түйесу а.
11281;11253;475239132;Тышқанжар а.
11282;11253;475239133;Тышқақ а.
11283;11253;475239134;Ұсақ а.
11284;11253;475239135;Үшауыз а.
11285;11253;475239136;Үшқан а.
11286;11253;475239137;Шиліқұдық а.
11287;0;550000000;Павлодар облысы
11288;11287;551000000;Павлодар Қ.Ә.
11289;11288;551010000;Павлодар қ.
11290;11288;551041000;Павлодар а.ә.
11291;11290;551041100;Павлодарское а.
11292;11288;551043000;Кенжекөл а.о.
11293;11292;551043100;Кенжекөл а.
11294;11292;551043200;Байдала а.
11295;11292;551043300;Долгое а.
11296;11288;551045000;Атамекен к.ә.
11297;11296;551045100;Атамекен к.
11298;11288;551047000;Мойылды а.о.
11299;11298;551047100;Мойылды а.
11300;11299;551047103;Қосшар
11301;11288;551049000;Жетекші а.ә.
11302;11301;551049100;Жетекші а.
11303;11287;551600000;Ақсу Қ.Ә.
11304;11303;551610000;Ақсу қ.
11305;11303;551639000;Қанаш Қамзин а.о.
11306;11305;551639100;Алғабас а.
11307;11305;551639200;Айнакөл а.
11308;11305;551639300;Қарабай а.
11309;11305;551639400;Көктас а.
11310;11305;551639500;Сынтас а.
11311;11305;551639600;Қанаш Қамзин а.
11312;11305;551639700;Қаракөл а.
11313;11305;551639800;Ребровка а.
11314;11303;551643000;Достық а.о.
11315;11314;551643100;Достық а.
11316;11314;551643200;Төртқұдық а.
11317;11314;551643500;Береке а.
11318;11314;551643600;Пограничник а.
11319;11314;551643700;Тасқұдық ст.
11320;11314;551643800;Спутник ст.
11321;11303;551645000;Евгеньевка а.о.
11322;11321;551645100;Евгеньевка а.
11323;11321;551645300;Сольветка а.
11324;11321;551645700;Үштерек а.
11325;11303;551653000;Мамаит Омаров атын. а.о.
11326;11325;551653100;Мамаит Омаров атын.с.
11327;11325;551653200;Дөнентаев а.
11328;11325;551653400;Көктерек а.
11329;11325;551653500;Сырлықала а.
11330;11325;551653600;Құркөл а.
11331;11325;551653700;Еңбек а.
11332;11303;551655000;Қалқаман а.о.
11333;11332;551655100;Қалқаман а.
11334;11332;551655200;Ақжол а.
11335;11303;551659000;Қызылжар а.о.
11336;11335;551659100;Қызылжар а.
11337;11336;551659103;Қызылжар а.
11338;11335;551659200;Борықтал а.
11339;11335;551659300;Жаңашаруа а.
11340;11335;551659400;Сарышығанақ а.
11341;11335;551659500;Суаткөл а.
11342;11287;552200000;Екібастұз Қ.Ә.
11343;11342;552210000;Екібастұз қ.
11344;11342;552233000;Ақкөл а.о.
11345;11344;552233100;Ақкөл а.
11346;11344;552233200;Жақсат а.
11347;11344;552233300;Зеленая Роща а.
11348;11342;552235000;Бәйет а.о.
11349;11348;552235100;Бәйет а.
11350;11348;552235200;Атығай а.
11351;11342;552237000;Екібастұз а.о.
11352;11351;552237100;Төртүй а.
11353;11351;552237200;Ақши а.
11354;11351;552237300;Мыңтамыр а.
11355;11351;552237400;Қаражар а.
11356;11351;552237500;Көксиыр а.
11357;11351;552237600;Тай а.
11358;11342;552239000;Теміржол а.о.
11359;11358;552239100;Құлакөл а.
11360;11358;552239200;Бөлімше 3
11361;11358;552239300;Құдайкөл а.
11362;11358;552239400;Қарасор а.
11363;11342;552241000;Шиқылдақ а.ә.
11364;11363;552241100;Шиқылдақ а.
11365;11342;552243000;Әлкей Марғұлан атын. а.о.
11366;11365;552243100;Әлкей Марғұлан атын.с.
11367;11342;552244000;Қоянды а.о.
11368;11367;552244100;Бесқауға а.
11369;11367;552244200;Қоянды а.
11370;11367;552244500;Құрылысшы а.
11371;11367;552244700;Теміртас а.
11372;11342;552251000;Сарықамыс а.о.
11373;11372;552251100;Сарықамыс а.
11374;11372;552251200;Қуандық а.
11375;11342;552253000;Солнечный к.ә.
11376;11375;552253100;Солнечный к.
11377;11342;552255000;Төрт Құдық а.о.
11378;11377;552255100;Төрт Құдық а.
11379;11377;552255200;а.Бозшакөл
11380;11342;552257000;Шідерті к.ә.
11381;11380;552257100;Шідерті к.
11382;11287;553200000;Ақтоғай ауданы
11383;11382;553230000;Ақтоғай а.о.
11384;11383;553230100;Ақтоғай а.
11385;11383;553230200;Жоламан а.
11386;11383;553230400;Приреченское а.
11387;11383;553230600;Харьковка а.
11388;11383;553230700;Қарабұзау а.
11389;11382;553239000;Жалаулы а.о.
11390;11389;553239100;Жалаулы а.
11391;11389;553239200;Балтасап а.
11392;11389;553239300;Қарасу а.
11393;11389;553239500;Шолақсор а.
11394;11382;553241000;Жолболды а.о.
11395;11394;553241100;Жолболды а.
11396;11394;553241200;Шілікті а.
11397;11394;553241300;Шұға а.
11398;11382;553243000;Қараоба а.о.
11399;11398;553243100;Қараоба а.
11400;11398;553243200;Есентерек а.
11401;11398;553243300;Жаңаауыл а.
11402;11398;553243600;Әуелбек а.
11403;11398;553243700;Өтес а.
11404;11382;553247000;Қожамжар а.о.
11405;11404;553247100;Қожамжар а.
11406;11404;553247200;Жамбыл а.
11407;11404;553247300;Қайран а.
11408;11404;553247400;Қараой а.
11409;11382;553249000;Мүткенов а.о.
11410;11409;553249100;Мүткенов а.
11411;11409;553249200;Әбжан а.
11412;11409;553249300;Жаңатап а.
11413;11409;553249400;Жаңабет а.
11414;11409;553249500;Естай а.
11415;11382;553255000;Ақжол а.о.
11416;11415;553255100;Ақжол а.
11417;11415;553255200;Разумовка а.
11418;11415;553255300;Барлыбай а.
11419;11415;553255400;Басқамыс а.
11420;11415;553255600;Қарақоға а.
11421;11287;553600000;Баянауыл ауданы
11422;11421;553630000;Баянауыл а.о.
11423;11422;553630100;Баянауыл а.
11424;11422;553630400;Шонай а.
11425;11421;553633000;Ақсан а.о.
11426;11425;553633100;Ақсан а.
11427;11425;553633380;Қаражар а.
11428;11425;553633800;Октябрь а.
11429;11428;553633803;Жиенбай а.
11430;11428;553633805;Қараадыр а.
11431;11428;553633807;Қарадің а.
11432;11428;553633809;Қарашоқы а.
11433;11428;553633811;Жапалақ а.
11434;11428;553633813;Қамбаба а.
11435;11428;553633815;Маяжон а.
11436;11428;553633816;Дүрженбай а.
11437;11428;553633817;Жаңабаз а.
11438;11428;553633818;Сарышоқы а.
11439;11428;553633819;Қазғанбай а.
11440;11428;553633821;ферма Азат
11441;11421;553637000;Бірлік а.о.
11442;11441;553637100;Бірлік а.
11443;11442;553637105;ферма Үштөбе
11444;11442;553637107;Қарашоқы а.
11445;11441;553637200;Ақмектеп а.
11446;11445;553637203;ферма Әбен
11447;11445;553637205;ферма Ақбаз
11448;11445;553637207;ферма Аққозы
11449;11445;553637211;ферма Балыќқы
11450;11445;553637213;ферма Жылысай
11451;11445;553637215;ферма Қонқашбай
11452;11445;553637217;ферма Қараадыр
11453;11445;553637221;ферма Қаратас
11454;11445;553637223;ферма Шеңгелді
11455;11445;553637225;ферма Шақшан
11456;11421;553639000;Жаңажол а.о.
11457;11456;553639100;Мәшһүр Жүсіп а.
11458;11457;553639102;Ербай а.
11459;11456;553639200;Бүркітті а.
11460;11459;553639203;ферма Ақши 1
11461;11459;553639205;ферма Ақши 2
11462;11459;553639207;ферма Бақай
11463;11459;553639211;ферма Бөлдей
11464;11459;553639213;ферма Жыланды
11465;11459;553639219;ферма Қамсақты
11466;11456;553639500;Қарашоқы а.
11467;11421;553641000;Жаңатілек а.о.
11468;11467;553641100;Жаңатілек а.
11469;11468;553641103;ферма Әйкен
11470;11468;553641105;ферма Айдос
11471;11468;553641109;ферма Дүкенбай
11472;11468;553641111;ферма Қараүңгір
11473;11468;553641113;ферма Құлақ
11474;11468;553641115;ферма Сақаушеген
11475;11468;553641117;ферма Сарышоқы
11476;11468;553641119;ферма Ырғайлы
11477;11468;553641123;Балтен а.
11478;11468;553641125;ферма Ертісбай
11479;11468;553641127;ферма Жуантөбе
11480;11467;553641500;Мұрынтал а.
11481;11480;553641503;ферма Азатбек
11482;11480;553641505;ферма Айнабұлақ
11483;11480;553641511;ферма Жуантөбе
11484;11480;553641515;ферма Қызыладыр
11485;11480;553641519;ферма Ырғайлы-ІІ
11486;11421;553643000;Қаратомар а.о.
11487;11486;553643100;Қаратомар а.
11488;11487;553643105;Жоғарғы қосшар
11489;11487;553643107;Төменгі қосшар
11490;11487;553643108;ферма Ақсуат
11491;11486;553643200;Белағаш а.
11492;11491;553643203;ферма Байтеке
11493;11491;553643205;ферма Досара
11494;11491;553643207;ферма Елберген
11495;11421;553645000;Құндыкөл а.о.
11496;11495;553645100;Құндыкөл а.
11497;11495;553645300;Біржанкөл а.
11498;11497;553645303;ферма Басшылық
11499;11497;553645311;ферма Орташілік
11500;11497;553645313;ферма Сарықамыс
11501;11495;553645400;Егіндібұлақ а.
11502;11501;553645403;ферма Мұздықұдық
11503;11501;553645407;ферма Шаңрақкемер
11504;11501;553645409;Қарашат а.
11505;11501;553645411;Қызыләскер а.
11506;11501;553645413;Сарыжал а.
11507;11421;553647000;Қүркелі а.о.
11508;11507;553647100;Жұмат Шанин а.
11509;11507;553647300;Шоманкөл а.
11510;11509;553647303;ферма Әбілда
11511;11509;553647307;ферма Ақтасты
11512;11509;553647311;ферма Әтей
11513;11509;553647313;ферма Досжан
11514;11509;553647317;ферма Исқақпек
11515;11509;553647319;ферма Қарақұс 1
11516;11509;553647321;ферма Қарақұс 2
11517;11509;553647323;ферма Қайнар
11518;11509;553647325;ферма Мақан 1
11519;11509;553647329;ферма Омардәрігер
11520;11509;553647331;ферма Темірбек
11521;11509;553647333;ферма Тезекбай
11522;11509;553647335;ферма Сарышоқы
11523;11509;553647337;ферма Үркек
11524;11509;553647339;Жәнібек а.
11525;11509;553647341;Қызылшілік а.
11526;11507;553647700;Қойтас а.
11527;11507;553647800;Жарылғап а.
11528;11421;553649000;Қызылтау а.о.
11529;11528;553649100;Жүсіпбек Аймауытов а.
11530;11529;553649103;ферма Айыртас
11531;11529;553649105;ферма Ақбоз
11532;11529;553649107;ферма Байкөже
11533;11529;553649109;ферма Баубек
11534;11529;553649111;ферма Бірімжан
11535;11529;553649113;ферма Жабыш
11536;11529;553649115;ферма Қабылбек
11537;11529;553649117;ферма Қазырет
11538;11529;553649119;ферма Қалимолла
11539;11529;553649121;ферма Қошқар
11540;11529;553649123;Маш.ауласы
11541;11529;553649125;ферма Манақы
11542;11529;553649127;ферма Мәнтік
11543;11529;553649129;ферма Төлеубай
11544;11529;553649131;ферма Тілесбай
11545;11529;553649133;ферма Шоқпар
11546;11529;553649135;ферма Ақтөбе
11547;11529;553649137;ферма База 19
11548;11529;553649139;ферма Естекбай
11549;11529;553649141;ферма Иса
11550;11529;553649143;ферма Қарашоқы
11551;11529;553649145;ферма Қобдық
11552;11529;553649147;ферма Қызылоктябрь
11553;11529;553649149;ферма Қызылтау
11554;11529;553649151;ферма Мерген
11555;11529;553649153;ферма Рақыш
11556;11528;553649280;Ақши а.
11557;11528;553649500;Лекер а.
11558;11557;553649503;ферма Мәуке
11559;11528;553649980;Үйтас а.
11560;11421;553655000;Майқайың к.ә.
11561;11560;553655100;Майқайың к.
11562;11560;553655200;Майкөбе а.
11563;11560;553655300;Үшқұлын а.
11564;11560;553655500;Служон а.
11565;11560;553655700;Шөптікөл а.
11566;11421;553657000;Сәтбаев а.о.
11567;11566;553657100;Қаныш Сәтбаев а.
11568;11567;553657103;ферма Алабас
11569;11567;553657105;ферма Итжатпас
11570;11567;553657107;ферма Қарағандыөзек
11571;11567;553657109;ферма Керегетас
11572;11567;553657113;ферма Қызылжар
11573;11567;553657119;ферма Топай
11574;11567;553657123;ферма Шоқтал
11575;11566;553657400;Көкдомбақ а.
11576;11575;553657403;ферма Ақтөбе
11577;11575;553657405;ферма Беріктас
11578;11575;553657407;ферма Көксу
11579;11575;553657409;ферма Көкдомбай
11580;11575;553657411;Мысал малшаруашылығының мекені
11581;11566;553657500;Мұса Шорман а.
11582;11581;553657503;ферма Ақкелін
11583;11581;553657509;ферма Қаратұмсық
11584;11581;553657511;ферма Сарықамыс
11585;11581;553657513;ферма Сәтті
11586;11581;553657515;Айрық а.
11587;11581;553657517;Бүркітті а.
11588;11421;553659000;Торайғыров а.о.
11589;11588;553659100;Торайғыров а.
11590;11589;553659103;ферма Ақбаз
11591;11589;553659105;ферма Айдарлы
11592;11589;553659107;ферма Аяқшілік
11593;11589;553659109;ферма Ботайбұлақ
11594;11589;553659111;ферма Есжанбұлақ
11595;11589;553659113;ферма Сарытау
11596;11589;553659119;ферма Шорабай
11597;11588;553659200;Александровка а.
11598;11597;553659203;ферма Аякүл
11599;11597;553659205;ферма Жалғызқайың
11600;11597;553659207;ферма Жүніс
11601;11597;553659209;ферма Қарамола
11602;11597;553659213;ферма Қарасор
11603;11597;553659215;ферма Қараадыр
11604;11597;553659217;ферма Сарыжал
11605;11597;553659219;ферма Төлжан
11606;11597;553659221;ферма Үйрекматай
11607;11588;553659600;Қызылшелек а.
11608;11607;553659603;Жоғарғықызыл а.
11609;11607;553659605;Жарықияқ а.
11610;11607;553659607;Қайнақ а.
11611;11607;553659609;Малдыбұлақ а.
11612;11607;553659611;Сарықамыс а.
11613;11421;553663000;Ұзынбұлак а.о.
11614;11613;553663100;Ұзынбұлақ а.
11615;11614;553663103;Анай фермасы
11616;11614;553663105;ферма Сарытөбе
11617;11614;553663107;Әлке а.
11618;11614;553663109;Амантау а.
11619;11614;553663111;Егінтөбе а.
11620;11614;553663113;Бөлімше 2
11621;11614;553663115;Бөлімше 4
11622;11614;553663117;Қарабұлақ а.
11623;11614;553663119;ферма Тасбұлақ
11624;11614;553663121;ферма Туатай
11625;11613;553663600;Ақши а.
11626;11625;553663603;ферма Қарашоқы
11627;11625;553663607;ферма Тасқұдық
11628;11287;554200000;Железин ауданы
11629;11628;554230000;Железин а.о.
11630;11629;554230100;Железинка а.
11631;11629;554230200;Захаровка а.
11632;11629;554230300;Аққайың а.
11633;11629;554230400;Моисеевка а.
11634;11629;554230500;Пятирыжск а.
11635;11628;554233000;Ақтау а.о.
11636;11635;554233100;Ақтау а.
11637;11635;554233300;Жолтаптық а.
11638;11628;554235000;Алакөл а.о.
11639;11638;554235100;Алакөл а.
11640;11628;554237000;Башмачное а.о.
11641;11640;554237100;Башмачное а.
11642;11640;554237200;Абай а.
11643;11640;554237300;Береговое а.
11644;11640;554237500;Кузьмино а.
11645;11628;554241000;Веселая Роща а.о.
11646;11645;554241100;Веселая Роща а.
11647;11645;554241200;Дүйсеке а.
11648;11645;554241300;Жаңабірлік а.
11649;11645;554241400;Славяновка а.
11650;11628;554243000;Еңбекші а.о.
11651;11650;554243100;Еңбекші а.
11652;11650;554243300;Уәлиханов а.
11653;11628;554247000;Қазақстан а.о.
11654;11653;554247100;Жаңа жұлдыз а.
11655;11653;554247200;Есқара а.
11656;11653;554247300;Екішок а.
11657;11628;554249000;Лесной а.о.
11658;11657;554249100;Лесное а.
11659;11657;554249200;Крупское а.
11660;11657;554249400;Раздельное а.
11661;11628;554253000;Михайлов а.о.
11662;11661;554253100;Михайловка а.
11663;11661;554253300;Красновка а.
11664;11661;554253400;Мыңкөл а.
11665;11661;554253500;Петропавловка а.
11666;11628;554255000;Новый Мир а.о.
11667;11666;554255100;Церковное а.
11668;11628;554257000;Майлы а.о.
11669;11668;554257100;Майлы а.
11670;11628;554259000;Прииртыш а.о.
11671;11670;554259100;Прииртыш а.
11672;11670;554259500;Ұрылытүп а.
11673;11287;554600000;Ертіс ауданы
11674;11673;554630000;Ертіс а.о.
11675;11674;554630100;Ертіс а.
11676;11673;554633000;Абай а.о.
11677;11676;554633100;Голубовка а.
11678;11673;554635000;Ағашорын а.о.
11679;11678;554635100;Ағашорын а.
11680;11679;554635103;Бескепе а.
11681;11678;554635300;Ұзынсу а.
11682;11673;554637000;Амангелді а.о.
11683;11682;554637100;Ленино а.
11684;11682;554637200;Амангелді а.
11685;11673;554639000;Иса Байзақов а.о.
11686;11685;554639100;Иса Байзақов а.
11687;11686;554639107;Шұбарат а.
11688;11686;554639109;Қостомар а.
11689;11685;554639400;Үлгілі а.
11690;11685;554639500;Луговое а.
11691;11673;554645000;Қарақұдық а.о.
11692;11691;554645100;Қарақұдық а.
11693;11691;554645200;Кеңес а.
11694;11691;554645300;Қараөткел а.
11695;11691;554645500;Ынтымақ а.
11696;11673;554649000;Қоскөл а.о.
11697;11696;554649100;Қоскөл а.
11698;11696;554649400;Қызылқақ а.
11699;11673;554651000;Қызылжар а.о.
11700;11699;554651100;Қызылжар а.
11701;11699;554651300;Тоғызақ а.
11702;11673;554659000;Майқоңыр а.ә.
11703;11702;554659100;Майқоңыр а.
11704;11673;554663000;Панфилов а.о.
11705;11704;554663100;Панфилов а.
11706;11704;554663400;Қосағаш а.
11707;11704;554663500;Тоқта а.
11708;11673;554665000;Северный а.о.
11709;11708;554665100;Северное а.
11710;11708;554665300;Қараағаш а.
11711;11708;554665400;Степное а.
11712;11673;554667000;Сілеті а.о.
11713;11712;554667100;Сілеті а.
11714;11712;554667200;Бұланбай а.
11715;11712;554667300;Қызылағаш а.
11716;11287;554800000;Тереңкөл ауданы
11717;11716;554830000;Тереңкөл а.о.
11718;11717;554830100;Тереңкөл а.
11719;11717;554830200;Ынталы а.
11720;11717;554830700;Юбилейное а.
11721;11716;554833000;Байқоныс а.о.
11722;11721;554833100;Байқоныс а.
11723;11721;554833200;Қызылтаң а.
11724;11721;554833300;Тілеубай а.
11725;11716;554835000;Береговой а.о.
11726;11725;554835100;Береговое а.
11727;11725;554835200;Зеленая Роща а.
11728;11725;554835400;Осьмерыжск а.
11729;11716;554839000;Жаңабет а.о.
11730;11729;554839100;Жаңабет а.
11731;11730;554839102;Боброво а.
11732;11729;554839300;Жасқайрат а.
11733;11716;554843000;Алтай а.о.
11734;11733;554843100;Алтай а.
11735;11734;554843103;Тимофеевка а.
11736;11733;554843700;Фрументьевка а.
11737;11716;554845000;Әулиеағаш а.о.
11738;11737;554845100;Әулиеағаш а.
11739;11737;554845200;Аққайың а.
11740;11716;554847000;Жаңақұрлыс а.о.
11741;11740;554847100;Қоржынкөл а.
11742;11740;554847200;Жаңақұрылыс а.
11743;11740;554847400;Покровка а.
11744;11740;554847500;Тегістік а.
11745;11716;554849000;Иванов а.о.
11746;11745;554849100;Ивановка а.
11747;11716;554853000;Калинов а.о.
11748;11747;554853100;Калиновка а.
11749;11747;554853300;Қызылдау а.
11750;11716;554859000;Октябрь а.о.
11751;11750;554859100;Октябрьское а.
11752;11750;554859500;Первомайское а.
11753;11716;554863000;Песчан а.о.
11754;11753;554863100;Песчаное а.
11755;11754;554863109;Песчанский а.
11756;11753;554863300;Қарасуық а.
11757;11716;554865000;Томарлы а.о.
11758;11757;554865100;Томарлы а.
11759;11757;554865200;Воронцовка а.
11760;11287;555200000;Аққулы ауданы
11761;11760;555230000;Аққулы а.о.
11762;11761;555230100;Аққулы а.
11763;11760;555235000;Баймолдин а.о.
11764;11763;555235100;Әбілқайыр Баймолдин атын.с.
11765;11763;555235200;Тақыр а.
11766;11760;555239000;Жамбыл а.о.
11767;11766;555239100;Жамбыл а.
11768;11766;555239200;Жаңатаң а.
11769;11766;555239300;Айтей а.
11770;11760;555245000;Қызылағаш а.о.
11771;11770;555245100;Бесқарағай а.
11772;11760;555247000;Қарақала а.о.
11773;11772;555247100;Қарақала а.
11774;11772;555247300;Шәмші а.
11775;11772;555247400;Шабар а.
11776;11760;555253000;Майқарағай а.о.
11777;11776;555253100;Майқарағай а.
11778;11776;555253400;Мерғалым а.
11779;11760;555255000;Малыбай а.о.
11780;11779;555255100;Малыбай а.
11781;11779;555255200;Қазантай а.
11782;11779;555255300;Қазы а.
11783;11760;555257000;Шекі а.о.
11784;11783;555257100;Шаға а.
11785;11783;555257500;Шоқтал а.
11786;11760;555259000;Шарбақты а.о.
11787;11786;555259100;Шарбақты а.
11788;11787;555259180;Жабағылы а.
11789;11786;555259200;Төсағаш а.
11790;11760;555263000;Ямышевка а.о.
11791;11790;555263100;Ямышево а.
11792;11790;555263300;Қызылқоғам а.
11793;11790;555263400;Тілектес а.
11794;11287;555600000;Май ауданы
11795;11794;555630000;Көктүбек а.о.
11796;11795;555630100;Көктөбе а.
11797;11795;555630200;Белогорский НЌП
11798;11797;555630203;Бестау а.
11799;11794;555633000;Ақжар а.о.
11800;11799;555633100;Үлкен Ақжар а.
11801;11794;555635000;Ақшиман а.о.
11802;11801;555635100;Жаңа Ақшиман а.
11803;11794;555637000;Баскөл а.о.
11804;11803;555637100;Баскөл а.
11805;11804;555637107;Қызтамы а.
11806;11803;555637200;Бозша а.
11807;11803;555637300;Жаңатілек а.
11808;11794;555639000;Кеңтүбек а.о.
11809;11808;555639100;Кеңтүбе а.
11810;11808;555639200;ферма 1
11811;11808;555639400;ферма 3
11812;11794;555643000;Қазан а.о.
11813;11812;555643100;Жұмыскер а.
11814;11813;555643104;Тасбике а.
11815;11812;555643300;Қызылеңбек а.
11816;11815;555643303;Аршалы а.
11817;11794;555645000;Қаратерек а.о.
11818;11817;555645100;Қаратерек а.
11819;11818;555645106;Бұлақ а.
11820;11818;555645107;Жарқын а.
11821;11818;555645108;Жаңажарқын а.
11822;11818;555645109;Жаңаүнжі а.
11823;11818;555645111;Қарабүдір а.
11824;11818;555645112;Қызылтөбе а.
11825;11818;555645113;Сарытайқора а.
11826;11818;555645114;Сұңқар а.
11827;11818;555645115;Тақыл а.
11828;11818;555645116;Төртқұдық а.
11829;11818;555645117;Үнжі а.
11830;11818;555645118;Шыңырау а.
11831;11817;555645200;Хасен Сейтқазин а.
11832;11831;555645205;Балта а.
11833;11794;555647000;Май а.о.
11834;11833;555647100;Майское а.
11835;11833;555647200;Еңбекші а.
11836;11794;555649000;Майтүбек а.о.
11837;11836;555649100;Майтүбек а.
11838;11794;555651000;Малайсары а.о.
11839;11838;555651100;Малайсары а.
11840;11838;555651200;ферма 1
11841;11838;555651300;ферма 2
11842;11794;555653000;Саты а.о.
11843;11842;555653100;Саты а.
11844;11842;555653300;Абай а.
11845;11287;556000000;Павлодар ауданы
11846;11845;556035000;Григорьев а.о.
11847;11846;556035100;Набережное а.
11848;11846;556035200;Жаңа қала а.
11849;11845;556037000;Ефремов а.ә.
11850;11849;556037100;Ефремовка а.
11851;11845;556043000;Заңғар а.о.
11852;11851;556043100;Заңғар а.
11853;11851;556043400;Коряковка а.
11854;11845;556045000;Заря а.о.
11855;11854;556045100;Заря а.
11856;11854;556045200;Бірлік а.
11857;11854;556045300;Жертұмсық а.
11858;11854;556045400;Подстепное а.
11859;11845;556047000;Кеңес а.о.
11860;11859;556047100;Новоямышево а.
11861;11859;556047200;Әйтім ауылы а.
11862;11859;556047300;Қаратоғай а.
11863;11845;556049000;Кемеңгер а.о.
11864;11863;556049100;Кемеңгер а.
11865;11863;556049300;Красноармейка ст.
11866;11863;556049400;Шаңды а.
11867;11845;556053000;Луганский а.о.
11868;11867;556053100;Луганск а.
11869;11867;556053200;Богдановка а.
11870;11867;556053300;Аққұдық а.
11871;11845;556055000;Мичурино а.о.
11872;11871;556055100;Мичурино а.
11873;11871;556055200;Госплемстанция а.
11874;11873;556055203;Энергетик демалыс үйі
11875;11871;556055300;Үміт апа а.
11876;11845;556057000;Ольгинка а.о.
11877;11876;556057100;Ольгинка а.
11878;11845;556059000;Рождествен а.о.
11879;11878;556059100;Розовка а.
11880;11878;556059200;Рождественка а.
11881;11845;556065000;Чернорецк а.о.
11882;11881;556065100;Чернорецк а.
11883;11881;556065200;Достық а.
11884;11881;556065300;Қаракөл а.
11885;11881;556065600;Пресное а.
11886;11845;556067000;Чернояр а.о.
11887;11886;556067100;Новочерноярка а.
11888;11886;556067200;Сычевка а.
11889;11886;556067300;Черноярка а.
11890;11889;556067305;Черноярская жемчужина демалыс
11891;11889;556067307;Золотая Нива демалыс үйі
11892;11845;556069000;Шақат а.о.
11893;11892;556069100;Шақат а.
11894;11892;556069200;Заозерное а.
11895;11892;556069300;Көктөбе а.
11896;11892;556069400;Толыбай а.
11897;11892;556069500;Маралды а.
11898;11287;556400000;Успен ауданы
11899;11898;556430000;Успен а.о.
11900;11899;556430100;Успен а.
11901;11899;556430300;Белоусов а.
11902;11899;556430400;Травян а.
11903;11898;556435000;Қозыкеткен а.о.
11904;11903;556435100;Қозыкеткен а.
11905;11903;556435200;Ковалев а.
11906;11898;556443000;Лозов а.о.
11907;11906;556443100;Лозовое а.
11908;11906;556443300;Богатырь а.
11909;11906;556443400;Қаратай а.
11910;11898;556447000;Новопокровка а.о.
11911;11910;556447100;Галицкое а.
11912;11910;556447300;Новопокровка а.
11913;11898;556449000;Ольгин а.о.
11914;11913;556449100;Қызылағаш а.
11915;11913;556449300;Тимирязев а.
11916;11913;556449400;Ольхов а.
11917;11898;556453000;Қоңырөзек а.о.
11918;11917;556453100;Қоңырөзек а.
11919;11917;556453200;Дмитриевка а.
11920;11917;556453300;Вознесен а.
11921;11917;556453400;Надаров а.
11922;11898;556455000;Равнополь а.о.
11923;11922;556455100;Константиновка а.
11924;11922;556455200;Равнополь а.
11925;11922;556455300;Таволжан а.
11926;11287;556800000;Шарбақты ауданы
11927;11926;556830000;Шарбақты а.о.
11928;11927;556830100;Шарбақты а.
11929;11927;556830200;Сынтас а.
11930;11927;556830300;Богодаровка а.
11931;11927;556830400;Малиновка а.
11932;11927;556830500;Татьяновка а.
11933;11927;556830600;Назаровка а.
11934;11926;556833000;Александров а.о.
11935;11934;556833100;Александровка а.
11936;11934;556833200;Жаңаауыл а.
11937;11934;556833300;Алексеевка а.
11938;11934;556833400;Құрқамыс ст.
11939;11926;556837000;Галкино а.о.
11940;11939;556837100;Галкино а.
11941;11939;556837200;Арбаиген а.
11942;11939;556837300;Ботабас а.
11943;11939;556837600;Чигириновка а.
11944;11926;556839000;Жылы-Бұлақ а.о.
11945;11944;556839100;Хмельницкое а.
11946;11944;556839200;Көлбұлақ а.
11947;11944;556839400;Сахновка а.
11948;11944;556839500;Жылыбұлақ а.
11949;11944;556839600;Маралды ст.
11950;11926;556853000;Орлов а.о.
11951;11950;556853100;Орловка а.
11952;11926;556857000;Соснов а.о.
11953;11952;556857100;Сосновка а.
11954;11952;556857400;Заборовка а.
11955;11952;556857500;Красиловка а.
11956;11926;556867000;Шалдай а.о.
11957;11956;556867100;Шалдай а.
11958;11956;556867300;Садықащы а.
11959;11956;556867500;Есілбай а.
11960;11956;556867700;Шошқалы а.
11961;0;590000000;Солтүстік Қазақстан облысы
11962;11961;591000000;Петропавл Қ.Ә.
11963;11962;591010000;Петропавл қ.
11964;11961;593200000;Айыртау ауданы
11965;11964;593230000;Володарский а.о.
11966;11965;593230100;Саумалкөл а.
11967;11965;593230200;Новоукраинка а.
11968;11965;593230300;Айыртау а.
11969;11965;593230400;Баянтай а.
11970;11965;593230500;Галицино а.
11971;11965;593230700;Красногорка а.
11972;11965;593230900;Орловка а.
11973;11964;593233000;Антонов а.о.
11974;11973;593233100;Антоновка а.
11975;11973;593233200;Ақан сері а.
11976;11973;593233400;Жұмысшы а.
11977;11976;593233480;Заря а.
11978;11973;593233580;Комаровка а.
11979;11973;593233680;Лавровка а.
11980;11973;593233900;Уголки ст.
11981;11964;593235000;Арықбалық а.о.
11982;11981;593235100;Арықбалық а.
11983;11981;593235200;Горное а.
11984;11981;593235300;Ағынтай батыр а.
11985;11981;593235400;Қарасай батыр а.
11986;11981;593235500;Баян а.
11987;11981;593235600;Целинное а.
11988;11964;593239000;Гусаков а.о.
11989;11988;593239100;Гусаковка а.
11990;11988;593239200;Береславка а.
11991;11988;593239300;Карсаковка а.
11992;11988;593239800;Новосветловка а.
11993;11964;593240000;Елецкое а.о.
11994;11993;593240100;Елецкое а.
11995;11993;593240300;Айыртау а.
11996;11993;593240500;Колесниковка а.
11997;11993;593240800;Междуозерное а.
11998;11964;593242000;Константиновка а.о.
11999;11998;593242100;Константиновка а.
12000;11998;593242200;Ақанбұрлық а.
12001;11998;593242300;Ақшоқы а.
12002;11998;593242500;Красново а.
12003;11998;593242600;Құспек а.
12004;11998;593242700;Матвеевка а.
12005;11964;593243000;Имантау а.о.
12006;12005;593243100;Имантау а.
12007;12005;593243300;Жоғарғы Бұрлық а.
12008;11964;593244000;Қамсақты а.о.
12009;12008;593244100;Қамсақты а.
12010;12008;593244300;Бірлестік а.
12011;12008;593244400;Құмтөккен а.
12012;12008;593244500;Үкілі Ыбырай а.
12013;12008;593244600;Орлиногорское а.
12014;12008;593244700;Светлое а.
12015;11964;593245000;Қазан а.о.
12016;12015;593245100;Қазан а.
12017;12015;593245200;Аксеновка а.
12018;12015;593245300;Бұрлық а.
12019;12015;593245400;Всеволодовка а.
12020;12015;593245680;Никольско-Бурлукское а.
12021;12015;593245700;Никольское а.
12022;12021;593245780;Прекрасное а.
12023;11964;593246000;Қаратал а.о.
12024;12023;593246100;Қаратал а.
12025;12023;593246200;Ботай а.
12026;12023;593246300;Высокое а.
12027;12023;593246500;Қоскөл а.
12028;12023;593246800;Шүкірлік а.
12029;11964;593247000;Нижнеборлық а.о.
12030;12029;593247100;Нижний Бурлук а.
12031;12029;593247500;Жақсы Жалғызтау а.
12032;11964;593248000;Лобаново а.о.
12033;12032;593248100;Лобаново а.
12034;12032;593248200;Әлжан а.
12035;12032;593248400;Заря а.
12036;12032;593248700;Шалқар а.
12037;11964;593249000;Сырымбет а.о.
12038;12037;593249100;Сырымбет а.
12039;12037;593249200;Дәуқара а.
12040;12037;593249300;Егіндіағаш а.
12041;12037;593249480;Қарақамыс а.
12042;12037;593249500;Сарыбұлақ а.
12043;12037;593249600;Сұлукөл а.
12044;12043;593249680;Шолақөзек а.
12045;12037;593249700;Шоққарағай а.
12046;11964;593251000;Украин а.о.
12047;12046;593251100;Кирилловка а.
12048;12046;593251200;Бұрлық а.
12049;12046;593251300;Каменный Брод а.
12050;12046;593251400;Карловка а.
12051;12046;593251500;Кутузовка а.
12052;12046;593251600;Петропавловка а.
12053;12046;593251700;Сарысай а.
12054;12046;593251800;Сарытүбек а.
12055;11961;593400000;Ақжар ауданы
12056;12055;593430000;Талшық а.о.
12057;12056;593430100;Талшық а.
12058;12056;593430200;Қазан а.
12059;12056;593430500;Тұғыржап а.
12060;12056;593430600;Үлгілі а.
12061;12055;593432000;Айсары а.о.
12062;12061;593432100;Айсары а.
12063;12055;593433000;Алқатерек а.о.
12064;12063;593433100;Алқатерек а.
12065;12055;593435000;Восход а.о.
12066;12065;593435100;Восходское а.
12067;12065;593435200;Ақсай а.
12068;12055;593436000;Кеңашы а.о.
12069;12068;593436100;Кеңащы а.
12070;12068;593436200;Байтөс а.
12071;12055;593437000;Кішіқараой а.о.
12072;12071;593437100;Бостандық а.
12073;12071;593437300;Кіші Қараой а.
12074;12055;593438000;Қулыкөл а.о.
12075;12074;593438100;Қулыкөл а.
12076;12074;593438300;Қарашіліқ а.
12077;12055;593439000;Ленинград а.о.
12078;12077;593439100;Ленинградское а.
12079;12077;593439200;Дәуіт а.
12080;12077;593439300;Қызылту а.
12081;12055;593441000;Майское а.о.
12082;12081;593441100;Майское а.
12083;12055;593443000;Үлкен Қараой а.о.
12084;12083;593443100;Баймырза а.
12085;12083;593443200;Горьковское а.
12086;12055;593445000;Ақжарқын а.о.
12087;12086;593445100;Ақжарқын а.
12088;12086;593445200;Ащыкөл а.
12089;12055;593449000;Ұялы а.о.
12090;12089;593449100;Ұялы а.
12091;12089;593449800;Ақсары а.
12092;11961;593600000;Мағжан Жұмабаев ауданы
12093;12092;593620000;Булаев қ.ә.
12094;12093;593620100;Булаев қ.
12095;12093;593620200;Медвежка а.
12096;12092;593633000;Авангард а.о.
12097;12096;593633100;Полтавка а.
12098;12096;593633200;Достық а.
12099;12096;593633400;Рощино а.
12100;12092;593637000;Бастомар а.о.
12101;12100;593637100;Бастомар а.
12102;12100;593637300;Писаревка а.
12103;12100;593637400;Веселовка а.
12104;12092;593639000;Возвышен а.о.
12105;12104;593639100;Возвышенка а.
12106;12104;593639300;Малая Возвышенка а.
12107;12104;593639400;Александровка а.
12108;12092;593647000;Конюхов а.о.
12109;12108;593647100;Конюхово а.
12110;12108;593647400;Куломзино а.
12111;12092;593651000;Қарақоға а.о.
12112;12111;593651100;Қарақоға а.
12113;12111;593651400;Образец а.
12114;12111;593651500;Чистое а.
12115;12092;593653000;Лебяжье а.о.
12116;12115;593653100;Лебяжье а.
12117;12115;593653300;Құралай а.
12118;12092;593657000;Мағжан а.о.
12119;12118;593657100;Жастар а.
12120;12118;593657200;Сарытомар а.
12121;12092;593659000;Молодая Гвардия а.о.
12122;12121;593659100;Молодогвардейское а.
12123;12121;593659200;Золотая Нива а.
12124;12092;593663000;Ноғайбай би а.о.
12125;12124;593663100;Надежка а.
12126;12124;593663200;Бинаш а.
12127;12124;593663300;Дүйсеке а.
12128;12124;593663400;Еремеевка а.
12129;12124;593663500;Ноғайбай а.
12130;12124;593663600;Қарағанды а.
12131;12092;593665000;Аққайың а.о.
12132;12131;593665100;Октябрьское а.
12133;12131;593665300;Суворовка а.
12134;12131;593665400;Хлебороб а.
12135;12131;593665500;Гаврино а.
12136;12131;593665600;Зарослое а.
12137;12092;593669000;Полудин а.о.
12138;12137;593669100;Полудино а.
12139;12137;593669200;Ганькино а.
12140;12137;593669300;Ганькино ст.
12141;12092;593673000;Алтын дән а.о.
12142;12141;593673100;Советское а.
12143;12141;593673200;Придорожное а.
12144;12092;593675000;Таманов а.о.
12145;12144;593675100;Таман а.
12146;12144;593675200;Пулеметовка а.
12147;12144;593675300;Майбалық а.
12148;12092;593677000;Успен а.о.
12149;12148;593677100;Успенка а.
12150;12148;593677200;Қоскөл а.
12151;12148;593677400;Сулышоқ а.
12152;12148;593677500;Уваковское а.
12153;12092;593679000;Ұзынкөл а.о.
12154;12153;593679100;Ұзынкөл а.
12155;12153;593679200;Қоскөл а.
12156;12153;593679300;Шаңдақ а.
12157;12092;593683000;Бәйтерек а.о.
12158;12157;593683100;Бәйтерек а.
12159;12157;593683200;Новотроицкое а.
12160;12157;593683300;Береке а.
12161;12157;593683400;Рявкино а.
12162;12092;593685000;Чистов а.о.
12163;12162;593685100;Чистовское а.
12164;12162;593685200;Тищенко а.
12165;12162;593685300;Украинка а.
12166;12162;593685400;Урожайное а.
12167;12162;593685500;Пролетарка а.
12168;11961;594200000;Есіл ауданы
12169;12168;594230000;Явленка а.о.
12170;12169;594230100;Явленка а.
12171;12168;594233000;Алматы а.о.
12172;12171;594233100;Өрнек а.
12173;12171;594233200;Жарқайың а.
12174;12171;594233300;Мектеп а.
12175;12168;594235000;Амангелді а.о.
12176;12175;594235100;Амангелді а.
12177;12175;594235300;Поляковка а.
12178;12175;594235400;Талапкер а.
12179;12168;594237000;Бесқұдық а.о.
12180;12179;594237100;Бесқұдық а.
12181;12179;594237200;Алабие а.
12182;12179;594237400;Черуновка а.
12183;12168;594239000;Бұлақ а.о.
12184;12183;594239100;Бұлақ а.
12185;12183;594239200;Ақтас а.
12186;12183;594239300;Қарағай а.
12187;12168;594241000;Волошин а.о.
12188;12187;594241100;Волошинка а.
12189;12187;594241200;Ивано-Петровка а.
12190;12187;594241300;Лузинка а.
12191;12168;594243000;Заградов а.о.
12192;12191;594243100;Заградовка а.
12193;12191;594243200;Горное а.
12194;12191;594243300;Жамбыл а.
12195;12191;594243600;Тонкошуровка а.
12196;12168;594245000;Заречный а.о.
12197;12196;594245100;Чириковка а.
12198;12196;594245500;Қараағаш а.
12199;12196;594245600;Луговое а.
12200;12168;594247000;Ильин а.о.
12201;12200;594247100;Ильинка а.
12202;12200;594247200;Амангелді а.
12203;12200;594247300;Александровка а.
12204;12168;594249000;Корнеев а.о.
12205;12204;594249100;Корнеевка а.
12206;12204;594249200;Леонидовка а.
12207;12204;594249400;Советское а.
12208;12168;594251000;Николаев а.о.
12209;12208;594251100;Николаевка а.
12210;12208;594251200;Қаратал а.
12211;12168;594253000;Петров а.о.
12212;12211;594253100;Петровка а.
12213;12211;594253200;Бірлік а.
12214;12211;594253400;Мәдениет а.
12215;12168;594255000;Покров а.о.
12216;12215;594255100;Покровка а.
12217;12215;594255200;Еңбек а.
12218;12215;594255300;Есіл а.
12219;12215;594255400;Мальцево а.
12220;12168;594256000;Спасовка а.о.
12221;12220;594256100;Спасовка а.
12222;12220;594256300;Сарыман а.
12223;12220;594256500;Тауағаш а.
12224;12168;594257000;Торанғұл а.о.
12225;12224;594257100;Торанғұл а.
12226;12224;594257200;Двинск а.
12227;12168;594261000;Яснов а.о.
12228;12227;594261100;Ясновка а.
12229;12227;594261300;Стрельниковка а.
12230;11961;594600000;Жамбыл ауданы
12231;12230;594630000;Преснов а.о.
12232;12231;594630100;Пресновка а.
12233;12231;594630300;Железное а.
12234;12230;594633000;Архангель а.о
12235;12234;594633100;Архангелка а.
12236;12234;594633200;Айтуар а.
12237;12234;594633400;Үлгі а.
12238;12234;594633500;Баян а.
12239;12234;594633600;Баймағанбет Ізтөлин а.
12240;12230;594637000;Благовещенка а.о
12241;12240;594637100;Благовещенка а.
12242;12240;594637300;Майбалық а.
12243;12230;594639000;Жамбыл а.о.
12244;12243;594639100;Жамбыл а.
12245;12243;594639300;Есперлі а.
12246;12243;594639400;Қараағаш а.
12247;12230;594643000;Кладбин а.о.
12248;12247;594643100;Кладбинка а.
12249;12247;594643200;Сеңжар а.
12250;12247;594643300;Симаки а.
12251;12247;594643500;Миролюбово а.
12252;12247;594643600;Новорыбинка а.
12253;12230;594645000;Қазан а.о.
12254;12253;594645100;Қазан а.
12255;12253;594645200;Екатериновка а.
12256;12253;594645400;Светлое а.
12257;12230;594647000;Қайранкөл а.о.
12258;12257;594647100;Қайранкөл а.
12259;12257;594647200;Новое а.
12260;12257;594647300;Украинское а.
12261;12230;594649000;Майбалық а.о.
12262;12261;594649100;Святодуховка а.
12263;12261;594649200;Жаңажол а.
12264;12261;594649500;Ольговка а.
12265;12261;594649600;Сәбит а.
12266;12230;594651000;Мирный а.о.
12267;12266;594651100;Мирное а.
12268;12266;594651200;Айымжан а.
12269;12266;594651300;Ұзынкөл а.
12270;12266;594651400;Петровка а.
12271;12230;594655000;Озерный а.о.
12272;12271;594655100;Озерное а.
12273;12271;594655300;Бауман а.
12274;12271;594655400;Қарақамыс а.
12275;12230;594657000;Первомай а.о.
12276;12275;594657100;Буденное а.
12277;12275;594657200;Калиновка а.
12278;12275;594657300;Қабан а.
12279;12275;594657400;Чапаевка а.
12280;12230;594661000;Пресноредуть а.о.
12281;12280;594661100;Пресноредуть а.
12282;12280;594661200;Нұрымбет а.
12283;12280;594661300;Макарьевка а.
12284;12230;594663000;Троицк а.о.
12285;12284;594663100;Троицкое а.
12286;11961;595000000;Қызылжар ауданы
12287;12286;595030000;Бескөл а.о.
12288;12287;595030100;Бескөл а.
12289;12286;595033000;Архангель а.о.
12290;12289;595033100;Архангельское а.
12291;12289;595033200;Новокаменка а.
12292;12286;595035000;Асанов а.о.
12293;12292;595035100;Асанов а.
12294;12292;595035300;Михайловка а.
12295;12292;595035400;Малое Белое а.
12296;12292;595035500;Плоское а.
12297;12292;595035600;Толмачевка а.
12298;12286;595037000;Березов а.о.
12299;12298;595037100;Большая Малышка а.
12300;12298;595037200;Барневка а.
12301;12298;595037400;Гончаровка а.
12302;12298;595037600;Ташкент а.
12303;12298;595037700;Долматово а.
12304;12286;595041000;Бугров а.о.
12305;12304;595041100;Бугровое а.
12306;12304;595041500;Новогеоргиевка а.
12307;12304;595041600;Сосновка а.
12308;12286;595043000;Вагулин а.о.
12309;12308;595043100;Вагулино а.
12310;12308;595043300;Желяково а.
12311;12308;595043400;Красноярка а.
12312;12308;595043500;Кустовое а.
12313;12308;595043600;Красный Яр а.
12314;12286;595045000;Виноградов а.о.
12315;12314;595045100;Виноградовка а.
12316;12314;595045400;Сумное а.
12317;12286;595049000;Куйбышев а.о.
12318;12317;595049100;Боголюбово а.
12319;12317;595049200;Вознесенка а.
12320;12317;595049300;Надежка а.
12321;12286;595050000;Қызылжар а.о.
12322;12321;595050100;Бәйтерек а.
12323;12321;595050300;Қарлыға а.
12324;12321;595050400;Приишимка а.
12325;12321;595050500;Подгорное а.
12326;12321;595050600;Трудовая Нива а.
12327;12321;595050800;Чапаево а.
12328;12286;595051000;Лесной а.о.
12329;12328;595051100;Пресновка а.
12330;12328;595051200;Глубокое а.
12331;12286;595053000;Налобин а.о.
12332;12331;595053100;Налобино а.
12333;12331;595053200;Дубровное а.
12334;12331;595053400;Николаевка а.
12335;12331;595053500;Гайдуково а.
12336;12286;595055000;Новоникольский а.о.
12337;12336;595055100;Новоникольское а.
12338;12336;595055200;Новоалександровка а.
12339;12336;595055300;Трудовое а.
12340;12286;595057000;Петерфельд а.о.
12341;12340;595057100;Петерфельд а.
12342;12340;595057200;Боровское а.
12343;12340;595057300;Затон а.
12344;12340;595057400;Измайловка а.
12345;12340;595057500;Кондратовка а.
12346;12340;595057600;Кривоозерка а.
12347;12340;595057700;Аялдау стансасы 2603 км
12348;12286;595059000;Прибрежный а.о.
12349;12348;595059100;Прибрежное а.
12350;12348;595059200;Тепличное а.
12351;12348;595059300;Шаховское а.
12352;12286;595063000;Рассвет а.о.
12353;12352;595063100;Рассвет а.
12354;12352;595063200;Водопроводное а.
12355;12352;595063300;Красная Горка а.
12356;12352;595063400;Семипалатное а.
12357;12286;595064000;Роща а.о.
12358;12357;595064100;Пеньково а.
12359;12357;595064300;Белое а.
12360;12357;595064400;Березовка а.
12361;12286;595065000;Светлополь а.о.
12362;12361;595065100;Знаменское а.
12363;12361;595065200;Байсал а.
12364;12361;595065400;Метлишино а.
12365;12361;595065500;Новоникольское а.
12366;12286;595067000;Соколов а.о.
12367;12366;595067100;Соколовка а.
12368;12286;595069000;Якорь а.о.
12369;12368;595069100;Якорь а.
12370;12368;595069200;Вишневка а.
12371;12368;595069300;Вознесенка а.
12372;12368;595069400;Ольшанка а.
12373;11961;595200000;Мамлют ауданы
12374;12373;595220000;Мамлют қ.ә.
12375;12374;595220100;Мамлют қ.
12376;12373;595231000;Андреев а.о.
12377;12376;595231100;Андреевка а.
12378;12376;595231200;Бостандық а.
12379;12376;595231300;Владимировка а.
12380;12373;595233000;Белое а.о.
12381;12380;595233100;Белое а.
12382;12380;595233200;Коваль а.
12383;12380;595233600;Чистое а.
12384;12380;595233700;Шучье а.
12385;12373;595235000;Воскресеновка а.о.
12386;12385;595235100;Воскресеновка а.
12387;12385;595235200;Искра а.
12388;12385;595235400;Становое а.
12389;12373;595237000;Дубровка а.о.
12390;12389;595237100;Дубровное а.
12391;12389;595237200;Михайловка а.
12392;12389;595237300;Новодубровное а.
12393;12389;595237400;Пчелино а.
12394;12373;595239000;Краснознамен а.о.
12395;12394;595239100;Краснознаменное а.
12396;12394;595239200;Беловка а.
12397;12394;595239300;Калугино а.
12398;12373;595241000;Қызыләскер а.о.
12399;12398;595241100;Қызыләскер а.
12400;12398;595241300;Раздольное а.
12401;12398;595241400;Степное а.
12402;12373;595243000;Леденев а.о.
12403;12402;595243100;Леденево а.
12404;12402;595243200;Новоандреевка а.
12405;12373;595245000;Бике а.о.
12406;12405;595245100;Бике а.
12407;12405;595245200;Дачное а.
12408;12405;595245300;Октябрь а.
12409;12373;595247000;Новомихайловка а.о.
12410;12409;595247100;Новомихайловка а.
12411;12409;595247200;Бексейіт а.
12412;12409;595247300;Меңкесер а.
12413;12409;595247500;Токаревка а.
12414;12373;595249000;Пригородный а.о.
12415;12414;595249100;Покровка а.
12416;12373;595251000;Станов а.о.
12417;12416;595251100;Афонькино а.
12418;12416;595251500;Орел а.
12419;11961;595600000;Шал ақын ауданы
12420;12419;595620000;Сергеев қ.ә.
12421;12420;595620100;Сергеев қ.
12422;12419;595633000;Афанасьев а.о.
12423;12422;595633100;Афанасьевка а.
12424;12422;595633200;Двойники а.
12425;12422;595633400;Рясинка а.
12426;12422;595633500;Садовка а.
12427;12419;595635000;Аютас а.о.
12428;12427;595635100;Қаратал а.
12429;12427;595635200;Ақанбарақ а.
12430;12427;595635300;Көктерек а.
12431;12427;595635500;Ысқақ Ыбыраев а.
12432;12419;595637000;Городецкий а.о.
12433;12432;595637100;Городецкое а.
12434;12432;595637200;Бағанаты а.
12435;12432;595637300;Коноваловка а.
12436;12432;595637400;Жалтыр а.
12437;12432;595637600;Мерген а.
12438;12419;595638000;Жаңажол а.о.
12439;12438;595638100;Жаңажол а.
12440;12438;595638300;Жаңаталап а.
12441;12438;595638500;Кеңес а.
12442;12419;595639000;Арай а.о.
12443;12442;595639100;Арай а.
12444;12442;595639200;Алқаағаш а.
12445;12442;595639300;Ровное а.
12446;12442;595639400;Социал а.
12447;12419;595643000;Новопокровка а.о.
12448;12447;595643100;Новопокровка а.
12449;12447;595643200;Ақсу а.
12450;12447;595643300;Белоглинка а.
12451;12447;595643400;Еңбек а.
12452;12447;595643500;Жаңасу а.
12453;12419;595647000;Приишим а.о.
12454;12453;595647100;Повозочное а.
12455;12453;595647200;Бірлік а.
12456;12453;595647400;Меней а.
12457;12453;595647500;Ортакөл а.
12458;12419;595649000;Семиполь а.о.
12459;12458;595649100;Семиполка а.
12460;12458;595649200;Балуан а.
12461;12458;595649300;Астаған а.
12462;12458;595649500;Ступинка а.
12463;12419;595653000;Сухорабов а.о.
12464;12463;595653100;Сухорабовка с
12465;12463;595653300;Ольгинка с
12466;12419;595655000;Юбилейный а.о.
12467;12466;595655100;Крещенка а.
12468;12466;595655200;Белоградовка а.
12469;12466;595655300;Куприяновка а.
12470;12466;595655800;Ұзынжар а.
12471;11961;595800000;Аққайың ауданы
12472;12471;595830000;Смирнов а.о.
12473;12472;595830100;Смирново а.
12474;12471;595833000;Аралағаш а.о.
12475;12474;595833100;Аралағаш а.
12476;12474;595833200;Амангелді а.
12477;12474;595833300;Рублевка а.
12478;12471;595835000;Астрахан а.о.
12479;12478;595835100;Астраханка а.
12480;12478;595835200;Қаратомар а.
12481;12471;595837000;Власов а.о.
12482;12481;595837100;Власовка а.
12483;12481;595837200;Безлесное а.
12484;12471;595839000;Григорьев а.о.
12485;12484;595839100;Трудовое а.
12486;12484;595839200;Григорьевка а.
12487;12484;595839300;Көктерек а.
12488;12484;595839400;Қанжығалы а.
12489;12471;595843000;Иванов а.о.
12490;12489;595843100;Ивановка а.
12491;12471;595845000;Қиялы а.о.
12492;12491;595845100;Қиялы а.
12493;12491;595845200;Барыкөл а.
12494;12491;595845500;Кучковка а.
12495;12471;595847000;Лесной а.о.
12496;12495;595847100;Ленинское а.
12497;12495;595847200;Дайындық а.
12498;12471;595849000;Полтава а.о.
12499;12498;595849100;Полтавка а.
12500;12498;595849200;Бөркі а.
12501;12471;595857000;Тоқушы а.о.
12502;12501;595857100;Тоқушы а.
12503;12501;595857200;Камышлово а.
12504;12501;595857500;Тюменка а.
12505;12471;595858000;Шағалалы а.о.
12506;12505;595858100;Шағалалы а.
12507;12505;595858400;Степное а.
12508;12505;595858600;Южное а.
12509;12471;595859000;Черкасск а.о.
12510;12509;595859100;Черкасское а.
12511;12509;595859200;Добровольское а.
12512;12509;595859300;Новороссийское а.
12513;11961;596000000;Тайынша ауданы
12514;12513;596020000;Тайынша қ.ә.
12515;12514;596020100;Тайынша қ.
12516;12513;596033000;Абай а.о.
12517;12516;596033100;Қарағаш а.
12518;12516;596033200;Калиновка а.
12519;12516;596033300;Константиновка а.
12520;12516;596033700;Тапшыл а.
12521;12513;596035000;Алабота а.о.
12522;12521;596035100;Аққұдық а.
12523;12521;596035400;Золоторунное а.
12524;12521;596035600;Талдыкөл а.
12525;12521;596035700;Целинное а.
12526;12513;596036000;Амандық а.о.
12527;12526;596036100;Амандық а.
12528;12526;596036400;Жаңадәуір а.
12529;12526;596036500;Ильичевка а.
12530;12526;596036600;Аймақ а.
12531;12513;596037000;Большой Изюм а.о.
12532;12531;596037100;Большой Изюм а.
12533;12531;596037500;Новоприречное а.
12534;12531;596037600;Октябрьское а.
12535;12531;596037800;Северное а.
12536;12513;596039000;Донецк а.о.
12537;12536;596039100;Донецкое а.
12538;12536;596039200;Белоярка а.
12539;12536;596039300;Краснокиевка а.
12540;12536;596039400;Озерное а.
12541;12536;596039500;Подольское а.
12542;12513;596041000;Драгомиров а.о.
12543;12542;596041100;Драгомировка а.
12544;12542;596041200;Иван-город а.
12545;12542;596041300;Любимовка а.
12546;12542;596041400;Обуховка а.
12547;12513;596053000;Зеленый Гай а.о.
12548;12547;596053100;Зеленый Гай а.
12549;12547;596053300;Новогречановка а.
12550;12513;596055000;Келлер а.о.
12551;12550;596055100;Келлеровка а.
12552;12550;596055200;Богатыровка а.
12553;12550;596055400;Кременчуг а.
12554;12513;596056000;Красная Поляна а.о.
12555;12554;596056100;Красная Поляна а.
12556;12554;596056300;Доброжановка а.
12557;12554;596056400;Краснодольск а.
12558;12554;596056500;Озерное а.
12559;12554;596056700;Степное а.
12560;12554;596056800;Черниговка а.
12561;12554;596056900;Южное а.
12562;12513;596059000;Киров а.о.
12563;12562;596059100;Кирово а.
12564;12562;596059200;Агроном а.
12565;12562;596059400;Ильич а.
12566;12513;596063000;Летовочный а.о.
12567;12566;596063100;Летовочное а.
12568;12566;596063400;Горькое а.
12569;12566;596063500;Краснокаменка а.
12570;12566;596063600;Мәдениет а.
12571;12566;596063700;Подлесное а.
12572;12566;596063800;Талап а.
12573;12513;596064000;Мироновка а.о.
12574;12573;596064100;Мироновка а.
12575;12573;596064300;Виноградовка а.
12576;12573;596064400;Заречное а.
12577;12573;596064600;Надеждинка а.
12578;12513;596066000;Рощинское а.о.
12579;12578;596066100;Рощинское а.
12580;12578;596066200;Димитровка а.
12581;12578;596066400;Краматоровка а.
12582;12578;596066500;Макашевка а.
12583;12578;596066600;Октябрьское а.
12584;12578;596066800;Сарыбай а.
12585;12513;596067000;Теңдік а.о.
12586;12585;596067100;Теңдік а.
12587;12585;596067600;Кантемировское а.
12588;12585;596067700;Котовское а.
12589;12513;596068000;Тихоокеанское а.о.
12590;12589;596068100;Тихоокеанское а.
12591;12589;596068300;Алабота а.
12592;12589;596068700;Шұңқыркөл а.
12593;12513;596069000;Чермошнян а.о.
12594;12593;596069100;Чермошнянка а.
12595;12593;596069200;Бахмут а.
12596;12593;596069400;Леонидовка а.
12597;12596;596069480;Нагорное а.
12598;12593;596069580;Многоцветное а.
12599;12593;596069680;Новоивановка а.
12600;12513;596073000;Чкалов а.о.
12601;12600;596073100;Чкалово а.
12602;12600;596073600;Новоберезовка а.
12603;12600;596073700;Петровка а.
12604;12513;596075000;Ясная Поляна а.о.
12605;12604;596075100;Ясная Поляна а.
12606;12604;596075200;Вишневка а.
12607;12604;596075300;Дашко-Николаевка а.
12608;12604;596075400;Новодворовка а.
12609;11961;596200000;Тимирязев ауданы
12610;12609;596230000;Тимирязев а.о.
12611;12610;596230100;Тимирязево а.
12612;12610;596230200;Рассвет а.
12613;12609;596233000;Ақсуат а.о.
12614;12613;596233100;Ақсуат а.
12615;12613;596233200;Есіл а.
12616;12609;596234000;Белоградовка а.о.
12617;12616;596234100;Белоградовка а.
12618;12609;596235000;Дзержинский а.о.
12619;12618;596235100;Дзержинское а.
12620;12609;596237000;Дмитриев а.о.
12621;12620;596237100;Дмитриевка а.
12622;12620;596237200;Жаркен а.
12623;12620;596237300;Ынтымақ а.
12624;12609;596239000;Докучаевка а.о.
12625;12624;596239100;Докучаево а.
12626;12609;596244000;Интернационал а.о.
12627;12626;596244100;Дружба а.
12628;12609;596245000;Комсомол а.о.
12629;12628;596245100;Комсомольское а.
12630;12609;596249000;Мичурин а.о.
12631;12630;596249100;Мичурино а.
12632;12630;596249200;Ленинское а.
12633;12609;596251000;Москворецкий а.о.
12634;12633;596251100;Москворецкое а.
12635;12609;596253000;Ақжан а.о.
12636;12635;596253100;Ақжан а.
12637;12609;596255000;Құртай а.о.
12638;12637;596255100;Степное а.
12639;12637;596255300;Ракитное а.
12640;12609;596259000;Хмельницкий а.о.
12641;12640;596259100;Хмельницкое а.
12642;12640;596259200;Целинное а.
12643;11961;596400000;Уәлиханов ауданы
12644;12643;596430000;Кішкенекөл а.о.
12645;12644;596430100;Кішкенекөл а.
12646;12643;596433000;Ақтүесай а.о.
12647;12646;596433100;Ақтүесай а.
12648;12646;596433200;Күзексай а.
12649;12646;596433300;Қондыбай а.
12650;12643;596434000;Амангелді а.о.
12651;12650;596434100;Амангелді а.
12652;12650;596434500;Тілеусай а.
12653;12643;596435000;Бидайық а.о.
12654;12653;596435100;Бидайық а.
12655;12653;596435200;Жамбыл а.
12656;12653;596435400;Өндіріс а.
12657;12643;596437000;Көктерек а.о.
12658;12657;596437100;Мортық а.
12659;12658;596437180;Көктерек а.
12660;12643;596441000;Қайрат а.о.
12661;12660;596441100;Қайрат а.
12662;12660;596441500;Жасқайрат а.
12663;12643;596443000;Қарасу а.о.
12664;12663;596443100;Аққұдық а.
12665;12663;596443580;Золотая Нива а.
12666;12643;596445000;Қаратерек а.о.
12667;12666;596445100;Қаратерек а.
12668;12643;596446000;Құлыкөл а.о.
12669;12668;596446100;Құлыкөл а.
12670;12668;596446200;Береке а.
12671;12668;596446300;Қаратал а.
12672;12643;596447000;Телжан а.о.
12673;12672;596447100;Телжан а.
12674;12672;596447200;Көбенсай а.
12675;12643;596449000;Ақбұлақ а.о.
12676;12675;596449100;Ақбұлақ а.
12677;12675;596449200;Қарашілік а.
12678;12675;596449300;Жас Ұлан а.
12679;11961;596600000;Ғабит Мүсірепов атын.ауданы
12680;12679;596630000;Новоишим а.о.
12681;12680;596630100;Новоишим а.
12682;12679;596633000;Андреев а.о.
12683;12682;596633100;Андреевка а.
12684;12682;596633400;Жаңасу а.
12685;12682;596633600;Раисовка а.
12686;12679;596635000;Бірлік а.о.
12687;12686;596635100;Бірлік а.
12688;12686;596635300;Старобелка а.
12689;12679;596637000;Возвышен а.о.
12690;12689;596637100;Возвышенка а.
12691;12689;596637200;Брилевка а.
12692;12689;596637300;Григорьевка а.
12693;12689;596637400;Стерлитамак а.
12694;12689;596637500;Чернозубовка а.
12695;12679;596643000;Дружба а.о.
12696;12695;596643100;Дружба а.
12697;12695;596643200;Володарское а.
12698;12695;596643400;Жаркөл а.
12699;12695;596643500;Целинное а.
12700;12679;596644000;Көкалажар а.о.
12701;12700;596644100;Көкалажар а.
12702;12700;596644500;Мәдениет а.
12703;12700;596644700;Сарыбұлақ а.
12704;12679;596645000;Қырымбет а.о.
12705;12704;596645100;Қырымбет а.
12706;12704;596645400;Сокологоровка а.
12707;12679;596647000;Ломоносов а.о.
12708;12707;596647100;Ломоносовка а.
12709;12707;596647300;Ставрополка а.
12710;12707;596647400;Степное а.
12711;12707;596647500;Урожайное а.
12712;12679;596649000;Нежин а.о.
12713;12712;596649100;Нежинка а.
12714;12712;596649200;Буденное а.
12715;12714;596649280;Ефимовка а.
12716;12712;596649400;Тоқсан би а.
12717;12712;596649500;Куприяновка а.
12718;12679;596653000;Новоселовка а.о.
12719;12718;596653100;Новоселовка а.
12720;12718;596653400;Мұқыр а.
12721;12718;596653500;Привольное а.
12722;12679;596657000;Рузаев а.о.
12723;12722;596657100;Рузаевка а.
12724;12722;596657200;Березовка а.
12725;12722;596657300;Золотоноша а.
12726;12722;596657500;Сарыадыр а.
12727;12722;596657600;Сивковка а.
12728;12722;596657700;Чернобаевка а.
12729;12679;596658000;Салқынкөл а.о.
12730;12729;596658100;Салқынкөл а.
12731;12729;596658500;Тоқты а.
12732;12679;596659000;Тахтаброд а.о.
12733;12732;596659100;Тахтаброд а.
12734;12732;596659200;Ковыльное а.
12735;12732;596659300;Литвиновка а.
12736;12732;596659400;Привольное а.
12737;12732;596659500;Рухловка а.
12738;12679;596663000;Червонный а.о.
12739;12738;596663100;Червонное а.
12740;12738;596663300;Пески а.
12741;12679;596665000;Чистополье а.о.
12742;12741;596665100;Чистополье а.
12743;12741;596665200;Дубровка а.
12744;12741;596665300;Князевка а.
12745;12741;596665400;Гаршино а.
12746;12741;596665500;Симоновка а.
12747;12741;596665600;Ялты а.
12748;12679;596667000;Шөптікөл а.о.
12749;12748;596667100;Шөптікөл а.
12750;12748;596667200;Үлкенталсай а.
12751;12748;596667300;Жаркөл а.
12752;12748;596667400;Қоңырсу а.
12753;12748;596667500;Разгульное а.
12754;12679;596669000;Шұқыркөл а.о.
12755;12754;596669100;Шұқыркөл а.
12756;12754;596669300;Қараағаш а.
12757;12754;596669500;15 жылдық Қазақстан а.
12758;0;610000000;Түркістан облысы
12759;12758;611000000;Түркістан Қ.Ә.
12760;12759;611010000;Түркістан қ.
12761;12758;611600000;Арыс Қ.Ә.
12762;12761;611610000;Арыс қ.
12763;12761;611633000;Ақдала а.о.
12764;12763;611633100;Ақдала а.
12765;12763;611633300;Пәкентай Арапов а.
12766;12761;611635000;Байырқұм а.о.
12767;12766;611635100;Байырқұм а.
12768;12766;611635300;Жосалы а.
12769;12766;611635500;Көкжиде а.
12770;12761;611637000;Диірмене а.о.
12771;12770;611637100;Дермене а.
12772;12770;611637200;Саналы а.
12773;12770;611637300;Қаражантақ а.
12774;12770;611637400;Орманды а.
12775;12770;611637500;40-разъезд а.
12776;12770;611637700;Теміржолшы а.
12777;12770;611637800;Қызылкөпір а.
12778;12761;611639000;Жиделі а.о.
12779;12778;611639100;Жиделі а.
12780;12778;611639200;Аққала а.
12781;12761;611645000;Монтайтас а.о.
12782;12781;611645100;Монтайтас а.
12783;12781;611645200;Ақтас а.
12784;12781;611645300;Бақырша а.
12785;12781;611645400;Қабылсай а.
12786;12781;611645500;Атамекен а.
12787;12781;611645600;42-разъезд а.
12788;12781;611645700;Тоғансай а.
12789;12781;611645800;Шағыр а.
12790;12761;611647000;Қожатоғай а.о.
12791;12790;611647100;Қожатоғай а.
12792;12790;611647200;Байтоғай а.
12793;12790;611647300;Бұлақ а.
12794;12790;611647400;Дарбаза а.
12795;12790;611647700;Шөгірлі а.
12796;12758;612000000;Кентау Қ.Ә.
12797;12796;612010000;Кентау қ.
12798;12796;612033000;Ащысай а.ә.
12799;12798;612033100;Ащысай а.
12800;12796;612035000;Байылдыр а.ә.
12801;12800;612035100;Байылдыр а.
12802;12796;612037000;Хантағы а.ә.
12803;12802;612037100;Хантағы а.
12804;12796;612039000;Қарнақ а.о.
12805;12804;612039100;Қарнақ а.
12806;12804;612039200;Бүргем а.
12807;12804;612039300;Күшата а.
12808;12758;613600000;Бәйдібек ауданы
12809;12808;613630000;Шаян а.о.
12810;12809;613630100;Шаян а.
12811;12808;613633000;Ағыбет а.о.
12812;12811;613633100;Ағыбет а.
12813;12811;613633200;Алғабас а.
12814;12811;613633300;Жаңаталап а.
12815;12811;613633400;Жұлдыз а.
12816;12808;613635000;Ақбастау а.о.
12817;12816;613635100;Ақбастау а.
12818;12816;613635200;Жолғабас а.
12819;12816;613635400;Кеңес а.
12820;12816;613635700;Тұрақты а.
12821;12808;613637000;Алғабас а.о.
12822;12821;613637100;Шақпақ а.
12823;12822;613637103;Шопан үйі
12824;12821;613637200;Қазата а.
12825;12821;613637300;Таңатар а.
12826;12825;613637303;Шопан үйі
12827;12821;613637400;Үсіктас а.
12828;12808;613639000;Алмалы а.о.
12829;12828;613639100;Алмалы а.
12830;12829;613639180;Байжансай а.
12831;12828;613639200;Жарықбас а.
12832;12828;613639300;Бәйдібек а.
12833;12808;613645000;Боралдай а.о.
12834;12833;613645100;Боралдай а.
12835;12833;613645200;Амансай а.
12836;12833;613645300;Жоғарғы Боралдай а.
12837;12836;613645303;Шопан үйі
12838;12833;613645400;Жыланды а.
12839;12833;613645500;Ақжар а.
12840;12839;613645580;Қаратас а.
12841;12833;613645600;Сарыбұлақ а.
12842;12833;613645700;О.Тайманов а.
12843;12833;613645800;Талап а.
12844;12843;613645880;Теректі а.
12845;12833;613645900;Түйетас а.
12846;12808;613647000;Борлысай а.о.
12847;12846;613647100;Ақтас а.
12848;12846;613647300;Кеңсай а.
12849;12846;613647400;Қошқарата а.
12850;12846;613647600;Шұқыршақ а.
12851;12808;613649000;Бөген а.о.
12852;12851;613649100;Шалдар а.
12853;12852;613649103;Шопан үйі
12854;12851;613649300;Екпінді а.
12855;12851;613649400;Жиенқұм а.
12856;12851;613649500;Сарқырама а.
12857;12856;613649503;Шопан үйі
12858;12808;613653000;Жамбыл а.о.
12859;12858;613653100;Жамбыл а.
12860;12859;613653103;Шопан үйі
12861;12858;613653200;Жүзімдік а.
12862;12861;613653203;Шопан үйі
12863;12858;613653300;Қызылжар а.
12864;12863;613653303;Шопан үйі
12865;12858;613653500;Тасқұдық а.
12866;12865;613653503;Шопан үйі
12867;12858;613653600;Шыбыт а.
12868;12867;613653603;Шопан үйі
12869;12808;613655000;Көктерек а.о.
12870;12869;613655100;Бірлік а.
12871;12870;613655103;Шопан үйі
12872;12869;613655200;Ынтымақ а.
12873;12872;613655203;Шопан үйі
12874;12869;613655300;Кеңестөбе а.
12875;12808;613659000;Мыңбұлақ а.о.
12876;12875;613659100;Мыңбұлақ а.
12877;12875;613659200;Ақбұлақ а.
12878;12875;613659300;Бестоғай а.
12879;12875;613659400;Қайнарбұлақ а.
12880;12875;613659500;Қосбұлақ а.
12881;12875;613659600;Мәдениет а.
12882;12758;613800000;Жетісай ауданы
12883;12882;613820100;Жетісай қ.
12884;12882;613833000;Абай а.о.
12885;12884;613833100;Халықтар достығы а.
12886;12884;613833200;Жүзімдік а.
12887;12884;613833300;Алтын кемер а.
12888;12884;613833400;Отан а.
12889;12884;613833500;Бейбітшілік а.
12890;12884;613833600;Атажұрт а.
12891;12882;613839000;Жолдасбай Ералиев а.о.
12892;12891;613839100;Абай а.
12893;12891;613839200;Дихан а.
12894;12893;613839280;Жазықсай а.
12895;12891;613839300;Әуезов а.
12896;12891;613839400;Жағажай а.
12897;12891;613839500;Жетіқұбыр а.
12898;12897;613839580;Бәйтерек а.
12899;12891;613839600;Көктөбе а.
12900;12899;613839680;Жетіқазына а.
12901;12891;613839700;Мұратбаев а.
12902;12891;613839800;Арай а.
12903;12902;613839880;Жаңадәуір а.
12904;12891;613839900;Сейфуллин а.
12905;12904;613839980;Үтіртөбе а.
12906;12882;613843000;Асықата к.ә.
12907;12906;613843100;Асықата к.
12908;12882;613849000;Шаблан Ділдәбеков а.о.
12909;12908;613849100;Жамбыл а.
12910;12908;613849200;Зерделі а.
12911;12910;613849280;Бірлік а.
12912;12908;613849300;Достық а.
12913;12908;613849400;Жаңадала а.
12914;12913;613849480;Байдала а.
12915;12908;613849500;Алпамыс а.
12916;12915;613849580;Кемер а.
12917;12908;613849600;Күрішті а.
12918;12917;613849680;Қызылтаң а.
12919;12908;613849700;Сырабат а.
12920;12908;613849800;Сайлау а.
12921;12908;613849900;Сұлубұлақ а.
12922;12882;613853000;Жаңаауыл а.о.
12923;12922;613853100;Атақоныс а.
12924;12922;613853200;Мырзашөл а.
12925;12922;613853300;Әбдіхалық а.
12926;12922;613853400;Қарой а.
12927;12922;613853500;Жаңаауыл а.
12928;12922;613853600;Ынтымақ а.
12929;12882;613857000;Жылысу а.о.
12930;12929;613857100;Әл Фараби а.
12931;12929;613857200;Байқоныс а.
12932;12929;613857400;Жылысу а.
12933;12929;613857500;Мырзашоқы а.
12934;12929;613857600;Сейфуллин а.
12935;12929;613857700;Баққоныс а.
12936;12882;613865000;Атамекен а.о.
12937;12936;613865100;Атамекен а.
12938;12936;613865200;Әлімбетов а.
12939;12936;613865300;Ғарышкер а.
12940;12936;613865400;Ғабдуллин а.
12941;12936;613865500;Жемісті а.
12942;12936;613865600;Баянды а.
12943;12936;613865700;Қоғалы а.
12944;12943;613865780;Мақташы а.
12945;12936;613865880;Талапты а.
12946;12936;613865980;Тыңдала а.
12947;12882;613867000;Қарақай а.о.
12948;12947;613867100;Қарақай а.
12949;12947;613867300;Еңбек а.
12950;12947;613867500;Сәтбаев а.
12951;12947;613867600;Қараөзек а.
12952;12947;613867900;Кетебай а.
12953;12882;613871000;Қызылқұм а.о.
12954;12953;613871100;Датқа а.
12955;12953;613871200;Ақтөбе а.
12956;12955;613871280;Алғабас а.
12957;12953;613871300;Қосқұдық а.
12958;12957;613871380;Ақжайлау а.
12959;12953;613871400;Қызылқұм а.
12960;12959;613871480;Ақбұлақ а.
12961;12953;613871500;Қарасақал а.
12962;12961;613871580;Жалпаққұм а.
12963;12953;613871600;Түркебай а.
12964;12963;613871680;Қызылту а.
12965;12953;613871700;Молшылық а.
12966;12965;613871780;Мақталы а.
12967;12953;613871800;Алтынкөл а.
12968;12967;613871880;Көбек а.
12969;12953;613871900;Еңбекші а.
12970;12969;613871980;Қостақыр а.
12971;12882;613879000;Мақталы а.о.
12972;12971;613879100;Мақталы а.
12973;12971;613879200;Алтынсарин а.
12974;12971;613879300;Жайлаукөл а.
12975;12971;613879400;Шолпанқұдық а.
12976;12975;613879480;Теміржол а.
12977;12971;613879500;Жібек жолы а.
12978;12977;613879580;Алмалы а.
12979;12971;613879600;Дархан а.
12980;12971;613879700;Сарқырама а.
12981;12971;613879800;Тың а.
12982;12971;613879900;Жетісу а.
12983;12882;613887000;Ынтымақ а.о.
12984;12983;613887100;Көрікті а.
12985;12983;613887200;Ағынсай а.
12986;12983;613887300;Үшкөпір а.
12987;12983;613887500;Өркенді а.
12988;12987;613887502;Победа а.
12989;12983;613887600;Әден ата а.
12990;12983;613887700;Талапты а.
12991;12983;613887800;Ақниет а.
12992;12983;613887900;Нұрауыл а.
12993;12882;613889000;Қазыбек би а.о.
12994;12993;613889100;Қазыбек би а.
12995;12993;613889200;Алғабас а.
12996;12993;613889300;Әлкен Оспанов а.
12997;12993;613889400;Жамбыл а.
12998;12993;613889500;Таубай ата а.
12999;12993;613889600;Құрбан ата а.
13000;12993;613889700;Абибола а.
13001;12758;613900000;Келес ауданы
13002;13001;613930000;Абай а.о.
13003;13002;613930100;Абай а.
13004;13001;613937000;Ақтөбе а.о.
13005;13004;613937100;Жуантөбе а.
13006;13004;613937200;Ақжар а.
13007;13004;613937300;Жаңадәуір а.
13008;13007;613937380;Кеңдала а.
13009;13004;613937400;Ескіқорған а.
13010;13009;613937480;Көгерту а.
13011;13004;613937500;Қаратөбе а.
13012;13011;613937580;Қияжол а.
13013;13004;613937600;Лесбек батыр а.
13014;13013;613937680;Бозсу а.
13015;13004;613937700;Мұратбаев а.
13016;13015;613937780;Құйған а.
13017;13004;613937800;Көкбұлақ а.
13018;13004;613937900;Ынтымақ а.
13019;13001;613941000;Бозай а.о.
13020;13019;613941100;Бозай а.
13021;13019;613941200;Тартоғай а.
13022;13019;613941300;Тентексай а.
13023;13019;613941400;Шолаңтөбе а.
13024;13001;613943000;Бірлесу а.о.
13025;13024;613943100;28 гвардияшылар а.
13026;13024;613943200;Қазақстан а.
13027;13024;613943300;Диқан а.
13028;13024;613943400;Берекелі а.
13029;13001;613945000;Бірлік а.о.
13030;13029;613945100;Бірлік а.
13031;13029;613945200;Жаңатіршілік а.
13032;13029;613945300;Ащысай а.
13033;13029;613945400;Кұрыөзек а.
13034;13029;613945500;Мәдениет а.
13035;13029;613945600;Қосөткел а.
13036;13029;613945700;Үшағаш а.
13037;13001;613947000;Біртілек а.о.
13038;13037;613947100;Шырылдақ а.
13039;13037;613947200;Аққорған а.
13040;13039;613947280;Амангелді а.
13041;13037;613947300;Көлтоған а.
13042;13041;613947380;Жабайытөбе а.
13043;13037;613947400;Ораз ата а.
13044;13037;613947600;Жолбасшы а.
13045;13044;613947680;Игілік а.
13046;13037;613947700;Құрылыс а.
13047;13046;613947780;Керегетас а.
13048;13037;613947880;Біртілек а.
13049;13037;613947900;Шұқырсай а.
13050;13049;613947980;Еңбекші а.
13051;13001;613953000;Жамбыл а.о.
13052;13051;613953100;Бекбота а.
13053;13051;613953200;Ащыкөл а.
13054;13051;613953300;Байғабыл а.
13055;13051;613953400;Қалғансыр а.
13056;13051;613953500;Майдабозай а.
13057;13001;613959000;Жүзімдік а.о.
13058;13057;613959100;Бірлесу а.
13059;13057;613959200;Ақсу а.
13060;13057;613959300;Жүзімдік а.
13061;13057;613959400;Оңтүстік а.
13062;13001;613971000;Қошқарата а.о.
13063;13062;613971100;Алғабас а.
13064;13062;613971200;Бесқұбыр а.
13065;13062;613971300;Аманжар а.
13066;13062;613971400;Жамбыл а.
13067;13066;613971480;Жаңақоныс а.
13068;13062;613971500;Бесауыл а.
13069;13068;613971580;Қарабура әулие а.
13070;13062;613971600;Қошқарата а.
13071;13070;613971680;Бәйтерек а.
13072;13062;613971700;Мақташы а.
13073;13072;613971780;1 Мамыр а.
13074;13062;613971800;Ұшқын а.
13075;13062;613971900;Шыныр а.
13076;13001;613975000;Алпамыс батыр а.о.
13077;13076;613975100;Ақжол а.
13078;13076;613975200;Қауыншы а.
13079;13001;613977000;Ошақты а.о.
13080;13079;613977100;Ошақты а.
13081;13079;613977200;Атақоныс а.
13082;13079;613977300;Еңбек а.
13083;13079;613977400;Жетітөбе а.
13084;13079;613977500;Береке а.
13085;13084;613977580;Қаратал а.
13086;13079;613977600;Қоңыртөбе а.
13087;13086;613977680;Бақышсай а.
13088;13079;613977700;Сәмбет Саттаров а.
13089;13079;613977800;Саңырау а.
13090;13089;613977880;Сарыжылға а.
13091;13079;613977900;Ынталы а.
13092;13091;613977980;Жиделі а.
13093;13001;613983000;Ұшқын а.о.
13094;13093;613983100;Достық а.
13095;13093;613983200;Ұшқын а.
13096;13093;613983300;Қоралас а.
13097;12758;614000000;Қазығұрт ауданы
13098;13097;614030000;Қазығұрт а.о.
13099;13098;614030100;Қазығұрт а.
13100;13097;614033000;Алтынтөбе а.о.
13101;13100;614033100;Алтынтөбе а.
13102;13100;614033200;Аққұм а.
13103;13100;614033400;Қарабау а.
13104;13100;614033500;Қаржан а.
13105;13100;614033600;Қосағаш а.
13106;13097;614035000;Жаңабазар а.о.
13107;13106;614035100;Жаңабазар а.
13108;13106;614035200;Жылыбұлақ а.
13109;13106;614035300;Жаңажол а.
13110;13106;614035400;Жаңаталап а.
13111;13106;614035500;Жеңіс а.
13112;13106;614035600;Үшбастау а.
13113;13106;614035700;Қарабастау а.
13114;13106;614035800;Тілектес а.
13115;13106;614035900;Үлгілі а.
13116;13097;614036000;Жігерген а.о.
13117;13116;614036100;Жігерген а.
13118;13116;614036200;Айнатас а.
13119;13116;614036400;Диқан а.
13120;13116;614036500;Қызылбұлақ а.
13121;13116;614036700;Тесіктөбе а.
13122;13121;614036707;Жақайқора
13123;13121;614036727;Шалқарқора
13124;13116;614036800;Өгем а.
13125;13097;614037000;Сабыр Рақымов а.о.
13126;13125;614037100;Көкібел а.
13127;13125;614037400;Қызылата а.
13128;13125;614037600;Майбұлақ а.
13129;13097;614043000;Қақпақ а.о.
13130;13129;614043100;Қақпақ а.
13131;13129;614043200;Заңғар а.
13132;13129;614043300;Сырлысай а.
13133;13097;614045000;Қарабау а.о.
13134;13133;614045100;Қарабау а.
13135;13133;614045200;Сынтас а.
13136;13133;614045300;Жұмысшы а.
13137;13133;614045400;Үшбұлақ а.
13138;13097;614047000;Қызылқия а.о.
13139;13138;614047100;Тұғыртас а.
13140;13139;614047107;Жаңақора
13141;13138;614047200;Айнатас а.
13142;13138;614047300;Қызылқия а.
13143;13138;614047400;Ынталы а.
13144;13138;614047500;Қызылсенгір а.
13145;13138;614047600;Атажұрт а.
13146;13097;614049000;Қарақозы Әбдәлиева а.о.
13147;13146;614049100;Рабат а.
13148;13146;614049200;Амангелді а.
13149;13146;614049300;Атбұлақ а.
13150;13146;614049400;Еңбекші а.
13151;13150;614049413;Тауыққора
13152;13146;614049500;Жаңаталап а.
13153;13146;614049600;Қыдыр Мәмбетұлы а.
13154;13146;614049700;Қызылдала а.
13155;13097;614053000;Тұрбат а.о.
13156;13155;614053100;Тұрбат а.
13157;13156;614053113;Серғазықора
13158;13155;614053200;Еңбек а.
13159;13155;614053300;Қызылдихан а.
13160;13155;614053400;Өндіріс а.
13161;13097;614055000;Шанақ а.о.
13162;13161;614055100;Шанақ а.
13163;13161;614055200;Ақжар а.
13164;13161;614055300;Ескі Шанақ а.
13165;13161;614055400;Шанақ ст.
13166;13161;614055500;Ызабұлақ а.
13167;13097;614057000;Сарапхана а.о.
13168;13167;614057100;Сарапхана а.
13169;13167;614057200;Бақабұлақ а.
13170;13167;614057300;Жіңішке а.
13171;13167;614057400;Майлыошақ а.
13172;13167;614057500;Махамбет Өтемісұлы атын.а.
13173;13167;614057600;Талдыбұлақ а.
13174;13097;614063000;Шарбұлақ а.о.
13175;13174;614063100;Шарбұлақ а.
13176;13174;614063500;Ақбастау а.
13177;12758;614400000;Мақтаарал ауданы
13178;13177;614430000;Мырзакент к.ә.
13179;13178;614430100;Мырзакент к.
13180;13177;614435000;Достық а.о.
13181;13180;614435100;Бескетік а.
13182;13180;614435200;Көксу а.
13183;13180;614435300;Достық а.
13184;13180;614435400;Жолбарыс Қалшораев а.
13185;13180;614435500;Хайдар а.
13186;13180;614435600;Гүлістан а.
13187;13177;614438000;Бірлік а.о.
13188;13187;614438100;Құдайберген Пернебаев а.
13189;13187;614438200;Алғабас а.
13190;13187;614438300;Еркінабад а.
13191;13187;614438400;Өркениет а.
13192;13187;614438500;Қоңырат а.
13193;13187;614438600;Табысты а.
13194;13177;614445000;Еңбекші а.о.
13195;13194;614445100;Жантақсай а.
13196;13194;614445200;Жаңатұрмыс а.
13197;13194;614445300;Шұғыла а.
13198;13194;614445400;Тәңірберген Жайлыбаев а.
13199;13194;614445500;Нұрлытаң а.
13200;13177;614447000;Жамбыл а.о.
13201;13200;614447100;Жамбыл а.
13202;13200;614447200;Абай а.
13203;13200;614447300;Кеңесшіл а.
13204;13200;614447400;Көкпарсай а.
13205;13177;614455000;Жаңажол а.о.
13206;13205;614455100;Арайлы а.
13207;13205;614455200;Достық а.
13208;13205;614455300;Жеңіс а.
13209;13205;614455400;Өргебас а.
13210;13205;614455700;Ақжол а.
13211;13205;614455800;Фирдоуси а.
13212;13205;614455900;Нұрлыжол а.
13213;13177;614459000;Атакент к.ә.
13214;13213;614459100;Атакент к.
13215;13177;614463000;Иіржар а.о.
13216;13215;614463100;Шапағат а.
13217;13215;614463200;Азат а.
13218;13215;614463300;Иіржар а.
13219;13215;614463400;Азамат а.
13220;13215;614463500;Мақтажан а.
13221;13215;614463600;Дихан а.
13222;13215;614463700;Наурыз а.
13223;13215;614463800;Алаш а.
13224;13215;614463900;Рахимов а.
13225;13177;614473000;Жолдабай Нұрлыбаев а.о.
13226;13225;614473100;Ынталы а.
13227;13225;614473200;Өнімкер а.
13228;13225;614473300;Қарақыр а.
13229;13225;614473400;Ырысты а.
13230;13225;614473500;Мырзатөбе а.
13231;13225;614473700;Өркен а.
13232;13177;614477000;Мақтаарал а.о.
13233;13232;614477100;Мәдениет а.
13234;13232;614477200;Ақалтын а.
13235;13234;614477280;Амангелді а.
13236;13232;614477300;Елқоныс а.
13237;13236;614477380;Нұрмұхамед Есентаев а.
13238;13232;614477400;Шаттық а.
13239;13238;614477480;Еңбекші а.
13240;13232;614477500;Жұлдыз а.
13241;13240;614477580;Өркениет а.
13242;13232;614477600;Тұлпар а.
13243;13242;614477680;Игілік а.
13244;13232;614477700;Әл-Фараби а.
13245;13244;614477780;Береке а.
13246;13232;614477800;Көкарал а.
13247;13246;614477880;Азаттық а.
13248;13232;614477900;Бақыт а.
13249;13177;614483000;Аязхан Қалыбеков а.о.
13250;13249;614483100;Жаңажол а.
13251;13249;614483200;Жамбыл а.
13252;13249;614483300;Абат а.
13253;13249;614483400;Төрткүл а.
13254;13249;614483500;Атамұра а.
13255;13249;614483600;Тұран а.
13256;13249;614483700;Үлгілі а.
13257;12758;614600000;Ордабасы ауданы
13258;13257;614630000;Қажымұқан а.о.
13259;13258;614630100;Темірлан а.
13260;13258;614630200;Амангелді а.
13261;13258;614630300;Боралдай а.
13262;13258;614630400;Ынталы а.
13263;13258;614630500;Көктөбе а.
13264;13258;614630600;Қажымұқан а.
13265;13258;614630700;Қызылсеңгір а.
13266;13257;614633000;Бадам а.о.
13267;13266;614633100;Бадам а.
13268;13266;614633580;Қарабастау а.
13269;13266;614633600;Дербес а.
13270;13266;614633700;Ордабасы а.
13271;13266;614633800;Ақбұлақ а.
13272;13266;614633900;Мамыр а.
13273;13257;614635000;Бөген а.о.
13274;13273;614635100;Бөген а.
13275;13273;614635200;Кемер а.
13276;13257;614637000;Бөржар а.о.
13277;13276;614637100;Бірлік а.
13278;13276;614637200;Жамбыл а.
13279;13276;614637300;Қайнар а.
13280;13276;614637400;Қалаш а.
13281;13276;614637500;Теспе а.
13282;13276;614637600;Ұялыжар а.
13283;13276;614637700;Ықыластемір а.
13284;13276;614637800;Ынтымақ а.
13285;13257;614639000;Жеңіс а.о.
13286;13285;614639100;Жеңіс а.
13287;13285;614639200;Диқан а.
13288;13257;614643000;Қараспан а.о.
13289;13288;614643100;Қараспан а.
13290;13288;614643280;Бейсен Оңтаев а.
13291;13288;614643300;Ақжол а.
13292;13291;614643380;Берген Исаханов а.
13293;13288;614643400;Жұлдыз а.
13294;13293;614643480;Ынтымақ а.
13295;13288;614643500;Төреарық а.
13296;13295;614643580;Көлтоған а.
13297;13288;614643600;Батыр ата а.
13298;13297;614643680;Ақпан а.
13299;13288;614643700;Жаңатұрмыс а.
13300;13299;614643780;Мәдениет а.
13301;13288;614643800;Мақташы а.
13302;13288;614643900;Сарыарық а.
13303;13257;614645000;Қарақұм а.о.
13304;13303;614645100;Қарақұм а.
13305;13257;614653000;Төрткүл а.о.
13306;13305;614653100;Төрткүл а.
13307;13305;614653200;Ақсары а.
13308;13307;614653280;Арыстанды а.
13309;13305;614653300;Еңбекші а.
13310;13305;614653400;Жайылма а.
13311;13305;614653500;Қызылжар а.
13312;13305;614653600;Елшібек батыр а.
13313;13305;614653700;Көкарал а.
13314;13305;614653800;Нұра а.
13315;13305;614653900;Спатаев а.
13316;13257;614655000;Шұбар а.о.
13317;13316;614655100;Шұбар а.
13318;13316;614655200;Аққойлы а.
13319;13316;614655300;Береке а.
13320;13316;614655400;Жусансай а.
13321;13316;614655500;Сарытоғай а.
13322;13316;614655600;Тоқсансай а.
13323;13257;614657000;Шұбарсу а.о.
13324;13323;614657100;Шұбарсу а.
13325;12758;614800000;Отырар ауданы
13326;13325;614830000;Шәуілдір а.о.
13327;13326;614830100;Шәуілдір а.
13328;13325;614833000;Аққұм а.о.
13329;13328;614833100;Аққұм а.
13330;13325;614834000;Ақтөбе а.о.
13331;13330;614834100;Ақтөбе а.
13332;13325;614835000;Балтакөл а.о.
13333;13332;614835100;Балтакөл а.
13334;13333;614835103;Самырат а.
13335;13332;614835200;Ақкөл а.
13336;13332;614835500;Қолқұдық а.
13337;13325;614836000;Қарғалы а.о.
13338;13337;614836100;Қарғалы а.
13339;13337;614836400;Отырар а.
13340;13325;614837000;Көксарай а.о.
13341;13340;614837100;Көксарай а.
13342;13341;614837105;Демалыс үйі
13343;13340;614837200;Жанкел а.
13344;13340;614837300;Шеңгелді а.
13345;13340;614837400;Ызакөл а.
13346;13325;614839000;Қарақоңыр а.о.
13347;13346;614839100;Шәмші Қалдаяқов а.
13348;13346;614839300;Арыс а.
13349;13346;614839500;Бесторанғыл а.
13350;13346;614839600;Қарақоңыр а.
13351;13346;614839700;Қостүйін а.
13352;13346;614839800;Сырдария а.
13353;13325;614841000;Қоғам а.о.
13354;13353;614841100;Қоғам а.
13355;13353;614841300;Мыңшұңқыр а.
13356;13353;614841500;Талапты а.
13357;13325;614845000;Маяқұм а.о.
13358;13357;614845100;Маяқұм а.
13359;13357;614845300;Бестам а.
13360;13357;614845600;Қостерек а.
13361;13325;614847000;Отырар а.о.
13362;13361;614847100;Арыс а.
13363;13361;614847300;Молыке Шойманов а.
13364;13325;614849000;Талапты а.о.
13365;13364;614849100;Көкмардан а.
13366;13364;614849500;Шытты а.
13367;13364;614849600;Сарыкөл а.
13368;13364;614849700;Ынталы а.
13369;13325;614853000;Темір а.о.
13370;13369;614853100;Темір а.
13371;13369;614853200;Ақшоқат а.
13372;13369;614853400;Отырабат а.
13373;13369;614853500;37-разъезд а.
13374;13369;614853600;Ұзынқұдық а.
13375;13325;614857000;Шілік а.о.
13376;13375;614857100;Жаңа шілік а.
13377;13375;614857300;Ескі Шілік а.
13378;12758;615200000;Сайрам ауданы
13379;13378;615230000;Ақсукент а.о.
13380;13379;615230100;Ақсу а.
13381;13379;615230200;Бәйтерек а.
13382;13379;615230300;Алаш а.
13383;13378;615233000;Ақбұлақ а.о.
13384;13383;615233100;Ақбұлақ а.
13385;13378;615237000;Арыс а.о.
13386;13385;615237100;Қожақорған а.
13387;13385;615237200;Нұржанқорған а.
13388;13378;615247000;Жібек жолы а.о.
13389;13388;615247100;Машат а.
13390;13388;615247200;Жібек жолы а.
13391;13388;615247300;Сиқым а.
13392;13378;615249000;Қайнарбұлақ а.о.
13393;13392;615249100;Қасымбек датқа а.
13394;13392;615249200;Таскешу а.
13395;13392;615249400;Әсіларық а.
13396;13392;615249500;Сарыарық а.
13397;13392;615249600;Құрлық а.
13398;13392;615249700;Ошақты а.
13399;13392;615249800;Тоған а.
13400;13392;615249900;Шіркін а.
13401;13378;615253000;Қарабұлақ а.о.
13402;13401;615253100;Қарабұлақ а.
13403;13402;615253103;Күлкент көлі
13404;13378;615255000;Қарамұрт а.о.
13405;13404;615255100;Қарамұрт а.
13406;13404;615255200;Низамабад а.
13407;13378;615257000;Қарасу а.о.
13408;13407;615257100;Қарасу а.
13409;13407;615257200;Ақбай а.
13410;13407;615257300;Бескепе а.
13411;13407;615257400;Әйтеке би а.
13412;13407;615257500;Ақбастау а.
13413;13407;615257700;Ынтымақ а.
13414;13407;615257800;Жаңатұрмыс а.
13415;13407;615257900;Береке а.
13416;13378;615263000;Құтарыс а.о.
13417;13416;615263100;Құтарыс а.
13418;13416;615263200;Қызылжар а.
13419;13416;615263300;Ақарыс а.
13420;13416;615263400;Оймауыт а.
13421;13378;615265000;Көлкент а.о.
13422;13421;615265100;Көлкент а.
13423;13421;615265200;Жаңатұрмыс а.
13424;13421;615265300;Ақсуабат а.
13425;13421;615265400;Молыбай Оразалиев а.
13426;13421;615265500;Ханқорған а.
13427;13421;615265600;Қосбұлақ а.
13428;13421;615265700;Теспе а.
13429;13421;615265800;Шапрашты а.
13430;13378;615267000;Манкент а.о.
13431;13430;615267100;Манкент а.
13432;13430;615267200;Аққала а.
13433;12758;615400000;Сарыағаш ауданы
13434;13433;615420100;Сарыағаш қ.
13435;13433;615435000;Ақжар а.о.
13436;13435;615435100;Ақжар а.
13437;13435;615435200;Бағыс а.
13438;13433;615439000;Әлімтау а.о.
13439;13438;615439100;Әлімтау а.
13440;13438;615439200;Жайдаққұдық а.
13441;13438;615439300;Көктал а.
13442;13438;615439400;Тасқұдық а.
13443;13433;615449000;Дарбаза а.о.
13444;13443;615449100;Дарбаза а.
13445;13443;615449300;Құрысай а.
13446;13443;615449500;рзд.51
13447;13443;615449600;Ердәуіт а.
13448;13443;615449700;Сарысу а.
13449;13443;615449800;Тасқұдық а.
13450;13433;615451000;Дербісек а.о.
13451;13450;615451100;Дербісек а.
13452;13450;615451200;Атамекен а.
13453;13433;615455000;Жартытөбе а.о.
13454;13453;615455100;Бостандық а.
13455;13453;615455200;Құрама а.
13456;13453;615455300;Достық а.
13457;13453;615455400;Төңкеріс а.
13458;13453;615455500;Ынтымақ а.
13459;13433;615457000;Жемісті а.о.
13460;13459;615457100;Жемісті а.
13461;13459;615457200;Тың а.
13462;13433;615461000;Жібек жолы а.о.
13463;13462;615461100;Жібек жолы а.
13464;13462;615461200;Зортөбе а.
13465;13464;615461280;Дихан баба а.
13466;13462;615461300;Жаңақұрылыс а.
13467;13462;615461400;Жаңатұрмыс а.
13468;13462;615461600;Сарқырама а.
13469;13462;615461700;Қарабау а.
13470;13433;615463000;Жылға а.о.
13471;13470;615463100;Жылға а.
13472;13470;615463300;Қарақалпақ а.
13473;13470;615463400;Қызыласу а.
13474;13470;615463700;Шәйхана а.
13475;13470;615463800;Шеңгелді а.
13476;13470;615463900;Шымырбай а.
13477;13433;615465000;Күркелес а.о.
13478;13477;615465100;Ақниет а.
13479;13477;615465200;Алғабас а.
13480;13479;615465280;Ақ үй а.
13481;13477;615465400;Жаңаарық а.
13482;13481;615465480;Жаңаталап а.
13483;13477;615465500;Енкес а.
13484;13483;615465580;Келес а.
13485;13477;615465600;Құлтума а.
13486;13485;615465680;Жылысу а.
13487;13477;615465700;Нұрлыжол а.
13488;13487;615465780;Береке а.
13489;13477;615465800;Күркелес а.
13490;13489;615465880;Дастан а.
13491;13433;615467000;Көктерек а.о.
13492;13491;615467100;Көктерек к.
13493;13491;615467200;Дархан а.
13494;13433;615469000;Қабланбек а.о.
13495;13494;615469100;Қабыланбек а.
13496;13494;615469200;Жаңаарық а.
13497;13494;615469300;Зах а.
13498;13494;615469400;Ақниет а.
13499;13494;615469500;Қанағат а.
13500;13494;615469600;Тасқұлақ а.
13501;13494;615469700;Тыңтөбе а.
13502;13494;615469800;Сіргелі а.
13503;13433;615473000;Қызылжар а.о.
13504;13503;615473100;Қызылжар а.
13505;13503;615473300;Жаскешу а.
13506;13433;615479000;Тегісшіл а.о.
13507;13506;615479100;Тегісшіл а.
13508;13506;615479200;Таскескен а.
13509;13506;615479400;Мәдениет а.
13510;12758;615500000;Сауран ауданы
13511;13510;615530000;Шорнақ а.о.
13512;13511;615530100;Шорнақ а.
13513;13512;615530103;РЭС қосалқыстансасы
13514;13511;615530200;Қосмезгіл а.
13515;13514;615530203;АТК
13516;13514;615530204;Б.Акешаев үйі
13517;13514;615530205;МТФ
13518;13514;615530206;Оспанов-Құдайбергенов үйі
13519;13514;615530207;Бордақылау базасы
13520;13511;615530300;Аша а.
13521;13520;615530303;Е.Жоламанов үйі
13522;13510;615534000;Бабайқорған а.о.
13523;13522;615534100;Бабайқорған а.
13524;13522;615534200;Абай а.
13525;13524;615534206;Шопан үйі 1
13526;13524;615534207;Шопан үйі 2
13527;13522;615534300;Құмайлықас а.
13528;13522;615534400;Үлгілі а.
13529;13510;615536000;Жібек жолы а.о.
13530;13529;615536100;Сауран а.
13531;13529;615536200;Ескі Сауран а.
13532;13531;615536204;Жылысу шопан үйі
13533;13510;615538000;Ескі Иқан а.о.
13534;13533;615538100;Ескіикан а.
13535;13533;615538300;Мәшһүр Жүсіп а.
13536;13510;615541000;Жаңа Иқан а.о.
13537;13536;615541100;Ибаата а.
13538;13537;615541113;Жерастысуы
13539;13536;615541200;Ойық а.
13540;13510;615542000;Жүйнек а.о.
13541;13540;615542100;Жүйнек а.
13542;13540;615542200;Шекербұлақ а.
13543;13540;615542300;Шипан а.
13544;13510;615543000;Иассы а.о.
13545;13544;615543100;Шойтөбе а.
13546;13545;615543106;Сумен емдеу-сауықтыру орны
13547;13545;615543107;Шопандар үйлері
13548;13544;615543200;Еңбекшідихан а.
13549;13510;615545000;Қарашық а.о.
13550;13549;615545100;Қарашық а.
13551;13549;615545400;Құмтиым а.
13552;13551;615545405;Ауданавтожол үйлері
13553;13510;615547000;Майдантал а.о.
13554;13553;615547100;Ынталы а.
13555;13554;615547106;Суқоймасы
13556;13553;615547200;Егізқара а.
13557;13553;615547300;Қаражон а.
13558;13510;615549000;Оранғай а.о.
13559;13558;615549100;Оранғай а.
13560;13559;615549105;Радиоорталық
13561;13559;615549107;Салимбаев үйлері
13562;13559;615549109;Шаходжаев үйлері
13563;13558;615549200;Бостандық а.
13564;13558;615549400;Көшқорған а.
13565;13510;615553000;Үшқайық а.о.
13566;13565;615553100;Жалаңтөс а.
13567;13566;615553103;Орманшылық үйі
13568;13565;615553200;Нұртас а.
13569;13565;615553300;Сұлтанбек Қожанов а.
13570;13569;615553305;Орманшылық үйі
13571;13565;615553400;Теке а.
13572;13571;615553403;МТФ
13573;13510;615555000;Шаға а.о.
13574;13573;615555100;Шаға а.
13575;13573;615555200;Қазақстанның 30 жылдығы а.
13576;13575;615555203;АТК
13577;13575;615555205;МТФ
13578;13573;615555300;Шоқтас а.
13579;13573;615555400;Бершінтөбе а.
13580;12758;615600000;Созақ ауданы
13581;13580;615630000;Шолаққорған а.о.
13582;13581;615630100;Шолаққорған а.
13583;13581;615630200;Абай а.
13584;13581;615630300;Балдысу а.
13585;13581;615630500;Қарабұлақ а.
13586;13580;615633000;Жартытөбе а.о.
13587;13586;615633100;Жартытөбе а.
13588;13586;615633200;Аққолтық а.
13589;13586;615633300;Бабата а.
13590;13580;615635000;Жуантөбе а.о.
13591;13590;615635100;Жуантөбе а.
13592;13580;615637000;Қарағұр а.о.
13593;13592;615637100;Қарағұр а.
13594;13592;615637200;Раң а.
13595;13592;615637400;Шаға а.
13596;13580;615639000;Қаратау а.о.
13597;13596;615639100;Ақсүмбе а.
13598;13596;615639200;Бақырлы а.
13599;13596;615639300;Сарыжаз а.
13600;13580;615643000;Құмкент а.о.
13601;13600;615643100;Құмкент а.
13602;13600;615643300;Қызылкөл а.
13603;13580;615645000;Қыземшек а.о.
13604;13603;615645100;Қыземшек к.
13605;13603;615645200;Тайқоңыр а.
13606;13580;615647000;Созақ а.о.
13607;13606;615647100;Созақ а.
13608;13606;615647200;Көктөбе а.
13609;13606;615647500;Ыбырай Жаукебаев а.
13610;13580;615649000;Сызған а.о.
13611;13610;615649100;Сызған а.
13612;13610;615649200;Басбұлақ а.
13613;13610;615649400;Қайнар а.
13614;13610;615649500;Қозмолдақ а.
13615;13580;615653000;Тасты а.о.
13616;13615;615653100;Тасты а.
13617;13615;615653200;Қылты а.
13618;13580;615655000;Таукент а.о.
13619;13618;615655100;Таукент а.
13620;13580;615663000;Шу а.о.
13621;13620;615663100;Шу а.
13622;12758;615800000;Төле би ауданы
13623;13622;615820100;Леңгір қ.
13624;13622;615835000;Аққұм а.о.
13625;13624;615835100;Жаңаұйым а.
13626;13624;615835200;Аққұм а.
13627;13624;615835300;Момынай а.
13628;13622;615837000;Алатау а.о.
13629;13628;615837100;Алатау а.
13630;13628;615837200;Екпінді а.
13631;13628;615837300;Жаңатұрмыс а.
13632;13628;615837400;Қайнар а.
13633;13628;615837500;Қорған а.
13634;13633;615837580;Қосағаш а.
13635;13628;615837600;Нысанбек а.
13636;13628;615837700;Біркөлік а.
13637;13628;615837800;Шатыртөбе а.
13638;13628;615837900;Шұбарағаш а.
13639;13622;615839000;Бірінші Мамыр а.о.
13640;13639;615839100;Бірінші Мамыр а.
13641;13639;615839200;Алғабас а.
13642;13639;615839300;Бейнеткеш а.
13643;13639;615839400;Жаңажол а.
13644;13639;615839500;Зағамбар а.
13645;13639;615839800;Тағайна а.
13646;13639;615839900;Ынтымақ а.
13647;13622;615843000;Зертас а.о.
13648;13647;615843100;Зертас а.
13649;13647;615843200;Жаңакүш а.
13650;13622;615845000;Жоғарғы Ақсу а.о.
13651;13650;615845100;Мәдени а.
13652;13650;615845200;Сарқырама а.
13653;13622;615846000;Кемеқалған а.о.
13654;13653;615846100;Абай а.
13655;13653;615846200;Ақбастау а.
13656;13653;615846300;Әңгірата а.
13657;13653;615846500;Ұйымшыл а.
13658;13653;615846600;Қаратөбе а.
13659;13653;615846700;Қарақия а.
13660;13622;615847000;Көксаяқ а.о.
13661;13660;615847100;Көксәйек а.
13662;13660;615847200;Алтынбастау а.
13663;13660;615847300;Жіңішке а.
13664;13660;615847500;Қазақстан а.
13665;13622;615848000;Киелітас а.о.
13666;13665;615848100;Достық а.
13667;13665;615848200;Ақайдар а.
13668;13665;615848300;Киелітас а.
13669;13665;615848500;Сұлтанрабат а.
13670;13622;615853000;Қаратөбе а.о.
13671;13670;615853100;Балдыберек а.
13672;13670;615853200;Қостөбе а.
13673;13670;615853300;Майбұлақ а.
13674;13670;615853400;Қаратөбе а.
13675;13670;615853500;Төңкеріс а.
13676;13622;615855000;Қасқасу а.о.
13677;13676;615855100;Жоғарғы Қасқасу а.
13678;13676;615855200;Қасқасу а.
13679;13676;615855300;Керегетас а.
13680;13676;615855400;Көнесарық а.
13681;13622;615857000;Қоғалы а.о.
13682;13681;615857100;Алшалы а.
13683;13681;615857200;Диханкөл а.
13684;13681;615857400;Ұзынарық а.
13685;13622;615859000;Тасарық а.о.
13686;13685;615859100;Тасарық а.
13687;13685;615859200;Жамбыл а.
13688;13685;615859400;Оңтүстік а.
13689;13685;615859500;Ханарық а.
13690;12758;616000000;Түлкібас ауданы
13691;13690;616030000;Майлыкент а.о.
13692;13691;616030100;Тұрар Рысқұлов а.
13693;13691;616030200;Бақыбек а.
13694;13691;616030300;Қараағашты а.
13695;13690;616033000;Ақбиік а.о.
13696;13695;616033100;Ақбиік а.
13697;13695;616033200;Құлан а.
13698;13695;616033300;Сарытұр а.
13699;13690;616037000;Арыс а.о.
13700;13699;616037100;Керейіт а.
13701;13699;616037200;Қайыршақты а.
13702;13699;616037300;Мақталы а.
13703;13690;616039000;Балықты а.о.
13704;13703;616039100;Балықты а.
13705;13703;616039200;Абай а.
13706;13703;616039300;Көкбұлақ а.
13707;13703;616039400;Үрбұлақ а.
13708;13703;616039500;Шарафкент а.
13709;13690;616043000;Жабағылы а.о.
13710;13709;616043100;Абайыл а.
13711;13709;616043200;Жабағылы а.
13712;13709;616043300;рзд.115
13713;13690;616045000;Жаскешу а.о.
13714;13713;616045100;Жаскешу а.
13715;13714;616045103;рзд.Қарақшы
13716;13714;616045107;Жеке үйлер
13717;13714;616045109;Қуанышты қорасы
13718;13713;616045200;Жанұзақ а.
13719;13713;616045300;Рысқұл а.
13720;13719;616045303;Көктерек ст.
13721;13713;616045400;Пістелі а.
13722;13721;616045403;Орманшар
13723;13690;616047000;Келтемашат а.о.
13724;13723;616047100;Келтемашат а.
13725;13723;616047300;Дәубаба а.
13726;13723;616047400;Жиынбай а.
13727;13723;616047500;Кершетас а.
13728;13723;616047600;Қоғалы а.
13729;13723;616047700;Сеславино а.
13730;13690;616049000;Кемербастау а.о.
13731;13730;616049100;Кемербастау а.
13732;13730;616049200;Алғабас а.
13733;13730;616049300;Мәнтай Жәрімбетов а.
13734;13730;616049400;Елтай а.
13735;13730;616049500;Күмісбастау а.
13736;13730;616049600;Майлыкент а.
13737;13690;616053000;Машат а.о.
13738;13737;616053100;Машат а.
13739;13737;616053200;Еңбек а.
13740;13737;616053300;Еңбекші а.
13741;13737;616053400;Мыңбай а.
13742;13737;616053500;Қызылбастау а.
13743;13690;616055000;Мичурин а.о.
13744;13743;616055100;Майтөбе а.
13745;13743;616055200;Көксағыз а.
13746;13743;616055300;Таусағыз а.
13747;13743;616055400;Қожамберді а.
13748;13690;616057000;Рысқұлов а.о.
13749;13748;616057100;Азатлық а.
13750;13748;616057200;Жаңаталап а.
13751;13748;616057300;Тастыбұлақ а.
13752;13748;616057400;Шұқырбұлақ а.
13753;13690;616059000;Састөбе а.о.
13754;13753;616059100;Састөбе а.
13755;13753;616059200;Қызылту а.
13756;13753;616059300;Ынтымақ а.
13757;13690;616061000;Тастұмсық а.о.
13758;13757;616061100;Тастұмсық а.
13759;13757;616061200;Амангелді а.
13760;13757;616061400;Жыланды а.
13761;13757;616061600;Қабанбай а.
13762;13757;616061700;Қарабастау а.
13763;13690;616063000;Түлкібас а.о.
13764;13763;616063100;Түлкібас к.
13765;13764;616063180;Иірсу а.
13766;13763;616063300;Көктерек а.
13767;13766;616063303;Ақбура а.
13768;13690;616065000;Шақпақ а.о.
13769;13768;616065100;Шақпақ баба а.
13770;13768;616065200;рзд.114
13771;12758;616400000;Шардара ауданы
13772;13771;616420100;Шардара қ.
13773;13771;616433000;Ақшеңгелді а.о.
13774;13773;616433100;Ақалтын а.
13775;13773;616433200;Егізқұм а.
13776;13771;616435000;Достық а.о.
13777;13776;616435100;Достық а.
13778;13777;616435103;Бөлімше 1
13779;13777;616435105;Бөлімше 2
13780;13771;616437000;Жаушықұм а.о.
13781;13780;616437100;Жаушықұм а.
13782;13780;616437400;Қалғансыр а.
13783;13782;616437403;Дом моториста
13784;13780;616437500;Құйған а.
13785;13771;616439000;Көксу а.о.
13786;13785;616439100;Көксу а.
13787;13786;616439103;ЛСП
13788;13786;616439105;МТФ
13789;13786;616439107;Жемісшаруашылығы
13790;13786;616439109;Сырдария а.
13791;13785;616439200;Айдаркөлқашары а.
13792;13785;616439300;Басланды а.
13793;13785;616439400;Жоласар а.
13794;13771;616443000;Қоссейіт а.о.
13795;13794;616443100;Қоссейіт а.
13796;13771;616445000;Қызылқұм а.о.
13797;13796;616445100;Қызылқұм а.
13798;13771;616447000;Сүткент а.о.
13799;13798;616447100;Сүткент а.
13800;13771;616453000;Ұзыната а.о.
13801;13800;616453100;Ұзыната а.
13802;13801;616453103;Бөлімше 1
13803;13801;616453105;Бөлімше 2
13804;13801;616453107;Бөлімше 3
13805;13801;616453109;Бөлімше 4
13806;13801;616453113;Сорғы
13807;13801;616453115;ПХЦ
13808;13801;616453117;Телемұнара
13809;13771;616455000;Алатау батыр а.о.
13810;13809;616455100;Целинное а.
13811;13810;616455103;Сорғы
13812;13810;616455105;Бөгеуіл 618
13813;13809;616455200;Қазақстан а.
13814;13813;616455203;Аэродром
13815;13813;616455205;Бөлімше 1
13816;13813;616455207;Бөлімше 2
13817;13813;616455209;Бөлімше 3
13818;13771;616457000;Қауысбек Тұрысбеков а.о.
13819;13818;616457100;Шардара а.
13820;13818;616457200;Ақберді а.
13821;13818;616457300;Бимырза а.
13822;13818;616457400;Бөзей а.
13823;13818;616457500;Қуанқұдық а.
13824;0;620000000;Ұлытау облысы
13825;13824;621000000;Жезқазған Қ.Ә.
13826;13825;621010000;Жезқазған қ.
13827;13825;621039000;Кеңгір а.о.
13828;13827;621039100;Кеңгір а.
13829;13828;621039102;«Сагиндиков К.С.» шар.қож.
13830;13828;621039103;«Лекеров Т.Д.» шар.қож.
13831;13828;621039104;«Сарбасов К.» шар.қож.
13832;13828;621039105;«Ногайбаева А.А.» шар.қож.
13833;13828;621039106;«Балмаганбетов Ж.» шар.қож.
13834;13828;621039107;«Сулейменов Т.» шар.қож.
13835;13828;621039108;«Дюсенбеков У.К.» шар.қож.
13836;13828;621039109;«Есенгабулов К.К.» шар.қож.
13837;13828;621039111;Сариев У. «Сүйінжан» шар.қож.
13838;13828;621039112;«Арыстанбеков Е.Т.» «Ақши» шар.қож.
13839;13827;621039200;Қорғанбай а.
13840;13839;621039202;Шотқара а.
13841;13839;621039206;Жадкеев Н.Г. «Ыкылас» шар.қож.
13842;13839;621039207;«Дауленбаев С.Ш.» шар.қож.
13843;13839;621039208;Кусайнова А.К. «Боргоз» шар.қож.
13844;13839;621039209;Унчибаев С.Д. «Шоткара» шар.қож.
13845;13839;621039211;«Нургалиева С.» шар.қож.
13846;13839;621039213;«Жаксыбаев Б.» шар.қож.
13847;13839;621039214;«Касымов Б.Б.» шар.қож.
13848;13839;621039215;«Бердинов Т.» шар.қож.
13849;13839;621039216;«Жакупов С.С.» шар.қож.
13850;13839;621039217;Шалмаганбетова Ж.М. «Айтқожа» шар.қож.
13851;13839;621039218;«Абдрахманов Е.М.» шар.қож.
13852;13827;621039300;рзд.60
13853;13827;621039580;рзд.366 км
13854;13827;621039800;Теректі ст.
13855;13854;621039807;«Искаков А.Х.» шар.қож.
13856;13854;621039808;«Дильдебаев К.» шар.қож.
13857;13854;621039809;«Асаинов М.Р.» шар.қож.
13858;13854;621039811;«Шамбулов Е.Р.» шар.қож.
13859;13854;621039812;Сыздыманов Е. «Абдрахман Қажы» шар.қож.
13860;13854;621039813;«Қожабаев А.Х.» шар.қож.
13861;13827;621039900;Түйемойнақ ст.
13862;13825;621045000;Сарыкеңгір а.о.
13863;13862;621045100;Малшыбай а.
13864;13863;621045103;Ажігүл қыстауы
13865;13863;621045105;Ақшы қыстауы
13866;13863;621045107;Байсалбай қыстауы
13867;13863;621045109;Жауғашыр қыстауы
13868;13863;621045111;Оразалы 1 қыстауы
13869;13863;621045112;Оразалы 2 қыстауы
13870;13863;621045115;Санрық қыстауы
13871;13863;621045117;Сарықамыс қыстауы
13872;13863;621045119;Айранбай қыстауы
13873;13863;621045121;Досмағанбет қыстауы
13874;13863;621045122;Кемеш қыстауы
13875;13863;621045123;Көлбай қыстауы
13876;13863;621045124;Қотырбұлақ қыстауы
13877;13863;621045125;Сарыбұлақ қыстауы
13878;13863;621045126;Тенбай қыстауы
13879;13863;621045127;Тоқтықбай қыстауы
13880;13863;621045128;Шоқыбай қыстауы
13881;13863;621045131;Алахан қыстауы
13882;13863;621045132;Жамантас қыстауы
13883;13863;621045133;Жұман қыстауы
13884;13863;621045134;Қарабас қыстауы
13885;13863;621045135;Қарасу қыстауы
13886;13863;621045136;Қарқынбай қыстауы
13887;13863;621045137;Қаттықұлақ қыстауы
13888;13863;621045138;Қызылүй қыстауы
13889;13863;621045141;Аққияқ қыстауы
13890;13863;621045142;Әлембай қыстауы
13891;13863;621045143;Байдос қыстауы
13892;13863;621045144;Байлыбоқан а.
13893;13863;621045145;Есжан қыстауы
13894;13863;621045146;Шеңбер қыстауы
13895;13863;621045147;Көктас қыстауы
13896;13863;621045148;Қызыладыр қыстауы
13897;13863;621045149;Түгіскен қыстауы
13898;13825;621049000;Талап а.о.
13899;13898;621049100;Талап а.
13900;13899;621049107;Арғымақ қыстауы
13901;13899;621049108;Удербаев шарқож
13902;13899;621049109;Гончаров шарқож
13903;13899;621049111;Кожахметов шарқож
13904;13899;621049112;Молдабеков шарқож
13905;13899;621049113;Есенов шарқож
13906;13899;621049114;Садыкова шарқож
13907;13899;621049115;Алекперзаде шарқож
13908;13899;621049116;Калканбаев шарқож
13909;13899;621049117;Байсалбаев шарқож
13910;13899;621049118;Танкибаев шарқож
13911;13899;621049119;Магзумов шарқож
13912;13899;621049121;Джанкошкаров шарқож
13913;13899;621049122;Гаппасов шарқож
13914;13899;621049123;Молдабеков шарқож
13915;13899;621049124;Бапанов шарқож
13916;13824;621800000;Қаражал Қ.Ә.
13917;13916;621810000;Қаражал қ.
13918;13916;621835000;Жәйрем к.ә.
13919;13918;621835100;Жәйрем к.
13920;13824;622000000;Сәтбаев Қ.Ә.
13921;13920;622010000;Сәтбаев қ.
13922;13920;622037000;Сәтбаев а.ә.
13923;13922;622037200;Сәтбаев а.
13924;13824;623600000;Жаңаарқа ауданы
13925;13924;623630000;Жаңаарқа к.ә.
13926;13925;623630100;Жаңаарқа к.
13927;13924;623633000;Айнабұлақ а.о.
13928;13927;623633100;Айнабұлақ а.
13929;13928;623633105;Белқараған а.
13930;13928;623633107;Көксай қыстауы
13931;13924;623637000;Ақтау а.о.
13932;13931;623637100;Ақтау а.
13933;13932;623637102;Ақсай қыстауы
13934;13932;623637103;Жекебас қыстауы
13935;13932;623637104;Комсомол қыстауы
13936;13932;623637105;Қосағалы қыстауы
13937;13932;623637106;Қосбұлақ қыстауы
13938;13932;623637107;Пионерлагер қыстауы
13939;13932;623637111;Асаубек қыстауы
13940;13932;623637112;Ашербайжан қыстауы
13941;13932;623637113;Қаражал қыстауы
13942;13932;623637114;Боқсай қыстауы
13943;13932;623637115;Дарат қыстауы
13944;13932;623637116;Қаратұмсық қыстауы
13945;13932;623637117;Қорған қыстауы
13946;13932;623637118;Сауғабай қыстауы
13947;13932;623637119;Сарыоба қыстауы
13948;13924;623639000;Ақтүбек а.о.
13949;13948;623639100;Ақтүбек а.
13950;13949;623639103;Сарысу а.
13951;13948;623639200;Атасу а.
13952;13951;623639207;рзд.128 км
13953;13948;623639300;Мыңадыр ст.
13954;13953;623639302;рзд.152 км
13955;13953;623639303;рзд.163 км
13956;13924;623641000;Мұқажан Жұмажанов атын.а.о.
13957;13956;623641100;Мұқажан Жұмажанов атын.а.
13958;13957;623641105;Күйгенбаз а.
13959;13924;623645000;Бидайық а.о.
13960;13959;623645100;Бидайық а.
13961;13959;623645200;Ақтайлақ а.
13962;13961;623645205;рзд.82 км
13963;13959;623645500;рзд.69 км
13964;13924;623649000;Байдалы би а.о.
13965;13964;623649100;Атасу а.
13966;13965;623649102;Мешіт қыстауы
13967;13965;623649104;Бригада 4
13968;13965;623649109;рзд.105 км
13969;13924;623653000;Ералиев а.о.
13970;13969;623653100;Ералиево а.
13971;13970;623653102;Ақтөбе қыстауы
13972;13970;623653103;Ақши 1 қыстауы
13973;13970;623653105;Жұмыртқалы қыстауы
13974;13970;623653106;Змина қыстауы
13975;13970;623653107;Кеңсаз 1 қыстауы
13976;13970;623653108;Кеңсаз 2 қыстауы
13977;13970;623653109;Көкөзек 1 қыстауы
13978;13970;623653111;Көкөзек 2 қыстауы
13979;13970;623653112;Қойтан қыстауы
13980;13970;623653113;Нұрқан қыстауы
13981;13970;623653115;Аралтөбе а.
13982;13970;623653116;Ақши 2 қыстауы
13983;13970;623653117;Көнек қыстауы
13984;13970;623653118;Қосар қыстауы
13985;13970;623653119;Наин қыстауы
13986;13969;623653200;Ақбастау а.
13987;13986;623653203;Ақтан қыстауы
13988;13986;623653204;Сарыжол қыстауы
13989;13986;623653205;Тілеміс қыстауы
13990;13986;623653206;Үшқатын қыстауы
13991;13986;623653207;Орталық қыстауы
13992;13986;623653211;рзд.201 км
13993;13969;623653400;Жомарт ст.
13994;13969;623653600;рзд.189 км
13995;13924;623657000;Қызылжар к.ә.
13996;13995;623657100;Қызылжар к.
13997;13924;623661000;Қараағаш а.о.
13998;13997;623661100;Ынталы а.
13999;13998;623661102;Жосалы қыстауы
14000;13998;623661104;Мойынқарғалы қыстауы
14001;13998;623661105;Сатықарғалы қыстауы
14002;13998;623661107;Жартас а.
14003;13998;623661108;Жартас 2 қыстауы
14004;13924;623663000;Сейфуллин а.о.
14005;14004;623663100;Ынтымақ а.
14006;14005;623663102;Байтақ қыстауы
14007;14005;623663103;Жанғозы қыстауы
14008;14005;623663104;Қарақоға қыстауы
14009;14005;623663105;Қарақұдық қыстауы
14010;14005;623663106;Қаратөбе қыстауы
14011;14005;623663107;Қызылағаш қыстауы
14012;14005;623663109;Бестоған а.
14013;13924;623665000;Төгіскен а.о.
14014;14013;623665100;Төгіскен а.
14015;14014;623665102;Айбас қыстауы
14016;14014;623665103;Комсомол қыстауы
14017;14014;623665104;Қазанғап қыстауы
14018;14014;623665105;Сарысу бөлімшесі
14019;14014;623665106;Ақбаз қыстауы
14020;14014;623665107;рзд.215 км
14021;14013;623665300;Кенжебайсамай а.
14022;13924;623667000;Талдыбұлақ а.о.
14023;14022;623667100;Талдыбұлақ а.
14024;14023;623667102;Үлкенбұлақ а.
14025;14022;623667300;Алғабас а.
14026;13924;623669000;Орынбай а.о.
14027;14026;623669100;Орынбай а.
14028;14027;623669102;Айтқожа ауылшар
14029;14027;623669103;Ауыл ауылшар
14030;14027;623669104;Жайылым
14031;14027;623669105;Ақшағат а.
14032;13824;623800000;Ұлытау ауданы
14033;14032;623830000;Ұлытау а.о
14034;14033;623830100;Ұлытау а.
14035;14034;623830107;Стандарт
14036;14034;623830108;Тұяқ
14037;14032;623831000;Ақтас к.ә.
14038;14037;623831100;Ақтас к.
14039;14037;623831200;Пионер а.
14040;14032;623833000;Алғабас а.о.
14041;14040;623833100;Бетбұлақас.
14042;14041;623833102;Абушахман қыстауы
14043;14041;623833106;Батырша қыстауы
14044;14041;623833107;Бөкей қыстауы
14045;14041;623833108;Есепші қыстауы
14046;14041;623833111;Тасқұдық қыстауы
14047;14041;623833112;Шаған қыстауы
14048;14041;623833113;Сарыбұлақ а.
14049;14032;623835000;Борсеңгір а.о.
14050;14049;623835100;Борсеңгір а.
14051;14050;623835102;Ашықөзек-Қырғауыл қыстауы
14052;14050;623835103;Боройнақ қыстауы
14053;14050;623835104;Дәуіт қыстауы
14054;14050;623835105;Жаңабаз қыстауы
14055;14050;623835106;Күйгенбаз қыстауы
14056;14050;623835107;Қарасу қыстауы
14057;14050;623835108;Салденбек қыстауы
14058;14050;623835109;Сарықамыс қыстауы
14059;14050;623835111;Ұңғыма қыстауы
14060;14050;623835112;Шұбарқұдық қыстауы
14061;14050;623835113;Қызылүй қыстауы
14062;14050;623835114;Қарақұдық қыстауы
14063;14050;623835115;Победа қыстауы
14064;14050;623835116;Базыл қыстауы
14065;14050;623835117;Арын қыстауы
14066;14050;623835118;Күзек қыстауы
14067;14050;623835119;Қасым қыстауы
14068;14050;623835121;Таңатар қыстауы
14069;14050;623835122;Сымтас а.
14070;14032;623839000;Егінді а.о.
14071;14070;623839100;Егінді а.
14072;14071;623839102;Айнабай қыстауы
14073;14071;623839103;Ақсай қыстауы
14074;14071;623839104;Әуез қыстауы
14075;14071;623839105;Бұзау қыстауы
14076;14071;623839106;Жанабай қыстауы
14077;14071;623839107;Избасар қыстауы
14078;14071;623839109;Көпжасар қыстауы
14079;14071;623839111;Мақанбай қыстауы
14080;14032;623841000;Жангелді а.о.
14081;14080;623841100;Байқоңыр а.
14082;14081;623841102;Ақжар қыстауы
14083;14081;623841103;Әбіл қыстауы
14084;14081;623841104;Байғұла қыстауы
14085;14081;623841105;Қоңырат қыстауы
14086;14081;623841106;Лақпай қыстауы
14087;14081;623841107;Маңдай қыстауы
14088;14081;623841108;Сарысай-Рахмет қыстауы
14089;14081;623841109;Тайқошқар қыстауы
14090;14081;623841111;Шеңбер қыстауы
14091;14081;623841112;Ақшолақ қыстауы
14092;14081;623841113;Алакөл қыстауы
14093;14081;623841114;Амангелді қыстауы
14094;14081;623841115;Аубәкір қыстауы
14095;14081;623841116;Ботамтай қыстауы
14096;14081;623841117;Бөріжілбек қыстауы
14097;14081;623841118;Бүкір қыстауы
14098;14081;623841119;Досан қыстауы
14099;14081;623841121;Жамантабан қыстауы
14100;14081;623841122;Көгелен қыстауы
14101;14081;623841123;Күйгенбидайық қыстауы
14102;14081;623841124;Қоға қыстауы
14103;14081;623841125;Қызылтам қыстауы
14104;14081;623841126;Мешіт қыстауы
14105;14081;623841127;Мейірман қыстауы
14106;14081;623841128;Ораз қыстауы
14107;14081;623841129;Сарыайғыр қыстауы
14108;14081;623841131;Сарыарка қыстауы
14109;14081;623841132;Тоқболат қыстауы
14110;14081;623841133;Ақши қыстауы
14111;14081;623841134;Аяпберген қыстауы
14112;14081;623841135;Демеубай қыстауы
14113;14081;623841136;Қалыбай қыстауы
14114;14081;623841137;Мешіт қыстауы
14115;14081;623841138;Миябай қыстауы
14116;14081;623841139;Мырзагүл қыстауы
14117;14081;623841141;Тасыбай қыстауы
14118;14081;623841142;Тоқсанбай қыстауы
14119;14081;623841143;Дулығалы қыстауы
14120;14032;623843000;Жезді к.ә.
14121;14120;623843100;Жезді к.
14122;14120;623843200;Өрнек а.
14123;14032;623849000;Амангелді а.о.
14124;14123;623849100;Сарлық а.
14125;14124;623849102;Ақпанбет қыстауы
14126;14124;623849103;Әлімбай қыстауы
14127;14124;623849104;Баршынбай қыстауы
14128;14124;623849105;Дара қыстауы
14129;14124;623849106;Қаражал қыстауы
14130;14124;623849107;Қозыбек қыстауы
14131;14124;623849108;Қызылтау қыстауы
14132;14124;623849109;Тоғызбай қыстауы
14133;14124;623849111;Қорғантас а.
14134;14124;623849112;Айбас қыстауы
14135;14124;623849113;Аққошқар қыстауы
14136;14124;623849114;Әмір қыстауы
14137;14124;623849115;Бақатас қыстауы
14138;14124;623849116;Итауыз қыстауы
14139;14124;623849117;Сәмбет қыстауы
14140;14124;623849118;Тоқсейіт қыстауы
14141;14124;623849119;Шаухар қыстауы
14142;14124;623849121;Үмбет а.
14143;14124;623849122;Ақшал қыстауы
14144;14124;623849123;Досжан қыстауы
14145;14124;623849124;Құсқонған қыстауы
14146;14124;623849125;Набай қыстауы
14147;14124;623849126;Түкпір қыстауы
14148;14124;623849127;Көлбай қыстауы
14149;14124;623849128;Әділбай қыстауы
14150;14124;623849129;Екіаша қыстауы
14151;14124;623849131;Кененбай қыстауы
14152;14124;623849132;Мән қыстауы
14153;14124;623849133;Мыңбай қыстауы
14154;14124;623849134;Нәдірбай қыстауы
14155;14124;623849135;Обалы қыстауы
14156;14124;623849136;Сарытау қыстауы
14157;14124;623849137;Шалтық қыстауы
14158;14032;623851000;Қарсақпай к.ә.
14159;14158;623851100;Қарсақпай к.
14160;14159;623851103;Абжаппар қыстауы
14161;14159;623851104;Алменбет қыстауы
14162;14159;623851105;Атан қыстауы
14163;14159;623851106;Аралкөл қыстауы
14164;14159;623851108;Байтен қыстауы
14165;14159;623851109;Бектұрған қыстауы
14166;14159;623851111;Жаңаділ қыстауы
14167;14159;623851112;Жандос қыстауы
14168;14159;623851113;Жарма қыстауы
14169;14159;623851114;Жарық қыстауы
14170;14159;623851116;Қараиын қыстауы
14171;14159;623851117;Қаратөбе қыстауы
14172;14159;623851118;Келдібек қыстауы
14173;14159;623851119;Көпжасар қыстауы
14174;14159;623851121;Құттыбай қыстауы
14175;14159;623851123;Қумола қыстауы
14176;14159;623851125;Майтөбе қыстауы
14177;14159;623851126;Мысықтөбе қыстауы
14178;14159;623851127;Тұяқ қыстауы
14179;14159;623851128;Тоғызбай қыстауы
14180;14159;623851131;Сарыин қыстауы
14181;14159;623851133;Сейіт қыстауы
14182;14159;623851137;Шиліқұдық қыстауы
14183;14159;623851139;Шотыбас қыстауы
14184;14159;623851141;Қошқарбай қыстауы
14185;14032;623853000;Қорғасын а.о.
14186;14185;623853100;Қорғасын а.
14187;14186;623853102;Алтуайт қыстауы
14188;14186;623853104;Байтлеу қыстауы
14189;14186;623853105;Дүйсен қыстауы
14190;14186;623853106;Есенбек қыстауы
14191;14186;623853107;Жаманбас қыстауы
14192;14186;623853108;Жекешат 1 қыстауы
14193;14186;623853109;Жекешат 2 қыстауы
14194;14186;623853111;Исалық қыстауы
14195;14186;623853112;Көксай қыстауы
14196;14186;623853113;Көксу қыстауы
14197;14186;623853116;Қушоқы қыстауы
14198;14186;623853117;Қызылшың қыстауы
14199;14186;623853118;Малмола қыстауы
14200;14186;623853121;Нұрман қыстауы
14201;14186;623853122;Орнықпай қыстауы
14202;14186;623853123;Оспан қыстауы
14203;14186;623853124;Тоғызқұдық қыстауы
14204;14186;623853125;Итауыз қыстауы
14205;14185;623853300;Үңгірлі а.
14206;14205;623853303;Ақастау қыстауы
14207;14205;623853304;Алпан қыстауы
14208;14205;623853305;Аралбай қыстауы
14209;14205;623853306;Бақалы қыстауы
14210;14205;623853309;Домбыгүл қыстауы
14211;14205;623853311;Көктал қыстауы
14212;14205;623853317;Шонтық қыстауы
14213;14032;623855000;Қоскөл а.о.
14214;14213;623855100;Қоскөл а.
14215;14214;623855102;Ақбекет қыстауы
14216;14214;623855103;Боскөпе қыстауы
14217;14214;623855104;Ешкіқұм қыстауы
14218;14214;623855105;Жанабай қыстауы
14219;14214;623855106;Китар 1 қыстауы
14220;14214;623855107;Қосбармақ а.
14221;14214;623855108;Сарыөзек қыстауы
14222;14214;623855109;Таңқы қыстауы
14223;14214;623855111;Китар 2 қыстауы
14224;14214;623855112;Көктал қыстауы
14225;14214;623855113;Кәрікөң қыстауы
14226;14214;623855114;Мешіт 1 қыстауы
14227;14214;623855115;Ақжайлау қыстауы
14228;14214;623855116;Ақшелек қыстауы
14229;14214;623855117;Әбен қыстауы
14230;14214;623855118;Бақан 1 қыстауы
14231;14214;623855119;Бақан 2 қыстауы
14232;14214;623855121;Бакан 3 қыстауы
14233;14214;623855122;Зортөбе қыстауы
14234;14214;623855123;Имен қыстауы
14235;14214;623855124;Қоскен қыстауы
14236;14214;623855125;Қосқұдық қыстауы
14237;14214;623855126;Мойнақ қыстауы
14238;14214;623855127;Үрпен қыстауы
14239;14214;623855128;Шортанбай қыстауы
14240;14214;623855129;Ақсақал қыстауы
14241;14214;623855131;Алтыкөл қыстауы
14242;14214;623855132;Қала қыстауы
14243;14214;623855133;Доңыз қыстауы
14244;14214;623855134;Қоңыртөбе қыстауы
14245;14214;623855135;Кішікиік қыстауы
14246;14214;623855136;Садық қыстауы
14247;14214;623855137;Шентай қыстауы
14248;14032;623863000;Мұқан Иманжанов атын.а.о.
14249;14248;623863100;Айыртау а.
14250;14249;623863102;Аққора қыстауы
14251;14249;623863104;Бесшілік қыстауы
14252;14249;623863105;Жаңақора қыстауы
14253;14249;623863107;Жылықуыс қыстауы
14254;14249;623863109;Қаражол 1 қыстауы
14255;14249;623863111;Қаражол 2 қыстауы
14256;14249;623863114;Тұяқ қыстауы
14257;14248;623863200;Қызылүй а.
14258;14257;623863202;Ақан қыстауы
14259;14257;623863203;Ақсай қыстауы
14260;14257;623863204;Арпабұлақ қыстауы
14261;14257;623863205;Балтай қыстауы
14262;14257;623863207;Жалаңаяқ қыстауы
14263;14257;623863208;Игібай қыстауы
14264;14257;623863209;Кәрікөң қыстауы
14265;14257;623863211;Қайыңдысай қыстауы
14266;14257;623863212;Қарағандысай қыстауы
14267;14257;623863213;Қособа қыстауы
14268;14257;623863214;Қызылдән қыстауы
14269;14257;623863215;Қыпшақпай қыстауы
14270;14257;623863216;Ноғай қыстауы
14271;14257;623863217;Омар қыстауы
14272;14257;623863218;Саламат қыстауы
14273;14257;623863219;Сарынсай қыстауы
14274;14257;623863221;Серәлі қыстауы
14275;14257;623863223;Ұзынбұлақ қыстауы
14276;14248;623863300;Талдысай а.
14277;14276;623863302;Ақши қыстауы
14278;14276;623863303;Балқан қыстауы
14279;14276;623863306;Керегетас қыстауы
14280;14276;623863307;Комсомол қыстауы
14281;14276;623863308;Қойлыкөң қыстауы
14282;14276;623863309;Қотыр қыстауы
14283;14276;623863311;Мыңшүкір қыстауы
14284;14276;623863312;Стандарт қыстауы
14285;14032;623865000;Мыйбұлақ а.о.
14286;14285;623865100;Мыйбұлақ а.
14287;14286;623865102;Баскөң қыстауы
14288;14286;623865103;Бесқауға қыстауы
14289;14286;623865104;Батыр қыстауы
14290;14286;623865105;Баймырза а.
14291;14286;623865106;Түпкірши қыстауы
14292;14286;623865107;Кент 1 қыстауы
14293;14286;623865108;Кент 2 қыстауы
14294;14286;623865109;Қопабай қыстауы
14295;14286;623865111;Көктабан қыстауы
14296;14286;623865112;Қозыбек қыстауы
14297;14286;623865113;Мектеп қыстауы
14298;14286;623865114;Апақай а.
14299;14286;623865115;Баскөң қыстауы
14300;14286;623865116;Басқауға қыстауы
14301;14286;623865117;Долағай қыстауы
14302;14286;623865118;Дүзгенжал қыстауы
14303;14286;623865119;Қандықарабас қыстауы
14304;14286;623865121;Қатынқұм қыстауы
14305;14286;623865122;Ортакөң қыстауы
14306;14286;623865123;Қотан-Шеңгел қыстауы
14307;14286;623865124;Қарақойын а.
14308;14286;623865125;Бақансалды қыстауы
14309;14286;623865126;Ермекбай қыстауы
14310;14286;623865127;Қарабаз қыстауы
14311;14286;623865128;Орталық қыстауы
14312;14286;623865129;Сәмен қыстауы
14313;14286;623865131;Қолан қыстауы
14314;14286;623865132;Тұрсынбай қыстауы
14315;14286;623865133;Тезекбай а.
14316;14285;623865200;Аққеңсе а.
14317;14316;623865202;Астауши қыстауы
14318;14316;623865204;Басбұлақ 1,2 қыстауы
14319;14316;623865205;Қамбар қыстауы
14320;14316;623865206;Қаратүзген қыстауы
14321;14316;623865207;Құрманбай қыстауы
14322;14316;623865208;Қыздыңшиі қыстауы
14323;14316;623865209;Қызылқұдық қыстауы
14324;14316;623865211;Малдыбай 1,2 қыстауы
14325;14316;623865212;Сарай қыстауы
14326;14316;623865213;Толғанбай қыстауы
14327;14316;623865214;Талды қыстауы
14328;14316;623865215;Тамаш қыстауы
14329;14316;623865216;Төрткөл қыстауы
14330;14316;623865217;Ханкелді қыстауы
14331;14032;623871000;Қаракеңгір а.о.
14332;14331;623871100;Бозтұмсық а.
14333;14332;623871102;Ағыбай қыстауы
14334;14332;623871103;Айқожа қыстауы
14335;14332;623871105;Дабыл қыстауы
14336;14332;623871106;Дүзен қыстауы
14337;14332;623871108;Кәрікөң қыстауы
14338;14332;623871111;Қазыбек қыстауы
14339;14332;623871112;Қарашоқы қыстауы
14340;14332;623871113;Қоянды қыстауы
14341;14332;623871114;Құмдыадыр қыстауы
14342;14332;623871115;Қызылтүрме қыстауы
14343;14332;623871116;Қызылүй қыстауы
14344;14332;623871117;Сиректас қыстауы
14345;14332;623871119;Тасқора қыстауы
14346;14332;623871121;Төлеубай қыстауы
14347;14332;623871122;Түйебай қыстауы
14348;14332;623871124;Шуылдақ қыстауы
14349;14332;623871125;Көкбұлақ а.
14350;14332;623871126;Бөрілі қыстауы
14351;14332;623871127;Құласу қыстауы
14352;14332;623871128;Теректі қыстауы
14353;14332;623871129;Калинино а.
14354;14332;623871131;Амантөбе а.
14355;14332;623871132;Бірман-Хамит қыстауы
14356;14332;623871133;Кішіқотыр қыстауы
14357;14332;623871134;Қызылүй қыстауы
14358;14332;623871138;Қызылшың қыстауы
14359;14332;623871139;Үлкенқотыр қыстауы
14360;14332;623871141;Ши қыстауы
14361;14332;623871142;Тоба қыстауы
14362;14332;623871143;Бегімбет қыстауы
14363;14332;623871144;Есжан қыстауы
14364;14332;623871145;Ақжар қыстауы
14365;14332;623871146;Есенбек қыстауы
14366;14332;623871147;Ишан қыстауы
14367;14332;623871148;Шірікбай қыстауы
14368;14332;623871149;Бейіс қыстауы
14369;14332;623871151;Шарықтас қыстауы
14370;14332;623871152;Түсіп қыстауы
14371;14332;623871153;Барақкөл қыстауы
14372;14332;623871154;Махат қыстауы
14373;14032;623875000;Сарысу а.о.
14374;14373;623875100;Жыланды а.
14375;14374;623875102;Жиделі а.
14376;14374;623875103;Қазыбек а.
14377;14374;623875104;Ахмет 2 қыстауы
14378;14374;623875105;Көктабан 1 қыстауы
14379;14374;623875106;Көктабан 2 қыстауы
14380;14374;623875107;Райыс қыстауы
14381;14374;623875108;Таукебай қыстауы
14382;14374;623875109;Тірсек қыстауы
14383;14374;623875111;Шыныбек қыстауы
14384;14374;623875112;Тасоба а.
14385;14374;623875113;Ахмет қыстауы
14386;14374;623875114;Күлен 3 қыстауы
14387;14374;623875115;Қаражігіт қыстауы
14388;14374;623875116;Оспан қыстауы
14389;14374;623875117;Табан қыстауы
14390;14374;623875118;Ерубай қыстауы
14391;14374;623875119;Аққыстау қыстауы
14392;14374;623875121;Арын қыстауы
14393;14374;623875122;Арай қыстауы
14394;14374;623875123;Күзек қыстауы
14395;14373;623875500;Түйемойнақ а.
14396;14395;623875502;Қарабидай қыстауы
14397;14395;623875503;Қосапан қыстауы
14398;14395;623875504;Қосқұдық 2 қыстауы
14399;14395;623875511;Түйемойнақ қыстауы
14400;14395;623875512;Үштаған қыстауы
14401;14395;623875514;Шекара қыстауы
14402;14395;623875515;рзд.280
14403;14032;623879000;Терісаққан а.о.
14404;14403;623879100;Терісаққан а.
14405;14403;623879200;Қоскөл а.
14406;14405;623879202;Бұхарбай қыстауы
14407;14405;623879204;Күнтуған қыстауы
14408;14405;623879205;Қоскөл қыстауы
14409;14405;623879208;Сарытоған қыстауы
14410;14405;623879212;Ұста 2 қыстауы
14411;0;630000000;Шығыс Қазақстан облысы
14412;14411;631000000;Өскемен Қ.Ә.
14413;14412;631000200;Ахмирово а.
14414;14412;631000300;Меновное а.
14415;14412;631000400;Прудхоз а.
14416;14412;631000500;Ново-Ахмирово а.
14417;14412;631000600;Ново-Троицкое а.
14418;14412;631000700;Ново-Явленка а.
14419;14412;631000800;Самсоновка а.
14420;14412;631010000;Өскемен қ.
14421;14411;632400000;Риддер Қ.Ә.
14422;14421;632400200;Үлбі к.
14423;14421;632400300;Бутаково а.
14424;14421;632400400;Лениногор орманшар
14425;14424;632400405;Тишинский а.
14426;14424;632400480;Лесное а.
14427;14424;632400485;рзд.71 км
14428;14421;632400500;Жоғарғы Хариузовка а.
14429;14428;632400503;Ларионов үйі
14430;14428;632400505;Громатуха а.
14431;14421;632400600;Поперечное а.
14432;14431;632400602;Болатов кыстауы
14433;14431;632400603;Кордон
14434;14431;632400604;Банников шарқож
14435;14431;632400605;Жуков шарқож
14436;14431;632400606;Глушаков омартасы
14437;14431;632400607;Каймаков шарқож
14438;14431;632400608;Кордон орманшар
14439;14431;632400680;Пригордное а.
14440;14431;632400682;Аэродромное а.
14441;14431;632400687;Крольчатник а.
14442;14421;632400700;Ульбастрой ст.
14443;14421;632400800;Коноваловка а.
14444;14421;632400900;Ливино а.
14445;14444;632400905;Резников омартасы
14446;14444;632400907;Ермолаевка а.
14447;14444;632400908;Гусликов қонысы
14448;14444;632400909;Сыромятников қонысы
14449;14444;632400911;Новая Королевка а.
14450;14444;632400912;Алаев Б. қонысы
14451;14444;632400913;Афанасева қонысы
14452;14444;632400914;Базилевский қонысы
14453;14444;632400915;Бурыкин қонысы
14454;14444;632400916;Гусликов қонысы
14455;14444;632400917;Кармуков қонысы
14456;14444;632400918;Немцев қонысы
14457;14444;632400919;Пыриков қонысы
14458;14444;632400921;Сизев қонысы
14459;14444;632400922;Синельников қонысы
14460;14444;632400923;Сорокин қонысы
14461;14444;632400924;Кривошапов қонысы
14462;14444;632400925;Черенков қонысы
14463;14444;632400926;Черков қонысы
14464;14444;632400927;Ягин шарқож
14465;14444;632400928;Сегізінші Март а.
14466;14444;632400929;Козлов қонысы
14467;14444;632400931;Кривых қонысы
14468;14444;632400932;Немцев қонысы
14469;14444;632400933;Сазонов шарқож
14470;14444;632400934;Синюшонок а.
14471;14444;632400935;Алаев қонысы
14472;14421;632410000;Риддер қ.
14473;14411;634000000;Глубокое ауданы
14474;14473;634030000;Глубокое а.о.
14475;14474;634030100;Глубокое а.
14476;14473;634033000;Алтай а.ә.
14477;14476;634033100;Алтай а.
14478;14473;634037000;Белоусов а.о.
14479;14478;634037100;Белоусовка а.
14480;14473;634039000;Бобров а.о.
14481;14480;634039100;Бобровка а.
14482;14480;634039300;Солнечное а.
14483;14473;634041000;Веселов а.о.
14484;14483;634041100;Веселовка а.
14485;14483;634041200;Заречное а.
14486;14473;634045000;Жоғарғы Березовка а.ә.
14487;14486;634045100;Жоғарғы Березовка а.
14488;14473;634047000;Берёзовка а.о.
14489;14488;634047100;Березовка а.
14490;14489;634047102;Красная Заря а.
14491;14473;634049000;Ертіс а.о.
14492;14491;634049100;Прапорщиково а.
14493;14492;634049105;Қызылпартизан а.
14494;14491;634049300;рзд.226 км
14495;14491;634049400;Уварово а.
14496;14491;634049500;Черногорка а.
14497;14473;634051000;Кожохов а.о.
14498;14497;634051100;Кожохово а.
14499;14498;634051108;Еңбек және демалыс лагері
14500;14498;634051111;ферма
14501;14497;634051200;Прогресс а.
14502;14473;634053000;Краснояр а.о.
14503;14502;634053100;Предгорное а.
14504;14503;634053103;Теміржол өткелі 174 км
14505;14503;634053105;Теміржол өткелі 195 км
14506;14502;634053300;Перевальное а.
14507;14473;634055000;Быструха а.о.
14508;14507;634055100;Быструха а.
14509;14508;634055105;Қыстау
14510;14508;634055108;КХ Фараджев
14511;14508;634055111;Александровка мекені
14512;14507;634055300;Зимовье а.
14513;14473;634057000;Малоубинское а.о.
14514;14513;634057100;Малоубинка а.
14515;14514;634057103;Волчиха а.
14516;14514;634057105;Маховка а.
14517;14473;634061000;Опытное поле а.о.
14518;14517;634061100;Опытное поле а.
14519;14518;634061103;СТФ
14520;14518;634061105;Бригада а.
14521;14518;634061106;Шалғай ферма
14522;14518;634061108;ТПБ учаскесі
14523;14473;634063000;Секисов а.о.
14524;14523;634063100;Секисовка а.
14525;14524;634063105;Календарка а.
14526;14524;634063106;Коммунна а.
14527;14524;634063108;Лифага а.
14528;14523;634063300;Белокаменка а.
14529;14523;634063600;Новомихайловка а.
14530;14523;634063700;Планидовка а.
14531;14473;634065000;Ушанов а.о.
14532;14531;634065100;Ушаново а.
14533;14531;634065200;Каменный Карьер а.
14534;14531;634065400;Степное а.
14535;14473;634067000;Тархан а.о.
14536;14535;634067100;Тарханка а.
14537;14536;634067103;Теміржол өткелі 275 км
14538;14535;634067200;Веселое а.
14539;14535;634067300;Винное а.
14540;14535;634067500;Ново-Ульбинка а.
14541;14535;634067600;Үлбі перевалочная ст.
14542;14535;634067700;Таулы Үлбі а.
14543;14535;634067800;Топиха а.
14544;14473;634069000;Черемшан а.о.
14545;14544;634069100;Черемшанка а.
14546;14545;634069104;Ряжи а.
14547;14545;634069105;Солнышко пионерлагері
14548;14545;634069109;Орловка а.
14549;14411;634600000;Зайсан ауданы
14550;14549;634620000;Зайсан қ.ә.
14551;14550;634620100;Зайсан қ.
14552;14549;634633000;Біржан а.о.
14553;14552;634633100;Біржан а.
14554;14553;634633105;Біріншы а.
14555;14553;634633107;Нәсілбек а.
14556;14553;634633109;Қызылағаш а.
14557;14553;634633113;Қалихан а.
14558;14552;634633200;Ақарал а.
14559;14558;634633207;Кардон а.
14560;14558;634633208;Тасбай а.
14561;14552;634633300;Қуаныш а.
14562;14561;634633307;Жайыр а.
14563;14561;634633308;Қалқабай а.
14564;14561;634633315;Жол Жайыр а.
14565;14561;634633317;Сексен а.
14566;14549;634635000;Қаратал а.о.
14567;14566;634635100;Қаратал а.
14568;14566;634635200;Жіңішкесу а.
14569;14568;634635203;Үштерек а.
14570;14566;634635300;Қабырғатал а.
14571;14570;634635302;Елеке а.
14572;14570;634635303;Жиде а.
14573;14570;634635304;мекен 4
14574;14570;634635305;мекен 10
14575;14570;634635306;мекен 13
14576;14570;634635307;мекен 15
14577;14570;634635308;мекен 16
14578;14570;634635311;мекен 5
14579;14570;634635312;мекен 14
14580;14570;634635313;Тоғызбай а.
14581;14566;634635400;Қосқора а.
14582;14581;634635402;Ақкезең а.
14583;14581;634635404;Боқтыбұлақ а.
14584;14581;634635405;Елегенбұлақ а.
14585;14581;634635406;Қуқарағай а.
14586;14581;634635407;Құйған а.
14587;14581;634635408;Майкапшагай а.
14588;14581;634635409;Майшілік 1 а.
14589;14581;634635411;Ласты а.
14590;14581;634635413;Сүйімбұлақ а.
14591;14581;634635415;Тойжан а.
14592;14581;634635417;Түбек а.
14593;14581;634635418;Жабай а.
14594;14581;634635419;Кордон а.
14595;14581;634635421;Тасбаз а.
14596;14566;634635500;Үлкен Қаратал а.
14597;14596;634635502;Әміребаз а.
14598;14596;634635503;Арбақан а.
14599;14596;634635504;Ақши 1 а.
14600;14596;634635505;Ақши 2 а.
14601;14596;634635506;Дөңбекқора а.
14602;14596;634635507;Жадыра а.
14603;14596;634635508;Жазыққора а.
14604;14596;634635509;Кордон 1 а.
14605;14596;634635511;Кордон 2 а.
14606;14596;634635513;Қарасу а.
14607;14596;634635515;Күйгенбаз а.
14608;14596;634635516;Түйебаз а.
14609;14549;634637000;Кеңсай а.о.
14610;14609;634637100;Кеңсай а.
14611;14610;634637102;Айдағарлы а.
14612;14610;634637103;Аяққы Еділ а.
14613;14610;634637104;Басқы Еділ а.
14614;14610;634637105;Екіаша а.
14615;14610;634637106;Ешкібаза а.
14616;14610;634637107;Қизат 1 а.
14617;14610;634637108;Қизат 2 а.
14618;14610;634637109;Ортанғы Еділ а.
14619;14610;634637111;Сарқырама а.
14620;14610;634637112;Сарши а.
14621;14610;634637115;Шұрық а.
14622;14609;634637200;Бақасу а.
14623;14609;634637300;Жарсу а.
14624;14623;634637303;Комсомол а.
14625;14609;634637600;Сарыжыра а.
14626;14625;634637609;Нүкенбаз
14627;14625;634637613;Ескі бірінші а.
14628;14549;634639000;Қарабұлақ а.о.
14629;14628;634639100;Қарабұлақ а.
14630;14629;634639105;Тасқора а.
14631;14628;634639200;Дауал а.
14632;14631;634639202;Аяққы Жаманқара а.
14633;14631;634639204;Орта Жаманқара а.
14634;14631;634639205;Сарқырама а.
14635;14631;634639206;Шәйбұлақ а.
14636;14631;634639207;Басқы Жаманқара а.
14637;14631;634639208;Бурақан а.
14638;14631;634639209;Аяққы Шұңқырбай а.
14639;14631;634639211;Қоршат а.
14640;14631;634639213;Өлеңсай а.
14641;14631;634639214;Қараталды а.
14642;14631;634639215;Ауызталды а.
14643;14631;634639216;Сиырбай а.
14644;14631;634639217;Раушан а.
14645;14631;634639218;Тарлаулы а.
14646;14631;634639219;Ақша а.
14647;14631;634639221;Шолақбұлақ а.
14648;14628;634639400;Мұқашы а.
14649;14648;634639403;Жайдақ а.
14650;14648;634639404;Тоқашбай а.
14651;14648;634639405;Центральный а.
14652;14648;634639406;Ыдыржи а.
14653;14628;634639500;Сәтбай а.
14654;14653;634639503;Аяққы Жеміл а.
14655;14653;634639504;Жорғабай а.
14656;14653;634639506;Половинка а.
14657;14653;634639509;Желші а.
14658;14653;634639511;Аэропорт а.
14659;14653;634639512;Рахметола а.
14660;14549;634643000;Сарытерек а.о.
14661;14660;634643100;Сарытерек а.
14662;14661;634643105;Қызылқия а.
14663;14661;634643106;Жалпақ а.
14664;14661;634643107;Кардон а.
14665;14660;634643200;Аққойын а.
14666;14665;634643202;Әңгіме а.
14667;14665;634643203;Мәңке а.
14668;14665;634643207;Ескі Орталық а.
14669;14665;634643209;Қызыл-Қора а.
14670;14665;634643211;Көлебай а.
14671;14665;634643213;Тоқтарбай а.
14672;14665;634643215;Сарышоқы а.
14673;14660;634643300;Шалқар а.
14674;14660;634643600;Көгедай а.
14675;14674;634643605;Кеңарал а.
14676;14674;634643606;Қарақұм 1 а.
14677;14674;634643607;Қарақұм 2 а.
14678;14674;634643608;Қызылбаз а.
14679;14674;634643609;Мешел а.
14680;14674;634643611;Детдом а.
14681;14674;634643612;Алпар а.
14682;14674;634643613;ЛСП
14683;14674;634643614;Жаңабаз а.
14684;14549;634645000;Айнабұлақ а.о.
14685;14684;634645100;Айнабұлақ а.
14686;14685;634645105;Кировзавод
14687;14685;634645106;Жемдеуцехы
14688;14685;634645107;Қосағаш 1 а.
14689;14685;634645109;Қызылбаз а.
14690;14685;634645123;Хадиша а.
14691;14685;634645124;Талды а.
14692;14685;634645125;Айбала а.
14693;14685;634645126;Мәдени а.
14694;14685;634645127;Шолақбұлақ а.
14695;14685;634645128;Окей а.
14696;14685;634645129;Сарытұмсық а.
14697;14685;634645131;Ақтам а.
14698;14685;634645132;Таянбай а.
14699;14685;634645133;Ашылы а.
14700;14685;634645134;Үңгірқора а.
14701;14684;634645200;Жаңатұрмыс а.
14702;14701;634645202;Азанбай а.
14703;14701;634645203;Биебау а.
14704;14701;634645204;Бүргенді а.
14705;14701;634645205;Күйан а.
14706;14701;634645206;Сандықтас а.
14707;14701;634645207;Ұранбай а.
14708;14701;634645208;Үлкенжеменей а.
14709;14701;634645209;Қайнар а.
14710;14701;634645211;Кіші Жеменей а.
14711;14701;634645212;Құйған -2 а.
14712;14701;634645213;Лагерь а.
14713;14701;634645214;Ұранбай-2 а.
14714;14684;634645400;Қайнар а.
14715;14714;634645402;Петроград а.
14716;14714;634645404;Октябрь 2 а.
14717;14684;634645600;Шүршітсу а.
14718;14717;634645602;Айдапкел 2 а.
14719;14717;634645603;Ащылы а.
14720;14717;634645604;Қыңырбайқисық а.
14721;14717;634645605;Айдапкел 1 а.
14722;14717;634645606;Ақсай а.
14723;14717;634645607;Доланалы а.
14724;14717;634645608;Қызыл а.
14725;14717;634645609;Қызыл-баз а.
14726;14717;634645611;Мешін а.
14727;14549;634647000;Дайыр а.о.
14728;14727;634647100;Дайыр а.
14729;14728;634647102;Ақсу а.
14730;14728;634647103;Алтыбай а.
14731;14728;634647104;Аяған а.
14732;14728;634647107;Көлеңке а.
14733;14728;634647108;Нұғыман а.
14734;14728;634647114;Андреш а.
14735;14728;634647115;Бекбай а.
14736;14728;634647116;6-мекен а.
14737;14727;634647200;Жамбыл а.
14738;14737;634647203;Ақшабай а.
14739;14737;634647206;Естімес а.
14740;14737;634647207;Кіші Орталық а.
14741;14737;634647208;Майчат а.
14742;14737;634647209;Тебеген а.
14743;14737;634647211;Үлкен Орталық а.
14744;14727;634647300;Көкжыра а.
14745;14744;634647305;Ботай баз а.
14746;14744;634647306;Жалғыз Ағаш а.
14747;14744;634647308;Кїшік жал а.
14748;14744;634647309;Орталық а.
14749;14549;634649000;Шілікті а.о.
14750;14749;634649100;Шілікті а.
14751;14750;634649103;Қазақстан а.
14752;14749;634649200;Жалшы а.
14753;14752;634649203;Көкбастау а.
14754;14752;634649209;Орта Көкбастау а.
14755;14749;634649300;Какенталды а.
14756;14755;634649303;Кеңбұлақ а.
14757;14749;634649500;Қарасай а.
14758;14749;634649600;Тасбастау а.
14759;14758;634649605;Құрт а.
14760;14758;634649607;Сарыши а.
14761;14758;634649611;Төстіков а.
14762;14758;634649613;Шукин а.
14763;14758;634649614;Кемпірбұлақ а.
14764;14411;634800000;Алтай ауданы
14765;14764;634820000;Алтай қ.ә.
14766;14765;634820100;Алтай қ.
14767;14765;634820200;Березовское а.
14768;14764;634821100;Серебрянск қ.
14769;14764;634835000;Жаңа Бұқтырма а.о.
14770;14769;634835100;Жаңа Бұқтырма а.
14771;14770;634835103;Көгілдіршығанақ демалыс үйі
14772;14769;634835200;Александровка а.
14773;14769;634835300;Березовка а.
14774;14764;634837000;Зубов а.о.
14775;14774;634837100;Зубовка а.
14776;14764;634839000;Малеевск а.о.
14777;14776;634839100;Малеевск а.
14778;14777;634839105;Ново-Калиновск а.
14779;14776;634839200;Богатырево а.
14780;14776;634839300;Быково а.
14781;14776;634839500;Путинцево а.
14782;14781;634839503;Козлушка а.
14783;14781;634839506;Шумовск а.
14784;14764;634841000;Октябрь а.о.
14785;14784;634841100;Октябрьский а.
14786;14784;634841200;Бұқтырма ст.
14787;14784;634841300;Сажаевка а.
14788;14787;634841303;Алтайшығанағы турбазасы
14789;14784;634841400;Селезневка ст.
14790;14764;634843000;Никольский а.о.
14791;14790;634843100;Никольск а.
14792;14790;634843200;Алтайка а.
14793;14790;634843300;Бородино а.
14794;14790;634843400;Кремнюха а.
14795;14764;634845000;Парыгин а.о.
14796;14795;634845100;Парыгино а.
14797;14796;634845103;Бобровка а.
14798;14795;634845200;Баяновск а.
14799;14798;634845205;Жылыбұлақ а.
14800;14764;634847000;Полянское а.о.
14801;14800;634847100;Полянское а.
14802;14800;634847200;Васильевка а.
14803;14800;634847300;Дородница а.
14804;14764;634849000;Прибрежный а.о.
14805;14804;634849100;Прибрежный а.
14806;14804;634849200;Заводинка а.
14807;14764;634853000;Северный а.о.
14808;14807;634853100;Феклистовка а.
14809;14808;634853105;Кировск а.
14810;14807;634853200;Ермаковка а.
14811;14807;634853400;Северное а.
14812;14764;634855000;Соловьев а.о.
14813;14812;634855100;Соловьево а.
14814;14812;634855300;Жаңашаруа а.
14815;14812;634855500;Маяк а.
14816;14812;634855600;Подорленок а.
14817;14764;634857000;Средигор а.о.
14818;14817;634857100;Средигорное а.
14819;14817;634857200;Александровка а.
14820;14817;634857300;Андреевка а.
14821;14817;634857400;Шірікқайың а.
14822;14764;634859000;Тұрғысын а.о.
14823;14822;634859100;Тұрғысын а.
14824;14823;634859103;Осиновка а.
14825;14764;634861000;Чапаев а.о.
14826;14825;634861100;Чапаево а.
14827;14825;634861200;Крестовка а.
14828;14825;634861300;Орловка а.
14829;14825;634861400;Пролетарка а.
14830;14825;634861500;Снегирево а.
14831;14825;634861600;Шығыс а.
14832;14831;634861602;Алтынсай а.
14833;14411;635200000;Күршім ауданы
14834;14833;635230000;Күршім а.о.
14835;14834;635230100;Күршім а.
14836;14835;635230102;Ақтас уч.
14837;14835;635230103;Мальковое уч.
14838;14835;635230104;Жіңішке уч.
14839;14835;635230105;Қатпанов уч.
14840;14835;635230106;Көкжыра уч.
14841;14835;635230107;Қызыл Терек уч.
14842;14835;635230108;Қызылтөбе уч.
14843;14835;635230109;Мойнақ уч.
14844;14835;635230111;Сартерек уч.
14845;14835;635230112;Шошқаферма уч.
14846;14835;635230113;Рахметолдин уч.
14847;14835;635230114;Құсферма уч.
14848;14835;635230115;Тастоғам уч.
14849;14835;635230116;Чупенов уч.
14850;14835;635230117;4 бригада уч.
14851;14835;635230118;10 бригада уч.
14852;14835;635230119;АБЗ уч.
14853;14835;635230121;Төре - Тоғам уч.
14854;14835;635230122;Діңгек а.
14855;14834;635230200;Алғабас а.
14856;14855;635230203;Армянбаз уч.
14857;14855;635230204;Жаңа баз 1 уч.
14858;14855;635230205;Тораңғы уч.
14859;14855;635230206;Жаңа баз 2 уч.
14860;14855;635230207;Кіші Аққұдық уч.
14861;14855;635230208;Стрижка уч.
14862;14855;635230209;Шешен баз уч.
14863;14855;635230211;Шонабай уч.
14864;14855;635230212;Үлкен Аққұдық уч.
14865;14834;635230400;Топтерек а.
14866;14865;635230403;Қабақ уч.
14867;14865;635230405;Қараөзек уч.
14868;14833;635233000;Абай а.о.
14869;14868;635233100;Бурабай а.
14870;14869;635233102;Байжан а.
14871;14869;635233104;Жұман а.
14872;14869;635233106;Конный а.
14873;14869;635233111;Тұма а.
14874;14869;635233113;Орталық а.
14875;14869;635233114;Нұғыман уч.
14876;14869;635233115;Көкжота уч.
14877;14869;635233116;Төсқайың а.
14878;14868;635233300;Қойтас а.
14879;14878;635233302;Волков а.
14880;14878;635233304;Купка а.
14881;14878;635233308;Сайлыбай а.
14882;14878;635233315;Тышқан а.
14883;14878;635233317;Үржан а.
14884;14878;635233318;Заготскот уч.
14885;14878;635233319;Айдар уч.
14886;14878;635233321;Көкалабұлақ уч.
14887;14868;635233400;Теректібұлақ а.
14888;14887;635233403;Бригада 10
14889;14887;635233406;Қызылтас уч.
14890;14833;635237000;Балықшы а.о.
14891;14890;635237100;Ақсуат а.
14892;14891;635237105;Бекен уч.
14893;14891;635237106;Жанбай Асенов уч.
14894;14891;635237107;Жанбай Мұхамадиев уч.
14895;14891;635237108;Қоржын уч.
14896;14891;635237109;Тойбазар уч.
14897;14890;635237200;Аманат а.
14898;14897;635237205;Бесоба уч.
14899;14897;635237206;Бүйрек уч.
14900;14897;635237207;Ильяс қора уч.
14901;14897;635237208;Итмұрын уч.
14902;14897;635237209;Қарақойын уч.
14903;14897;635237211;Кіші Жалаңаш уч.
14904;14897;635237212;Мұратхан уч.
14905;14890;635237300;Жолнұсқау а.
14906;14905;635237305;Бота өлген уч.
14907;14905;635237306;Қарағанды уч.
14908;14905;635237308;Тақмүшке Қадролдинов уч.
14909;14905;635237309;Тақмүшке Сәкенов Е. уч.
14910;14833;635249000;Қалғұтты а.о.
14911;14910;635249100;Қаратоғай а.
14912;14911;635249102;Бабатілеу а.
14913;14911;635249103;Баубек а.
14914;14911;635249104;Бестерек а.
14915;14911;635249105;Доғалбай а.
14916;14911;635249106;Дүйсенбі а.
14917;14911;635249108;Ашыбасы уч.
14918;14911;635249109;Козыбай а.
14919;14911;635249112;Жанасбай уч.
14920;14911;635249113;Сарыбайкіші а.
14921;14911;635249115;Сарыбайїлкен а.
14922;14911;635249116;Сопы уч.
14923;14911;635249117;Сымтік а.
14924;14911;635249118;Еңбек шар.қонысы
14925;14911;635249119;Шақаев уч.
14926;14911;635249121;Шакер уч.
14927;14911;635249122;Жылытау а.
14928;14911;635249123;Айнабастау а.
14929;14911;635249124;Қазантай а.
14930;14910;635249200;Ақши а.
14931;14930;635249203;Арғымақ а.
14932;14930;635249205;Дорбен уч.
14933;14930;635249208;Кормоцех уч.
14934;14910;635249300;Егіндібұлақ а.
14935;14934;635249303;Терісайрық а.
14936;14833;635255000;Құйған а.о.
14937;14936;635255100;Құйған а.
14938;14937;635255109;Телевышка уч.
14939;14936;635255200;Қайнар а.
14940;14939;635255203;Шірікаяқ а.
14941;14939;635255205;Қарабұлақ а.
14942;14936;635255400;Қайыңды а.
14943;14833;635257000;Маралды а.о.
14944;14943;635257100;Маралды а.
14945;14944;635257105;Алтай шар.қонысы
14946;14944;635257107;Жұма а.
14947;14944;635257111;Лұқпан а.
14948;14944;635257113;Өртен уч.
14949;14944;635257115;Күркелі уч.
14950;14943;635257300;Күршімқыстауы а.
14951;14950;635257307;Қорық уч.
14952;14950;635257309;Орысай уч.
14953;14943;635257500;Үшбұлақ а.
14954;14953;635257504;Сарытау шар.қонысы
14955;14953;635257506;Сарытау уч.
14956;14953;635257507;Батпақ уч.
14957;14833;635259000;Сарыөлең а.о.
14958;14957;635259100;Сарыөлең а.
14959;14958;635259102;Амангелді шар.қонысы
14960;14958;635259105;Баян-Қызыл уч.
14961;14958;635259106;Водомерка 1 уч.
14962;14958;635259107;Водомерка 2 уч.
14963;14958;635259108;Елубай Көл уч.
14964;14958;635259109;Кенжебай уч.
14965;14958;635259111;Кенетай уч.
14966;14958;635259112;Қызыл Керіш уч.
14967;14958;635259113;Сабырбай уч.
14968;14958;635259114;Сарыкөл уч.
14969;14958;635259115;Сатжол уч.
14970;14958;635259116;Чункурчи уч.
14971;14958;635259117;Чурегей уч.
14972;14957;635259300;Бірлік а.
14973;14972;635259311;Тоқабай уч.
14974;14957;635259400;Барақ батыр а.
14975;14974;635259402;Абақан уч.
14976;14974;635259405;Куговой уч.
14977;14974;635259409;Молодежный уч.
14978;14411;635400000;Катонқарағай ауданы
14979;14978;635430000;Катонқарағай а.о.
14980;14979;635430100;Катонқарағай а.
14981;14979;635430200;Жаңаүлгі а.
14982;14979;635430300;Қабырға а.
14983;14979;635430400;Мойылды а.
14984;14979;635430500;Шыңғыстай а.
14985;14978;635433000;Ақсу а.о.
14986;14985;635433100;Ақсу а.
14987;14986;635433109;Талды а.
14988;14985;635433200;Жазаба а.
14989;14985;635433300;Ақшарбақ а.
14990;14985;635433400;Бекалқа а.
14991;14978;635435000;Жамбыл а.о.
14992;14991;635435100;Жамбыл а.
14993;14992;635435102;Маралды а.
14994;14991;635435200;Берель а.
14995;14994;635435205;Қараайрық а.
14996;14991;635435500;Рахманқайнары а.
14997;14978;635445000;Коробиха а.о.
14998;14997;635445100;Коробиха а.
14999;14998;635445107;Усть-Язовая а.
15000;14997;635445200;Барлық а.
15001;14997;635445400;Үшбұлақ а.
15002;14978;635447000;Белқарағай а.о.
15003;15002;635447100;Белқарағай а.
15004;15002;635447200;Өрнек а.
15005;15002;635447300;Согорное а.
15006;15002;635447400;Топқайың а.
15007;14978;635457000;Өріл а.о.
15008;15007;635457100;Өріл а.
15009;15007;635457200;Аршаты а.
15010;15007;635457300;Еңбек а.
15011;14978;635465000;Аққайнар а.о.
15012;15011;635465100;Аққайнар а.
15013;15011;635465200;Қайыңды а.
15014;15011;635465300;Қызылжұлдыз а.
15015;15011;635465400;Ақмарал а.
15016;14411;635500000;Марқакөл ауданы
15017;15016;635530000;Марқакөл а.о.
15018;15017;635530100;Марқакөл а.
15019;15018;635530102;Ашалы шаруаш.қонысы
15020;15018;635530104;Тауық фермасы
15021;15018;635530105;Мойылды а.
15022;15018;635530106;Александровка уч.
15023;15018;635530111;Ақбалшық уч.
15024;15018;635530113;Түйеқұйрық уч.
15025;15018;635530115;Жоғары Ашалы уч.
15026;15018;635530117;Шеттеректі уч.
15027;15018;635530118;Тентек а.
15028;15018;635530119;Омарта
15029;15017;635530200;Ақжайлау а.
15030;15029;635530203;Матабай а.
15031;15017;635530400;Былғарытабыты а.
15032;15031;635530402;Ақбейіт уч.
15033;15031;635530405;Қойтүбек уч.
15034;15031;635530406;Көксалды уч.
15035;15031;635530407;Колен уч.
15036;15031;635530409;Төретұма уч.
15037;15017;635530500;Қарашілік а.
15038;15037;635530505;Шошаң а.
15039;15017;635530600;Қараой а.
15040;15039;635530603;Ақтұма а.
15041;15039;635530604;Жәнібек а.
15042;15039;635530606;Түкүр уч.
15043;15039;635530609;Шанды уч.
15044;15017;635530700;Қайнарлы а.
15045;15016;635533000;Төсқайың а.о.
15046;15045;635533100;Төсқайың а.
15047;15046;635533105;Төсқайың комендатурасы
15048;15045;635533200;Балықтыбұлақ а.
15049;15045;635533300;Бұғымүйіз а.
15050;15045;635533600;Урунхайка а.
15051;15050;635533608;Қарағайлыбұлақ шаруа қонысы
15052;15050;635533609;Жоғарғы Еловка шар.қонысы
15053;15045;635533700;Шағанатты а.
15054;15053;635533705;"Көкжота" заставасы
15055;15053;635533706;"Маралды" заставасы
15056;15053;635533707;"Шағанатты" заставасы
15057;15016;635535000;Боран а.о.
15058;15057;635535100;Боран а.
15059;15058;635535106;За Иртышом 1 уч.
15060;15058;635535107;За Иртышом 2 уч.
15061;15058;635535113;Нәби уч.
15062;15058;635535117;Абдырас уч.
15063;15058;635535119;Көжебай уч.
15064;15058;635535121;Мельница уч.
15065;15058;635535123;Түйетас уч.
15066;15057;635535200;Жаңаауыл а.
15067;15057;635535300;Жиделі а.
15068;15067;635535305;Горка уч.
15069;15067;635535308;Қаратал 1 уч.
15070;15057;635535400;Игілік а.
15071;15070;635535405;Жарық уч.
15072;15057;635535500;Қазақстан а.
15073;15016;635537000;Ақбұлақ а.о.
15074;15073;635537100;Ақбұлақ а.
15075;15074;635537106;Сарыкөбен а.
15076;15074;635537108;Рсак уч.
15077;15074;635537109;Төртінші уч.
15078;15074;635537113;Майтерек шаруа қонысы
15079;15074;635537114;Алтай а.
15080;15073;635537300;Күнгей-Бөкенбай а.
15081;15080;635537302;Нұрғазы а.
15082;15080;635537304;Шілікті а.
15083;15080;635537305;Қасымбек уч.
15084;15080;635537306;Арғынбай уч.
15085;15080;635537307;Тілеу уч.
15086;15080;635537308;Атымтай уч.
15087;15073;635537500;Теріскей Бөкенбай а.
15088;15087;635537505;Қабырғатал уч.
15089;15087;635537509;Саветбай уч.
15090;15016;635539000;Қалжыр а.о.
15091;15090;635539100;Қалжыр а.
15092;15091;635539102;Жырғалаң 1 уч.
15093;15091;635539103;Жырғалаң 2 уч.
15094;15091;635539104;Иманбай уч.
15095;15091;635539106;Қызылжар 1 уч.
15096;15091;635539109;Қос уч.
15097;15091;635539111;Тегістік 1 уч.
15098;15091;635539112;Байшуақ уч.
15099;15091;635539115;Тұмсықши уч.
15100;15090;635539200;Правый Усть-Қалжыр а.
15101;15100;635539202;Бас Шұбаршілік уч.
15102;15100;635539205;Орта Шұбаршілік уч.
15103;15090;635539300;Тақыр а.
15104;15103;635539303;Қашаған уч.
15105;15103;635539304;Қосай уч.
15106;15103;635539309;Таңжарық уч.
15107;15090;635539400;Шеңгелді а.
15108;15107;635539405;Қызылту уч.
15109;15107;635539409;Тасқора уч.
15110;14411;635600000;Самар ауданы
15111;15110;635630000;Самара а.о.
15112;15111;635630100;Самарское а.
15113;15111;635630300;Қайыңды а.
15114;15111;635630500;Шұбарқайың а.
15115;15110;635633000;Аққала а.о.
15116;15115;635633100;Аққала а.
15117;15115;635633200;Жаңажол а.
15118;15115;635633300;Қараөткел а.
15119;15115;635633400;Қойтас а.
15120;15110;635635000;Бастаушы а.о.
15121;15120;635635100;Бастаушы а.
15122;15120;635635200;Көкжота а.
15123;15110;635637000;Құлынжон а.о.
15124;15123;635637100;Құлынжон а.
15125;15123;635637200;Көкжыра а.
15126;15110;635639000;Мариногор а.о.
15127;15126;635639100;Мариногорка а.
15128;15126;635639300;Жұмба а.
15129;15126;635639400;Мойылды а.
15130;15110;635641000;Миролюбовка а.о.
15131;15130;635641100;Миролюбовка а.
15132;15130;635641400;Раздольное а.
15133;15110;635643000;Палатцы а.о.
15134;15133;635643100;Палатцы а.
15135;15133;635643280;Қаракөл а.
15136;15133;635643300;Песчанка а.
15137;15133;635643480;Подгорное а.
15138;15110;635645000;Сарыбел а.о.
15139;15138;635645100;Сарыбел а.
15140;15138;635645300;Новостройка а.
15141;14411;635800000;Тарбағатай ауданы
15142;15141;635830000;Ақжар а.о.
15143;15142;635830100;Ақжар а.
15144;15143;635830104;Диірмен а.
15145;15143;635830105;Екібас а.
15146;15143;635830106;Еспе а.
15147;15143;635830107;Қалиғажы а.
15148;15143;635830108;Қарой а.
15149;15143;635830109;Құлдәулет а.
15150;15143;635830112;Мойын а.
15151;15143;635830114;Петька а.
15152;15143;635830115;Сарбұлақ а.
15153;15143;635830116;Серенқамал а.
15154;15142;635830200;Жаңалық а.
15155;15154;635830203;Қасқақ а.
15156;15142;635830300;Жаңатілеу а.
15157;15156;635830302;Өгіз қора а.
15158;15156;635830304;Тоқтамыс 1 а.
15159;15156;635830305;Тоқтамыс 2 а.
15160;15141;635839000;Жаңаауыл а.о.
15161;15160;635839100;Жаңаауыл а.
15162;15161;635839102;Аққора а.
15163;15161;635839103;Боданбай а.
15164;15161;635839107;Қарашоқы а.
15165;15161;635839117;Сана а.
15166;15161;635839118;Талпын 2 а.
15167;15161;635839119;Талпын а.
15168;15161;635839125;Боқпай 1 а.
15169;15161;635839126;Боқпай 2 а.
15170;15161;635839127;Туайт а.
15171;15161;635839128;Баятар а.
15172;15160;635839200;Ахметбұлақ а.
15173;15172;635839202;Ахметбұлақ 1 а.
15174;15172;635839204;Комсомол а.
15175;15172;635839208;Құрманғали а.
15176;15172;635839209;Қызылтас а.
15177;15172;635839211;Тентек а.
15178;15172;635839212;Боқпай 3 а.
15179;15172;635839213;Қазанбай а.
15180;15172;635839214;Құрманғалы 2 а.
15181;15172;635839215;Өскелең а.
15182;15160;635839300;Жаңаталап а.
15183;15182;635839304;Жырғалы а.
15184;15182;635839306;Қуаныш а.
15185;15182;635839308;Қаске а.
15186;15182;635839309;Аушық а.
15187;15182;635839311;Үшбұлақ а.
15188;15182;635839312;Қымызбай а.
15189;15160;635839400;Сарыөлең а.
15190;15189;635839404;Жазике а.
15191;15189;635839413;Ұзынбұлақ а.
15192;15141;635841000;Жетіарал а.о.
15193;15192;635841100;Жетіарал а.
15194;15192;635841200;Асусай а.
15195;15194;635841202;Аққора а.
15196;15194;635841203;Ақтас а.
15197;15194;635841204;Атамбай а.
15198;15194;635841205;Ашутас а.
15199;15194;635841206;Бекбау а.
15200;15194;635841207;Бозша а.
15201;15194;635841208;Боуық а.
15202;15194;635841209;Ескі Асусай а.
15203;15194;635841211;Жалғызбастау а.
15204;15194;635841212;Жантемір а.
15205;15194;635841213;Жөке а.
15206;15194;635841214;Келтебұлақ а.
15207;15194;635841215;Көпбай а.
15208;15194;635841216;Қиябай а.
15209;15194;635841217;Мади а.
15210;15194;635841218;Мейрамбай а.
15211;15194;635841219;Метке а.
15212;15194;635841221;Меңдеке а.
15213;15194;635841222;Мыңжан а.
15214;15194;635841223;Лақ а.
15215;15194;635841224;Ортақора
15216;15194;635841225;Сушы а.
15217;15194;635841226;Шалғынбай а.
15218;15192;635841300;Жаңғызтал а.
15219;15218;635841302;Аңқау а.
15220;15218;635841303;Ақтөбе а.
15221;15218;635841304;Қаби а.
15222;15218;635841305;Қараоба а.
15223;15218;635841306;Қызылқора
15224;15218;635841307;Аққора а.
15225;15192;635841400;Қамысты а.
15226;15225;635841402;Әбіш а.
15227;15225;635841403;Айнабастау а.
15228;15225;635841404;Атархан а.
15229;15225;635841405;Балық а.
15230;15225;635841406;Бөлтек а.
15231;15225;635841407;Жабағы а.
15232;15225;635841408;Жаңалық а.
15233;15225;635841409;Қисықмойыншы а.
15234;15225;635841411;Қоңырбай а.
15235;15225;635841412;Қызылкесік а.
15236;15225;635841413;Мойынтам а.
15237;15225;635841414;Мұздыбұлақ а.
15238;15225;635841415;Нұржан а.
15239;15225;635841416;Ноқаш а.
15240;15225;635841417;Өтембай а.
15241;15225;635841418;Сауытбай а.
15242;15225;635841419;Семсербай а.
15243;15225;635841421;Сөйлесбай а.
15244;15225;635841422;Сыбан а.
15245;15225;635841423;Тесіктас а.
15246;15225;635841424;Тұрлыбай а.
15247;15225;635841425;Тіленші а.
15248;15141;635843000;Кабанбай а.о.
15249;15248;635843100;Қабанбай а.
15250;15249;635843102;Алыбай а.
15251;15249;635843103;Байуәли а.
15252;15249;635843104;Қарамерген а.
15253;15248;635843200;Қазақстан а.
15254;15253;635843202;Ақмектеп а.
15255;15253;635843203;Балшықбай а.
15256;15253;635843204;Жұметкен а.
15257;15253;635843205;Қызылқора
15258;15253;635843206;Сәт а.
15259;15248;635843300;Тәуке а.
15260;15259;635843302;Әбділдәбек а.
15261;15259;635843303;Кәмен а.
15262;15259;635843304;Қайса а.
15263;15259;635843305;Тесібақан а.
15264;15248;635843400;Шеңгелді а.
15265;15264;635843402;Деңгелбай а.
15266;15264;635843403;Дөнқора
15267;15264;635843404;Жылыбұлақ а.
15268;15264;635843405;Құлболды а.
15269;15264;635843406;Кјркес а.
15270;15264;635843407;Қарашеңгел а.
15271;15264;635843408;Қызылқора
15272;15264;635843409;ЛСП
15273;15248;635843500;Шорға а.
15274;15273;635843502;Азжіке а.
15275;15273;635843503;Атабай а.
15276;15273;635843504;Дуанбай а.
15277;15273;635843505;Жаманбай а.
15278;15273;635843506;Жылқықора а.
15279;15273;635843507;Екібас 1 а.
15280;15273;635843508;Екібас 2 а.
15281;15273;635843509;Қайса а.
15282;15273;635843511;Қызылсыдық а.
15283;15273;635843512;Ноғай а.
15284;15273;635843513;Сталин а.
15285;15273;635843515;Сарыбас 1 а.
15286;15273;635843517;Тасқұдық а.
15287;15273;635843519;Түйеқора а.
15288;15141;635847000;Қарасу а.о.
15289;15288;635847100;Қарасу а.
15290;15288;635847200;Ақмектеп а.
15291;15290;635847203;Алдаберген а.
15292;15290;635847204;Алшынбай а.
15293;15290;635847205;Батқолда а.
15294;15290;635847206;Долымбек а.
15295;15290;635847207;Бөлекқұм а.
15296;15290;635847211;Қарахан а.
15297;15290;635847213;Құлмаңдай а.
15298;15290;635847215;Қызылқора
15299;15290;635847217;Кіші сейіт а.
15300;15290;635847219;Манақбай а.
15301;15290;635847221;Мырзахан а.
15302;15290;635847223;Тоқабай 1 а.
15303;15290;635847225;Тоқабай 2 а.
15304;15290;635847227;Үлкен сейіт а.
15305;15288;635847400;Жолқұрылысы а.
15306;15288;635847700;Шолақорда а.
15307;15306;635847702;Аманжол а.
15308;15306;635847703;Арғанаты а.
15309;15306;635847704;Армандас а.
15310;15306;635847705;Жиекбай а.
15311;15306;635847706;Ілгідай а.
15312;15306;635847707;Көксеген а.
15313;15306;635847708;Қостөбе а.
15314;15306;635847709;Сембай а.
15315;15306;635847711;Тоқбақбай а.
15316;15288;635847800;Қараой а.
15317;15316;635847803;Қабибазы
15318;15316;635847804;Қалибазы
15319;15316;635847805;Қызылқора
15320;15141;635851000;Құйған а.о.
15321;15320;635851100;Құйған а.
15322;15321;635851102;Әсемет а.
15323;15321;635851103;Ақтеке а.
15324;15321;635851105;Арғанаты а.
15325;15321;635851106;Арғанаты 1 а.
15326;15321;635851107;Арғанаты 2 а.
15327;15321;635851108;Бектас а.
15328;15321;635851109;Болатсу а.
15329;15321;635851111;Жәкі а.
15330;15321;635851112;Жақыпбай а.
15331;15321;635851113;Көкащы а.
15332;15321;635851114;Қызыбай а.
15333;15321;635851115;Қызылқайың а.
15334;15321;635851116;Қызылқора а.
15335;15321;635851117;Қызылшоқы а.
15336;15321;635851118;ЛСП
15337;15321;635851119;Ноғайбай а.
15338;15321;635851121;Сағындық а.
15339;15321;635851123;Тесіпаққан а.
15340;15321;635851124;Шахар а.
15341;15320;635851200;Жалаңаш а.
15342;15341;635851202;Аққора а.
15343;15341;635851203;Алтай а.
15344;15341;635851204;Жайылым
15345;15341;635851205;Жобалай а.
15346;15341;635851206;Ескі Алтай а.
15347;15341;635851207;Еспе а.
15348;15341;635851209;Нұғыман а.
15349;15341;635851211;Сәден
15350;15341;635851212;Жаңасәден а.
15351;15341;635851213;Ескі Сәден а.
15352;15320;635851300;Жамбыл а.
15353;15352;635851302;Айтақ а.
15354;15352;635851303;Ақшал а.
15355;15352;635851304;Ақежантуна а.
15356;15352;635851305;Бегетай а.
15357;15352;635851306;Жарық а.
15358;15352;635851308;Көкбай а.
15359;15352;635851309;Мошан а.
15360;15352;635851311;Ұса а.
15361;15352;635851312;Әкежан а.
15362;15352;635851313;Жаңаалтай а.
15363;15352;635851315;Тұма а.
15364;15141;635857000;Маңырақ а.о.
15365;15364;635857100;Маңырақ а.
15366;15365;635857102;Апақай а.
15367;15365;635857104;Балағазы а.
15368;15365;635857105;Сарашы а.
15369;15365;635857106;Жыланбай а.
15370;15365;635857107;Қайырбайбұлақ а.
15371;15365;635857111;Ленин а.
15372;15365;635857115;Сеңгір а.
15373;15364;635857400;Дәулетбай а.
15374;15373;635857402;Байғонды а.
15375;15373;635857403;Мыңбай а.
15376;15373;635857404;Басбұлақ а.
15377;15373;635857405;Бөгенбай а.
15378;15373;635857408;Дерелі а.
15379;15373;635857409;Иманбай а.
15380;15373;635857412;Көктас а.
15381;15373;635857413;Шолақ бұлақ а.
15382;15373;635857414;Көшкенбай а.
15383;15373;635857415;Қызылащы а.
15384;15373;635857418;Сая а.
15385;15373;635857419;Сиырбозша а.
15386;15141;635863000;Тұғыл а.о.
15387;15386;635863100;Тұғыл а.
15388;15387;635863105;Бәйбіше а.
15389;15386;635863200;Байтоғас а.
15390;15389;635863202;Ақтүбек а.
15391;15389;635863203;Бесшана а.
15392;15389;635863204;Ескі Тұғыл а.
15393;15389;635863205;Қарсақбай а.
15394;15389;635863206;Тайтүзген а.
15395;14411;636200000;Ұлан ауданы
15396;15395;636230000;Қасым Қайсенов а.о.
15397;15396;636230100;Қасым Қайсенов а.
15398;15395;636233000;Аблакетка а.о.
15399;15398;636233100;Сағыр а.
15400;15399;636233102;Ақбауыр уч.
15401;15399;636233103;Жаңбай уч.
15402;15399;636233104;Займка уч.
15403;15399;636233105;Медведка уч.
15404;15399;636233106;Қошанай ж.
15405;15399;636233107;Мақпал ж.
15406;15399;636233108;Қарымсақ ж.
15407;15399;636233109;Қызыл Тас а.
15408;15398;636233200;Бестерек а.
15409;15408;636233202;Алдай уч.
15410;15408;636233203;Тоқсанбай уч.
15411;15408;636233204;Темекі уч.
15412;15408;636233205;Шөже уч.
15413;15408;636233206;Майтас ж.
15414;15408;636233207;Төлекі ж.
15415;15408;636233208;Төменгі Шөже ж.
15416;15398;636233300;Мамай батыр а.
15417;15416;636233302;Қарашоқы уч.
15418;15416;636233304;Қосшар уч.
15419;15398;636233400;Желдіөзек а.
15420;15395;636235000;Азов а.о.
15421;15420;636235100;Жаңа Азов а.
15422;15421;636235180;Азовое а.
15423;15420;636235200;Бетқұдық а.
15424;15395;636237000;Алмасай а.о.
15425;15424;636237100;Алмасай а.
15426;15425;636237105;Заимка в с.Алмасай
15427;15425;636237106;Заимка в с.Б.Утепов
15428;15424;636237200;Баяш Өтепов а.
15429;15424;636237500;Сарыөзек а.
15430;15395;636239000;Асубұлақ а.о.
15431;15430;636239100;Асубұлақ а.
15432;15430;636239200;Белогорское а.
15433;15432;636239205;Нижняя Тайынты а.
15434;15395;636243000;Багратионов а.о.
15435;15434;636243100;Привольное а.
15436;15434;636243200;Митрофановка а.
15437;15395;636249000;Егінсу а.о.
15438;15437;636249100;Ұлан а.
15439;15438;636249102;Боранбай ж.
15440;15438;636249104;Есенгелді ж.
15441;15438;636249105;Жекетап ж.
15442;15438;636249106;Күшікбай ж.
15443;15438;636249107;Саухат ж.
15444;15438;636249108;Сарыбастау ж.
15445;15438;636249109;Таңат ж.
15446;15438;636249111;Жұмақан ж.
15447;15438;636249112;Қасқақ ж.
15448;15438;636249113;Тоғанас ж.
15449;15437;636249200;Бұрсақ а.
15450;15449;636249203;Старая Канайка ж.
15451;15449;636249205;Мырзат ж.
15452;15449;636249206;56 км ж.
15453;15449;636249207;Жосалы ж.
15454;15437;636249300;Жанұзақ а.
15455;15454;636249302;Жыланды ж.
15456;15454;636249303;Қарабастау ж.
15457;15454;636249304;Көрпебай ж.
15458;15395;636253000;Айыртау а.о.
15459;15458;636253100;Айыртау а.
15460;15459;636253102;Сартымбет а.
15461;15459;636253103;Тұқұл а.
15462;15459;636253104;Ұзынбұлақ а.
15463;15459;636253107;Қадышев Лог а.
15464;15458;636253200;Новая Канайка а.
15465;15395;636255000;Каменка а.о.
15466;15465;636255100;Каменка а.
15467;15465;636255300;Тройницкое а.
15468;15395;636257000;Бозанбай а.о.
15469;15468;636257100;Бозанбай а.
15470;15469;636257102;Қындық а.
15471;15469;636257103;Сатай а.
15472;15469;636257104;Тоғанас а.
15473;15469;636257105;Төменгі Ақши а.
15474;15469;636257106;Амен уч.
15475;15469;636257107;Ақши уч.
15476;15469;636257108;Диірмен уч.
15477;15469;636257109;Ақжартас а.
15478;15469;636257111;Мыңшұңқыр а.
15479;15469;636257112;Қызылсу а.
15480;15468;636257200;Алғабас а.
15481;15480;636257202;Қаракезең уч.
15482;15480;636257203;Майтүбек а.
15483;15480;636257205;Сібіркөлі а.
15484;15395;636263000;Огневка а.о.
15485;15484;636263100;Огневка а.
15486;15484;636263200;Смолянка а.
15487;15484;636263400;Жантас а.
15488;15395;636265000;Өскемен а.о.
15489;15488;636265100;Восточное а.
15490;15488;636265200;Донское а.
15491;15488;636265300;Макеевка а.
15492;15488;636265400;Мирное а.
15493;15395;636267000;Саратов а.о.
15494;15493;636267100;Саратовка а.
15495;15493;636267200;Жаңа Одесса а.
15496;15493;636267300;Отрадное а.
15497;15395;636269000;Таврия а.о.
15498;15497;636269100;Таврическое а.
15499;15497;636269200;Ақтөбе а.
15500;15497;636269300;Пролетарка а.
15501;15497;636269400;Гагарино а.
15502;15501;636269403;Орталық ж.
15503;15501;636269407;Южное а.
15504;15395;636273000;Тарғын а.о.
15505;15504;636273100;Тарғын а.
15506;15504;636273300;Жоғарғы Тайынты а.
15507;15504;636273400;Манат а.
15508;15504;636273500;Ізгүтті Айтыков а.
15509;15395;636275000;Төлеген Тоқтаров а.о.
15510;15509;636275100;Герасимовка а.
15511;15509;636275300;Казачье а.
15512;15509;636275600;Украинка а.
15513;15512;636275603;Земляники қыстауы
15514;14411;636300000;Үлкен Нарын ауданы
15515;15514;636330000;Үлкен Нарын а.о.
15516;15515;636330100;Үлкен Нарын а.
15517;15515;636330200;Балғын а.
15518;15515;636330300;Жұлдыз а.
15519;15515;636330400;Көктерек а.
15520;15515;636330500;Свинчатка а.
15521;15515;636330600;Көкбастау а.
15522;15514;636333000;Алтынбел а.о.
15523;15522;636333100;Алтынбел а.
15524;15522;636333200;Егінді а.
15525;15522;636333300;Майемер а.
15526;15522;636333500;Үштөбе а.
15527;15514;636335000;Новополяковка а.о.
15528;15527;636335100;Новополяковка а.
15529;15527;636335200;Бесүй а.
15530;15527;636335400;Қаражал а.
15531;15530;636335402;Ульяновка а.
15532;15530;636335403;Красная Поляна а.
15533;15527;636335500;Сенное а.
15534;15514;636337000;Ново-Хайрузовка а.о.
15535;15534;636337100;Ново-Хайрузовка а.
15536;15534;636337200;Алыбай а.
15537;15534;636337400;Приморское а.
15538;15514;636339000;Солдатово а.о.
15539;15538;636339100;Солдатово а.
15540;15514;636341000;Солонов а.о.
15541;15540;636341100;Солоновка а.
15542;15540;636341200;Кіші Нарым а.
15543;14411;636800000;Шемонаиха ауданы
15544;15543;636820000;Шемонаиха қ.ә.
15545;15544;636820100;Шемонайха қ.
15546;15543;636835000;Вавилон а.о.
15547;15546;636835100;Қамысты а.
15548;15546;636835200;Горкуново а.
15549;15546;636835300;Кенюхово а.
15550;15546;636835400;Пруггерово а.
15551;15546;636835500;Сугатовка а.
15552;15543;636837000;Волчан а.о.
15553;15552;636837100;Волчанка а.
15554;15552;636837200;Березовка а.
15555;15554;636837208;Моисеевка а.
15556;15554;636837209;Трехгорное а.
15557;15552;636837500;Кандыковка а.
15558;15552;636837600;Крюковка а.
15559;15552;636837900;Үлкенөзен а.
15560;15543;636839000;Выдриха а.о.
15561;15560;636839100;Выдриха а.
15562;15560;636839200;Межовка а.
15563;15543;636841000;Жоғарғыоба а.о.
15564;15563;636841100;Жоғарғыоба а.
15565;15564;636841109;Зауба а.
15566;15543;636843000;Зевакин а.о.
15567;15566;636843100;Зевакино а.
15568;15566;636843200;Новая Убинка а.
15569;15566;636843400;Убинка а.
15570;15543;636845000;Каменев а.о.
15571;15570;636845100;Рассыпное а.
15572;15571;636845105;Волчовка а.
15573;15571;636845107;Новоселово а.
15574;15570;636845300;Коневка а.
15575;15570;636845400;Михайловка а.
15576;15570;636845700;Рулиха а.
15577;15576;636845709;Шапорево а.
15578;15543;636847000;Октябрь а.о.
15579;15578;636847100;Октябрское а.
15580;15579;636847103;Садовое а.
15581;15579;636847105;Лазовое а.
15582;15578;636847300;Луговое а.
15583;15543;636849000;Разин а.о.
15584;15583;636849100;Красная Шемонаиха а.
15585;15584;636849109;Қазақстан р.
15586;15583;636849200;Белый Камень а.
15587;15583;636849400;Медведка а.
15588;15543;636857000;Первомай а.о.
15589;15588;636857100;Первомайский а.
15590;15588;636857200;Барашки а.
15591;15588;636857300;Ново-Ильинка а.
15592;15591;636857311;Фестивальная ст.
15593;15543;636863000;Усть-Таловка а.о.
15594;15593;636863100;Усть-Таловка а.
15595;15593;636863200;Березовка а.
15596;15593;636863400;Половинка а.
15597;0;710000000;Астана қ.
15598;15597;711110000;Алматы ауданы
15599;15597;711210000;Есіл ауданы
15600;15597;711310000;Сарыарқа ауданы
15601;15597;711410000;Байқоңыр ауданы
15602;15597;711510000;Нұра ауданы
15603;15597;711610000;Сарайшық ауданы
15604;0;750000000;Алматы қ.
15605;15604;751110000;Алмалы ауданы
15606;15604;751210000;Алатау ауданы
15607;15604;751310000;Әуезов ауданы
15608;15604;751410000;Бостандық ауданы
15609;15604;751510000;Жетісу ауданы
15610;15604;751710000;Медеу ауданы
15611;15604;751810000;Наурызбай ауданы
15612;15604;751910000;Түрксіб ауданы
15613;0;790000000;Шымкент қ.
15614;15613;791110000;Абай ауданы
15615;15613;791310000;Әл Фараби ауданы
15616;15613;791510000;Еңбекші ауданы
15617;15613;791710000;Қаратау ауданы
15618;15613;791910000;Тұран ауданы
